Age,Tenure,Monthly Charges,Total Charges,Support Calls,Internet Usage,Gender_Male,City_Colombo,City_Galle,City_Jaffna,City_Kandy,City_Kurunegala,City_Negombo,Contract Type_One Year,Contract Type_Two Year,Payment Method_Cash,Payment Method_Credit Card,Payment Method_Online Payment,Churn
56.0,18,48538.06,720361.85,7,52.83,0,0,0,1,0,0,0,0,0,1,0,0,0
69.0,31,36750.71,2663536.69,12,118.66,0,1,0,0,0,0,0,0,0,0,1,0,1
46.0,60,13260.15,1002156.38,14,116.26,1,0,0,0,0,0,0,0,1,0,1,0,0
32.0,37,36484.33,579439.67,11,86.52,1,0,0,1,0,0,0,1,0,0,1,0,0
60.0,21,29176.25,2148088.71,13,299.55,0,0,0,0,0,0,0,1,0,1,0,0,0
25.0,14,6350.26,960613.92,3,23.01,1,0,0,0,0,1,0,0,0,0,0,1,1
38.0,60,9731.62,1003433.08,5,193.24,1,0,0,0,0,0,0,0,1,0,0,1,0
56.0,23,3024.1,2218234.9,6,53.16,0,0,0,0,0,1,0,1,0,1,0,0,0
36.0,29,40652.67,758700.18,12,252.02,0,0,0,1,0,0,0,0,1,0,0,0,0
40.0,47,28033.53,2690796.34,0,274.34,0,0,0,0,0,1,0,0,1,0,0,0,0
28.0,30,16520.68,1686457.93,12,121.04,0,0,0,0,1,0,0,0,0,1,0,0,0
28.0,38,7190.9,1615805.97,0,247.22,0,0,0,0,0,1,0,0,1,0,0,0,0
41.0,27,24718.25,797932.94,3,75.72,0,0,0,0,0,0,1,0,1,0,0,0,0
70.0,15,26737.81,2506107.55,2,42.88,1,0,0,1,0,0,0,0,0,0,0,1,0
53.0,59,35395.48,1720384.9,9,95.45,1,1,0,0,0,0,0,1,0,1,0,0,1
57.0,3,48526.92,470772.06,3,103.16,0,0,0,0,0,0,0,0,1,0,1,0,0
41.0,10,22312.33,622863.22,12,119.81,1,0,1,0,0,0,0,0,0,0,0,1,0
20.0,17,20895.68,1407426.45,12,112.51,0,0,0,1,0,0,0,1,0,1,0,0,0
39.0,11,19126.57,2340027.26,8,123.93,0,0,0,0,0,0,1,0,1,1,0,0,0
70.0,48,41519.27,2818189.34,1,213.3,0,0,0,0,0,1,0,1,0,0,0,1,1
19.0,5,8659.54,1992178.4,13,74.43,0,0,0,0,0,0,0,0,0,0,0,0,1
41.0,69,17846.83,1520899.03,3,6.55,1,0,0,0,1,0,0,0,1,0,0,0,0
61.0,64,36523.57,755942.27,6,147.41,0,1,0,0,0,0,0,0,0,0,0,1,1
47.0,14,1769.05,2020239.54,1,135.04,1,0,0,0,1,0,0,0,0,1,0,0,0
55.0,50,15179.66,2946808.07,7,18.96,0,0,1,0,0,0,0,0,1,0,1,0,0
19.0,26,32430.91,1431286.31,9,41.01,0,0,0,1,0,0,0,0,0,1,0,0,0
38.0,72,10111.65,490614.93,3,153.47,0,0,0,0,0,0,0,1,0,0,1,0,0
50.0,69,15832.82,314505.04,8,71.19,1,0,0,1,0,0,0,0,0,0,1,0,0
29.0,7,24816.21,811422.27,13,263.4,0,0,0,0,0,0,1,0,1,1,0,0,1
39.0,16,21679.15,1710478.85,0,52.81,0,0,0,1,0,0,0,0,1,1,0,0,0
61.0,55,6195.33,2840681.88,6,7.02,0,1,0,0,0,0,0,1,0,1,0,0,1
42.0,56,46973.53,900999.42,0,134.82,1,0,1,0,0,0,0,0,1,0,1,0,0
66.0,4,3170.34,919646.56,10,295.86,1,0,0,0,1,0,0,0,0,0,0,0,1
44.0,48,37737.4,1446133.08,9,190.53,1,0,1,0,0,0,0,0,0,0,1,0,0
59.0,17,4499.72,2756034.29,10,106.85,0,0,0,0,0,0,0,0,1,0,1,0,0
45.0,36,23897.49,1260069.88,8,6.04,1,0,0,1,0,0,0,1,0,0,1,0,1
33.0,70,9595.15,673572.03,13,146.0,0,0,0,0,0,0,0,1,0,0,0,1,1
32.0,38,7913.79,493577.09,11,62.73,1,0,0,0,1,0,0,0,1,0,0,0,0
44.0,62,7169.0,1373761.03,9,194.68,1,0,0,0,0,0,0,0,0,0,1,0,0
68.0,48,23186.55,2403028.92,11,175.32,0,0,0,0,0,0,1,0,1,0,1,0,0
61.0,10,26258.76,877600.45,12,80.3,1,0,1,0,0,0,0,0,1,0,0,1,1
44.0,36,7535.84,1540005.3,9,21.6,0,0,0,0,1,0,0,1,0,0,1,0,0
20.0,29,48990.39,1811009.78,11,226.75,0,0,0,0,1,0,0,0,0,0,0,0,0
54.0,4,13630.53,1354158.88,0,176.05,1,0,0,0,0,1,0,1,0,0,1,0,0
68.0,44,23483.23,579112.27,2,252.8,0,0,0,0,1,0,0,1,0,0,0,0,0
24.0,56,11597.21,2765628.31,11,78.68,0,0,0,0,0,1,0,0,0,0,0,0,0
38.0,42,25202.21,1698520.46,6,196.21,1,1,0,0,0,0,0,0,0,1,0,0,0
26.0,13,38044.81,2188757.48,13,36.49,1,0,0,0,0,1,0,0,0,0,0,1,0
56.0,46,26534.0,1909948.8,15,88.25,0,0,1,0,0,0,0,0,1,0,0,1,1
35.0,33,14996.79,2994153.83,12,197.31,1,0,0,0,0,0,0,0,0,0,0,1,0
21.0,21,13171.43,1371648.85,0,247.85,0,0,0,0,0,1,0,0,1,1,0,0,0
42.0,57,38187.79,1277792.26,14,96.96,0,0,0,0,1,0,0,1,0,1,0,0,0
31.0,69,6793.67,1083618.9,4,239.86,1,0,1,0,0,0,0,0,0,0,0,0,1
67.0,70,19128.36,1088077.24,5,203.65,1,0,0,0,0,1,0,0,1,0,0,1,1
26.0,67,8422.65,830931.78,13,105.25,1,0,0,0,0,1,0,0,1,1,0,0,0
44.0,48,13640.82,2941987.22,2,263.04,1,0,0,0,1,0,0,0,1,1,0,0,1
70.0,33,8481.48,2612992.19,15,153.26,0,0,0,0,0,0,1,0,1,1,0,0,0
19.0,36,44451.85,953435.65,12,194.83,0,0,0,0,0,0,1,1,0,0,0,0,0
37.0,33,36863.31,919160.99,5,149.19,1,0,0,0,0,1,0,0,0,0,1,0,0
45.0,31,28485.44,315084.29,3,136.36,1,0,0,0,0,0,1,0,0,1,0,0,0
64.0,21,11996.84,2631707.43,5,254.55,0,0,0,1,0,0,0,0,0,1,0,0,0
24.0,27,26001.11,1118439.32,5,89.12,0,0,0,0,1,0,0,0,0,1,0,0,0
61.0,72,26520.83,1719983.1,15,11.95,0,0,0,1,0,0,0,0,0,0,0,1,0
25.0,62,29929.78,2701631.3,3,264.06,0,0,1,0,0,0,0,0,0,0,0,1,0
64.0,26,3944.17,1227261.44,0,247.68,1,0,0,1,0,0,0,0,1,1,0,0,0
52.0,66,48672.2,2421569.79,2,110.6,0,0,1,0,0,0,0,0,0,0,0,0,1
31.0,12,23806.51,1293705.45,10,56.45,0,0,0,0,0,1,0,0,1,0,1,0,0
34.0,22,46400.06,2104318.11,9,202.98,1,0,1,0,0,0,0,1,0,0,0,1,1
53.0,17,1480.6,1296397.3,6,24.55,0,0,1,0,0,0,0,0,1,0,1,0,0
67.0,7,13130.36,1181313.61,1,127.7,0,0,0,0,0,0,0,1,0,1,0,0,0
57.0,68,6095.78,2972174.17,3,26.67,1,0,0,1,0,0,0,0,0,0,0,1,0
21.0,37,38711.19,1838987.78,5,179.77,1,0,0,0,0,0,0,1,0,0,1,0,0
19.0,38,16686.13,1105336.59,4,9.14,1,0,0,0,0,1,0,1,0,1,0,0,0
23.0,11,42184.13,777169.33,13,189.14,0,0,0,0,1,0,0,0,1,0,0,1,0
59.0,1,41786.88,124100.28,5,202.29,0,0,0,1,0,0,0,0,1,1,0,0,0
21.0,25,33721.94,2121166.19,4,146.66,1,0,0,0,1,0,0,1,0,0,0,1,0
46.0,42,33623.31,1119611.5,8,53.33,1,0,0,0,1,0,0,1,0,0,1,0,0
35.0,52,35307.82,2464656.22,10,31.32,0,0,1,0,0,0,0,0,0,0,1,0,0
43.0,24,34014.43,1094786.04,15,94.67,1,0,0,1,0,0,0,0,1,0,0,1,1
61.0,53,19958.51,1123120.93,11,140.1,1,0,0,0,1,0,0,1,0,0,0,0,1
51.0,56,34458.55,2338647.11,12,193.02,1,0,0,0,0,0,1,0,1,1,0,0,0
27.0,63,44972.94,1470952.64,15,1.37,0,0,0,0,1,0,0,0,0,0,1,0,1
53.0,8,17296.1,2655259.84,1,213.61,0,0,0,0,0,0,1,0,0,0,0,0,0
31.0,59,47299.56,1772456.59,3,214.1,0,0,0,1,0,0,0,1,0,0,0,1,0
48.0,45,1665.5,725731.22,0,133.92,0,0,0,0,0,1,0,0,0,0,1,0,1
65.0,27,18105.04,1706974.2,11,103.68,0,0,0,0,0,0,0,1,0,0,1,0,0
32.0,52,7472.82,16985.02,12,252.85,0,0,0,1,0,0,0,0,1,1,0,0,0
25.0,18,7204.37,940630.14,6,235.59,1,0,0,0,0,0,0,0,1,0,0,0,1
31.0,16,40956.05,627817.26,0,295.0,0,0,0,0,0,0,0,1,0,1,0,0,0
40.0,66,46000.05,1964292.63,5,112.21,0,0,0,1,0,0,0,1,0,0,0,1,0
57.0,5,39110.15,412435.56,9,272.14,1,0,0,0,1,0,0,1,0,0,1,0,0
38.0,3,48854.17,873841.85,9,27.13,0,1,0,0,0,0,0,0,1,0,0,0,0
33.0,70,11600.12,997269.12,12,124.03,0,0,0,0,1,0,0,0,1,1,0,0,0
62.0,7,7899.2,14863.22,8,140.15,1,0,0,0,1,0,0,0,0,0,0,0,1
35.0,50,26514.49,145065.87,1,132.82,1,0,0,0,0,1,0,0,0,0,0,1,0
64.0,14,41622.84,936822.75,15,187.9,1,0,1,0,0,0,0,0,1,0,1,0,0
70.0,38,2952.12,670957.58,0,51.89,0,0,1,0,0,0,0,0,1,0,0,0,0
41.0,47,49782.72,355135.68,11,260.07,1,0,0,0,1,0,0,1,0,0,0,1,1
43.0,33,30510.05,466714.16,14,165.98,0,0,0,0,0,0,1,0,1,0,0,1,0
42.0,43,48968.15,2507433.2,10,271.36,0,0,0,0,0,1,0,0,1,0,1,0,0
62.0,29,18889.0,2051542.13,10,1.79,0,0,0,0,0,0,0,0,0,1,0,0,0
58.0,57,23443.17,1454932.01,10,189.37,0,0,1,0,0,0,0,0,0,0,1,0,0
46.0,5,37865.71,2727079.95,9,124.32,1,0,0,0,1,0,0,1,0,0,1,0,0
32.0,60,39842.32,93510.61,12,152.02,1,0,0,0,0,1,0,0,0,0,0,0,1
62.0,70,12418.62,1038080.13,2,223.4,0,1,0,0,0,0,0,1,0,0,0,0,1
18.0,2,46560.25,2471034.23,5,68.92,1,0,0,0,0,0,1,0,1,1,0,0,0
42.0,70,43503.73,1886725.54,14,62.26,0,0,0,1,0,0,0,0,1,0,0,1,0
24.0,43,1892.06,2945153.87,12,211.2,0,0,0,0,1,0,0,1,0,0,0,0,0
26.0,4,7299.84,2833822.2,6,156.89,0,0,0,0,0,1,0,0,0,1,0,0,0
41.0,56,25308.76,513977.76,10,70.86,1,0,0,0,1,0,0,0,0,0,1,0,1
18.0,59,23586.82,2916101.06,7,145.72,0,0,0,0,0,0,0,0,1,0,0,1,0
44.0,9,35711.15,2836876.68,3,138.41,0,0,0,0,0,0,1,0,0,0,1,0,0
25.0,3,5395.86,1123964.78,15,207.74,1,0,1,0,0,0,0,1,0,0,0,1,0
41.0,48,32597.91,2948726.47,7,1.8,1,0,1,0,0,0,0,0,1,0,0,0,0
28.0,43,31202.13,112353.24,6,176.44,1,0,1,0,0,0,0,0,0,0,1,0,1
68.0,1,12447.36,1983947.91,10,182.1,1,0,0,1,0,0,0,0,1,0,1,0,0
34.0,57,27577.3,802112.67,7,223.91,0,0,0,0,0,1,0,0,1,0,0,1,0
25.0,53,11888.15,392741.97,4,266.88,1,0,0,0,0,0,1,0,0,1,0,0,0
52.0,16,8199.23,1734717.1,9,132.62,0,0,0,0,0,0,1,1,0,0,0,1,0
52.0,51,29083.61,922519.17,6,103.41,1,0,1,0,0,0,0,0,0,0,0,0,0
50.0,55,48896.24,2002141.9,15,31.59,1,0,1,0,0,0,0,0,0,1,0,0,0
22.0,1,12609.73,1622243.25,13,101.71,1,0,0,0,0,0,0,0,0,0,1,0,1
59.0,28,18411.47,1180805.26,15,21.48,1,1,0,0,0,0,0,0,0,0,1,0,0
56.0,53,13572.09,549557.37,3,241.04,1,1,0,0,0,0,0,0,0,0,1,0,1
58.0,58,14056.53,1805744.34,12,242.29,1,0,0,0,1,0,0,0,0,0,0,0,0
45.0,60,20805.41,2488545.74,0,125.75,0,0,0,0,1,0,0,1,0,0,1,0,1
24.0,59,35390.92,1802013.38,2,78.63,1,0,0,0,0,0,1,0,1,0,1,0,0
26.0,22,2901.42,1833515.05,11,36.29,1,0,0,0,0,0,1,1,0,1,0,0,0
25.0,8,47899.09,1537952.91,9,255.52,1,0,0,1,0,0,0,0,0,0,0,0,1
29.0,49,3267.71,1167779.15,14,263.37,1,0,0,1,0,0,0,1,0,0,1,0,0
51.0,42,44181.41,1375086.83,8,80.62,0,1,0,0,0,0,0,0,1,1,0,0,1
50.0,27,44824.53,2968677.56,14,186.91,1,0,0,0,1,0,0,1,0,0,1,0,1
65.0,39,26699.97,2250257.16,10,78.34,1,1,0,0,0,0,0,0,0,1,0,0,1
40.0,25,7712.84,1294525.59,3,68.31,1,1,0,0,0,0,0,0,1,0,1,0,0
41.0,38,28692.15,1374602.72,13,7.34,1,0,0,0,1,0,0,0,0,0,0,0,1
54.0,24,31802.98,1501397.86,4,173.57,0,0,0,0,0,1,0,0,0,0,0,1,0
52.0,24,43030.19,1979646.01,14,45.83,1,0,0,1,0,0,0,0,1,0,0,0,1
61.0,60,27993.87,1400544.91,2,4.7,0,0,0,0,0,0,0,0,1,1,0,0,0
57.0,50,25186.59,2060106.46,11,32.35,1,0,0,0,0,0,0,0,0,0,1,0,0
39.0,66,42076.27,990917.48,10,94.82,0,0,0,0,0,0,0,1,0,0,0,0,0
44.0,14,49066.64,1234865.7,5,201.08,0,0,0,0,1,0,0,0,1,0,1,0,1
52.0,53,32610.06,2592839.11,3,61.58,1,0,1,0,0,0,0,1,0,0,0,0,0
18.0,32,43844.96,990072.44,4,266.39,1,0,1,0,0,0,0,1,0,1,0,0,1
52.0,48,30338.02,2893488.02,10,87.26,0,0,1,0,0,0,0,0,1,0,0,1,0
44.0,39,34799.61,521652.32,6,100.04,0,0,0,0,0,0,1,1,0,0,0,0,0
64.0,40,34720.19,728831.05,11,66.18,1,0,0,1,0,0,0,0,1,0,1,0,0
31.0,42,35534.56,1393720.85,6,76.89,0,0,0,1,0,0,0,0,1,0,1,0,0
20.0,8,16729.66,2393239.13,8,23.17,0,0,0,0,0,1,0,0,1,0,1,0,1
18.0,26,29207.41,2196068.56,1,89.14,0,0,0,0,0,1,0,0,1,1,0,0,1
22.0,12,30112.64,527525.72,13,258.03,1,1,0,0,0,0,0,1,0,1,0,0,1
43.0,43,16438.51,713871.65,3,206.84,0,1,0,0,0,0,0,1,0,0,0,1,0
31.0,51,18142.77,1727912.65,14,262.71,0,0,0,0,0,1,0,0,1,0,1,0,1
56.0,63,38350.09,889018.41,7,32.35,0,0,0,0,0,0,0,0,1,0,0,1,0
44.0,49,29553.47,1269864.35,15,137.23,1,0,1,0,0,0,0,0,1,0,1,0,0
26.0,27,8311.35,1462349.56,3,69.55,1,0,0,0,0,0,0,0,1,0,0,0,0
32.0,9,42044.21,1784766.79,11,216.64,0,0,1,0,0,0,0,0,0,0,0,0,0
32.0,39,25186.59,756898.72,15,291.1,1,0,0,0,0,0,0,1,0,0,0,0,0
43.0,65,23840.92,493604.73,2,244.79,0,1,0,0,0,0,0,1,0,0,1,0,0
59.0,71,11236.46,1198697.35,13,11.55,1,0,0,0,0,0,0,0,1,0,0,0,0
30.0,71,47432.72,250668.54,9,95.68,1,0,0,0,0,0,0,0,0,0,1,0,0
68.0,7,44231.21,1582661.69,5,9.55,0,0,0,0,1,0,0,0,0,0,0,1,0
49.0,72,12974.71,2519617.45,2,13.01,1,0,0,0,0,0,0,0,0,1,0,0,0
56.0,67,5684.09,361332.1,14,24.78,1,0,0,0,1,0,0,0,1,0,0,0,1
66.0,10,22592.03,342627.94,11,83.62,1,0,0,1,0,0,0,0,0,0,1,0,0
69.0,71,34143.45,245252.31,13,91.96,0,0,0,0,0,0,1,0,1,0,1,0,0
49.0,53,9594.04,2544344.56,11,120.74,1,0,0,0,0,0,0,0,0,0,0,1,0
21.0,57,26147.42,246711.16,1,122.07,1,0,0,1,0,0,0,0,1,0,0,1,0
47.0,27,21845.36,2950468.8,8,231.65,0,0,0,0,0,1,0,0,1,1,0,0,0
54.0,54,44637.01,1078202.23,2,43.28,1,0,0,0,0,1,0,1,0,0,0,1,0
40.0,4,22048.77,989642.67,0,48.16,1,0,0,0,1,0,0,0,1,1,0,0,1
56.0,23,27155.04,279437.1,13,188.35,1,0,0,0,0,0,0,0,0,1,0,0,0
62.0,48,47809.02,1758995.43,11,171.95,1,0,0,0,0,0,0,1,0,0,0,1,1
32.0,42,15684.9,1759717.23,14,47.05,1,1,0,0,0,0,0,0,0,1,0,0,0
60.0,3,15160.56,1483948.45,14,255.83,0,0,0,1,0,0,0,0,1,0,0,0,1
46.0,3,40180.16,936505.34,11,99.39,0,0,1,0,0,0,0,1,0,1,0,0,1
53.0,28,14599.41,1108899.77,12,110.72,1,0,1,0,0,0,0,0,1,0,1,0,1
30.0,63,41761.43,964907.66,12,126.72,1,1,0,0,0,0,0,0,1,0,1,0,0
49.0,31,5681.24,1281308.49,8,97.49,1,0,0,0,1,0,0,0,0,0,1,0,0
24.0,10,6451.8,1028655.38,4,167.68,0,0,1,0,0,0,0,0,0,0,0,1,0
68.0,49,45164.85,2028174.37,6,117.21,0,0,1,0,0,0,0,0,0,0,1,0,0
39.0,21,27499.8,890880.48,13,78.57,1,0,0,0,0,1,0,1,0,0,0,1,0
45.0,53,36221.9,1055760.5,15,271.44,1,0,0,0,0,1,0,0,0,0,1,0,0
19.0,54,12039.16,1309202.35,1,93.2,0,0,0,0,0,0,1,0,1,1,0,0,0
59.0,57,9147.44,16865.69,13,209.85,1,0,0,1,0,0,0,1,0,0,0,1,1
62.0,20,41912.76,1478787.31,0,104.82,0,0,0,0,1,0,0,0,0,0,1,0,0
70.0,49,18572.55,771180.31,5,131.13,0,0,0,0,0,0,0,0,0,1,0,0,1
23.0,7,23296.6,173170.61,12,71.55,1,0,0,1,0,0,0,0,0,0,0,1,0
45.0,29,2370.62,2733508.79,4,225.95,0,0,0,0,1,0,0,0,1,1,0,0,1
45.0,48,19908.16,970644.11,9,221.42,1,0,1,0,0,0,0,0,0,1,0,0,0
61.0,13,38751.45,1281125.36,15,7.65,1,0,0,0,0,0,1,0,1,1,0,0,0
61.0,3,41242.48,2482892.76,5,19.0,1,0,0,1,0,0,0,1,0,0,0,1,1
37.0,2,35238.98,504532.97,1,276.79,1,0,1,0,0,0,0,0,0,0,0,1,0
47.0,16,34916.81,2551674.88,6,266.76,1,0,0,0,1,0,0,0,1,0,0,0,0
28.0,6,25805.72,728705.65,0,152.32,1,0,0,1,0,0,0,0,0,0,0,0,1
45.0,45,27378.14,1769168.49,10,148.51,0,0,0,0,0,0,0,0,0,0,0,0,0
42.0,71,37388.96,2058606.75,7,243.91,0,0,0,1,0,0,0,1,0,0,0,0,0
56.0,5,13117.79,2715516.77,13,42.4,0,0,1,0,0,0,0,1,0,0,0,1,0
50.0,56,12344.34,1824875.79,6,196.46,0,0,0,1,0,0,0,0,1,0,0,0,1
18.0,71,47546.32,1362429.24,6,143.32,1,0,0,0,0,0,0,0,1,0,1,0,1
44.0,32,2356.8,1718946.71,5,223.26,0,0,0,0,0,0,1,0,1,0,0,0,0
69.0,49,7833.81,610236.98,9,10.0,0,0,0,0,0,0,1,1,0,0,1,0,0
30.0,13,28946.29,2068777.63,4,178.22,0,0,1,0,0,0,0,0,1,0,1,0,0
58.0,30,37153.91,564707.73,8,167.46,1,0,0,0,1,0,0,1,0,1,0,0,0
20.0,25,27356.66,1673956.6,2,252.41,0,0,1,0,0,0,0,1,0,1,0,0,0
56.0,60,18398.14,1944572.97,13,203.37,1,0,0,0,0,0,1,0,0,1,0,0,1
23.0,59,48920.83,2696256.63,8,264.17,0,1,0,0,0,0,0,0,0,0,0,0,0
25.0,28,35488.78,1353318.53,4,266.29,1,1,0,0,0,0,0,0,1,0,0,1,1
44.0,58,41738.15,2327123.01,7,123.04,1,0,0,1,0,0,0,1,0,0,1,0,0
26.0,20,2972.1,506753.81,10,42.09,0,0,0,0,0,0,0,1,0,0,0,1,0
54.0,34,12560.09,472808.45,2,189.45,1,0,0,0,0,1,0,1,0,0,0,1,0
50.0,5,19334.38,1576770.05,6,262.25,1,0,0,0,0,1,0,0,0,0,0,0,0
68.0,60,9947.47,1791040.59,9,23.41,0,0,0,0,0,1,0,1,0,0,0,1,0
59.0,43,4572.06,1898861.42,3,167.82,0,0,0,1,0,0,0,0,1,0,0,1,1
61.0,57,12029.49,2238293.76,4,35.38,0,1,0,0,0,0,0,0,1,1,0,0,0
41.0,57,27148.15,888319.81,3,9.07,1,0,0,0,0,0,1,0,0,1,0,0,0
44.0,54,35091.52,1869710.13,12,204.21,1,0,0,1,0,0,0,0,1,0,1,0,0
49.0,45,38927.03,568476.67,8,204.87,1,0,0,0,0,1,0,1,0,0,1,0,0
49.0,37,3103.87,660898.14,11,180.6,0,0,0,0,0,1,0,1,0,1,0,0,0
41.0,48,21971.32,206590.12,6,257.91,1,0,1,0,0,0,0,0,1,0,0,0,0
58.0,54,6988.37,2242266.76,13,25.18,1,0,0,0,0,1,0,0,0,0,0,0,0
69.0,48,22128.82,1523443.95,15,32.47,1,0,0,0,0,0,0,1,0,0,1,0,1
66.0,6,22264.82,718366.19,14,259.5,1,0,0,0,0,1,0,1,0,1,0,0,0
66.0,34,25412.37,1670931.99,14,151.48,1,0,1,0,0,0,0,0,0,0,0,0,1
69.0,63,44748.7,1065949.39,5,82.64,1,0,0,0,0,1,0,1,0,0,0,1,0
29.0,48,40449.68,2512443.68,5,221.71,1,0,0,0,0,0,0,0,1,0,1,0,0
56.0,23,32199.32,1586802.9,10,268.43,0,0,0,0,0,0,1,0,1,0,1,0,1
19.0,13,44384.96,94283.11,9,207.19,0,0,0,1,0,0,0,0,0,0,0,1,0
20.0,47,34244.96,2955360.38,6,237.79,0,0,0,0,0,0,0,0,0,0,0,1,0
66.0,44,41123.89,227524.12,4,85.47,1,0,1,0,0,0,0,0,1,0,1,0,1
54.0,32,28625.14,2089394.78,9,87.34,1,0,0,1,0,0,0,0,0,0,0,1,0
66.0,26,26735.69,1314581.24,12,259.37,0,0,0,1,0,0,0,0,1,0,0,0,0
34.0,53,36480.76,751706.83,13,184.84,1,0,1,0,0,0,0,0,0,0,1,0,1
66.0,14,1964.78,2030992.41,2,71.01,0,1,0,0,0,0,0,0,1,0,0,0,0
19.0,52,34828.5,382062.57,10,157.72,1,0,0,0,0,1,0,1,0,0,1,0,0
19.0,36,46791.39,2575448.86,10,206.07,1,0,0,0,0,0,0,1,0,0,0,0,0
45.0,8,35983.16,755582.9,2,66.35,0,0,1,0,0,0,0,0,1,1,0,0,1
40.0,40,2802.89,1087553.71,6,196.82,0,0,0,0,0,0,1,1,0,0,0,0,0
54.0,22,19516.4,1899767.69,10,13.6,0,0,0,0,1,0,0,0,1,0,0,1,0
49.0,16,40669.48,8082.8,13,91.8,0,0,1,0,0,0,0,0,0,1,0,0,0
50.0,60,47971.82,1420882.1,9,202.52,0,0,0,0,0,1,0,1,0,0,1,0,1
18.0,60,19138.0,2683275.52,0,45.66,1,0,0,0,0,1,0,1,0,0,0,0,0
36.0,10,42218.51,2042844.85,3,67.44,1,0,0,1,0,0,0,1,0,0,1,0,1
19.0,25,43326.68,1166761.59,9,263.85,1,0,0,1,0,0,0,0,1,1,0,0,0
70.0,31,7041.03,1982971.16,13,202.62,0,0,1,0,0,0,0,1,0,0,0,1,1
61.0,21,42443.63,2810025.43,7,150.18,0,0,0,0,1,0,0,0,0,0,0,1,1
43.0,33,16888.24,567476.92,3,64.06,0,0,1,0,0,0,0,1,0,0,0,1,0
49.0,31,30068.65,1597764.99,0,103.08,0,0,0,0,1,0,0,0,0,0,1,0,1
23.0,21,27409.14,708039.06,4,172.72,0,0,0,0,1,0,0,1,0,0,0,1,0
49.0,36,33489.64,2563402.79,14,47.44,0,0,0,0,0,1,0,1,0,0,0,1,0
21.0,65,37282.77,2164545.5,0,145.04,1,1,0,0,0,0,0,0,0,0,1,0,0
28.0,4,22603.17,2404222.38,8,123.28,1,0,0,0,0,1,0,1,0,0,1,0,1
34.0,68,44527.23,2829320.5,7,143.53,1,0,0,0,0,0,1,0,0,1,0,0,0
55.0,4,40665.42,700764.79,13,32.56,1,0,0,0,0,1,0,0,0,0,0,1,0
41.0,9,39485.63,150913.92,6,32.84,1,0,0,0,0,0,0,0,0,1,0,0,0
22.0,30,23454.1,876256.64,4,289.27,0,0,0,1,0,0,0,1,0,0,0,0,0
69.0,45,2841.07,1200422.23,3,293.83,0,0,0,1,0,0,0,1,0,0,0,0,0
51.0,4,25120.56,1877353.62,6,128.42,0,0,0,0,1,0,0,0,0,0,0,0,0
23.0,69,45023.83,2394125.16,2,236.91,0,0,0,1,0,0,0,1,0,0,0,0,0
39.0,23,10332.06,1052660.85,7,197.08,0,1,0,0,0,0,0,0,1,0,1,0,0
28.0,16,49147.03,1423123.48,4,35.96,0,0,0,0,1,0,0,0,0,1,0,0,0
65.0,22,40576.84,2357474.46,4,89.71,1,0,0,1,0,0,0,0,0,1,0,0,0
33.0,72,35781.66,679859.54,0,94.78,0,1,0,0,0,0,0,0,1,0,1,0,1
50.0,48,34180.84,655310.12,12,179.14,0,0,0,0,0,0,1,0,1,0,0,0,1
26.0,62,29764.27,1769752.8,14,174.41,0,0,0,1,0,0,0,0,0,1,0,0,1
23.0,60,36312.85,1310990.21,9,277.13,0,1,0,0,0,0,0,0,1,0,0,1,1
33.0,5,21673.37,2846945.93,14,237.22,1,0,1,0,0,0,0,0,0,0,1,0,1
46.0,7,42419.12,1074306.48,10,257.2,1,0,0,0,0,0,0,1,0,0,1,0,0
20.0,51,35120.95,2279869.03,7,267.48,0,0,1,0,0,0,0,0,1,0,0,1,0
37.0,65,38791.4,1751362.77,6,240.58,1,1,0,0,0,0,0,0,0,0,0,0,0
53.0,9,39831.88,168455.4,0,100.53,1,0,0,0,1,0,0,0,0,0,0,0,0
36.0,45,5511.43,257734.72,11,65.29,0,1,0,0,0,0,0,0,0,1,0,0,0
43.0,47,3726.4,613453.68,11,171.96,0,0,0,0,0,1,0,0,1,0,0,1,0
20.0,67,40248.31,433742.11,3,207.18,0,0,0,0,0,1,0,1,0,1,0,0,0
36.0,24,13709.82,991467.61,3,116.58,0,0,0,0,1,0,0,1,0,0,0,0,0
37.0,10,29516.52,1739071.8,11,254.65,0,0,0,1,0,0,0,0,1,1,0,0,1
49.0,48,22741.83,1809075.82,8,288.21,1,0,0,0,0,1,0,0,0,0,0,1,0
24.0,35,2079.92,1765364.52,9,171.25,0,0,1,0,0,0,0,0,0,0,0,1,0
69.0,54,2973.78,357237.86,1,137.52,0,0,0,0,1,0,0,0,0,0,0,1,0
58.0,71,41529.14,1802675.11,3,253.02,0,0,0,0,1,0,0,0,1,0,0,0,1
50.0,16,30776.2,1232191.93,9,8.26,1,0,0,0,0,1,0,0,1,0,1,0,0
57.0,53,26668.31,2709642.73,2,39.57,0,0,1,0,0,0,0,0,0,0,1,0,1
56.0,40,47273.25,2736392.67,9,253.85,0,0,0,0,0,0,1,0,0,0,1,0,0
35.0,20,9482.64,2305680.61,14,219.88,0,0,0,0,1,0,0,0,0,1,0,0,0
57.0,69,13640.57,2110805.92,4,125.42,1,0,0,0,0,1,0,0,1,0,0,1,0
18.0,45,38080.21,349283.39,11,266.77,0,0,0,0,0,0,0,0,1,0,0,0,1
28.0,6,38986.53,258659.16,6,106.09,0,1,0,0,0,0,0,1,0,0,1,0,0
45.0,69,20839.96,2523296.9,4,190.52,0,0,0,1,0,0,0,0,0,0,1,0,0
42.0,49,47597.94,1283912.37,4,190.67,1,0,0,0,1,0,0,0,0,1,0,0,0
67.0,39,46974.47,1356830.01,3,56.12,0,0,0,0,0,0,0,1,0,1,0,0,0
40.0,2,1608.08,2544140.3,13,86.17,0,0,0,0,0,0,0,0,0,0,1,0,0
48.0,39,9444.07,1866185.72,8,274.89,0,0,0,0,1,0,0,1,0,0,0,1,0
47.0,21,41190.75,542324.69,5,55.84,1,0,0,0,0,0,1,0,1,0,0,1,0
59.0,40,17425.62,636984.62,9,52.9,0,1,0,0,0,0,0,1,0,1,0,0,1
52.0,54,5677.67,24099.62,5,144.41,0,0,0,1,0,0,0,1,0,1,0,0,0
24.0,12,39464.96,2133456.93,10,28.57,0,0,0,0,1,0,0,0,1,0,0,1,0
33.0,37,23274.59,1459406.92,5,268.49,1,0,0,1,0,0,0,0,0,1,0,0,0
43.0,38,25128.13,2850141.92,5,30.94,1,0,1,0,0,0,0,1,0,1,0,0,0
65.0,15,10132.1,2143468.34,0,185.35,0,0,0,0,0,0,0,1,0,0,0,1,0
69.0,7,33383.86,313942.22,15,102.59,1,0,0,0,0,0,0,0,0,0,0,1,0
66.0,50,28010.82,488816.67,10,241.48,1,0,0,0,1,0,0,1,0,0,0,0,0
19.0,65,11126.97,1507665.32,5,177.35,1,0,0,0,1,0,0,0,1,1,0,0,0
18.0,67,17676.24,2774998.14,3,117.1,0,0,1,0,0,0,0,1,0,1,0,0,0
65.0,44,30247.09,745517.01,1,295.18,0,0,0,0,0,0,1,0,0,0,0,0,0
29.0,31,46318.74,2477612.7,5,20.8,1,0,0,0,1,0,0,0,0,1,0,0,1
22.0,43,46098.44,940255.9,0,173.76,1,0,0,0,0,0,0,1,0,1,0,0,1
54.0,48,15107.39,813342.08,11,296.88,1,0,0,1,0,0,0,0,0,0,1,0,0
49.0,61,37045.43,2704671.28,0,207.59,0,1,0,0,0,0,0,0,0,0,1,0,0
26.0,10,39000.43,146488.57,4,222.19,0,0,0,0,0,1,0,1,0,0,1,0,0
58.0,29,40632.33,1983919.41,5,10.6,1,0,0,1,0,0,0,1,0,0,0,0,0
52.0,48,28967.35,134286.71,1,7.39,1,0,0,0,0,0,1,0,0,1,0,0,0
36.0,62,1514.89,2403287.54,9,11.8,1,1,0,0,0,0,0,1,0,0,0,0,0
65.0,13,38322.14,2489066.04,7,297.53,1,0,0,1,0,0,0,0,1,0,0,0,1
33.0,44,6223.28,2680602.94,3,293.88,0,0,0,1,0,0,0,1,0,1,0,0,0
20.0,47,6726.7,562339.73,11,101.02,1,1,0,0,0,0,0,0,0,0,0,1,1
37.0,64,30675.62,377871.98,3,88.0,0,0,0,0,0,1,0,0,1,0,0,1,0
41.0,53,49192.51,1513087.46,9,44.64,1,0,0,0,0,0,1,0,0,1,0,0,0
50.0,44,12884.43,818539.7,13,99.41,1,0,0,0,0,0,0,0,0,0,0,1,0
41.0,28,32644.73,1820860.93,4,111.67,1,0,1,0,0,0,0,0,1,0,1,0,1
69.0,2,15879.03,1543673.14,9,224.74,1,1,0,0,0,0,0,1,0,1,0,0,0
28.0,57,45037.58,438832.07,3,260.02,1,0,0,0,0,1,0,0,0,0,0,0,0
66.0,57,30082.33,2219115.13,10,224.27,0,0,0,0,0,0,0,1,0,0,1,0,0
25.0,34,11166.39,2412334.21,13,194.3,1,0,1,0,0,0,0,1,0,0,0,0,0
53.0,58,13844.42,2889313.85,15,230.0,1,0,0,0,0,1,0,0,1,0,0,1,1
55.0,52,22191.56,1189638.93,4,221.81,1,0,0,0,0,0,1,0,0,1,0,0,0
57.0,29,6980.13,1016516.13,9,143.25,0,0,0,0,1,0,0,0,1,0,1,0,0
37.0,35,4857.94,580826.65,2,101.42,0,0,0,0,1,0,0,0,1,1,0,0,0
52.0,48,34323.01,546690.84,7,85.55,0,1,0,0,0,0,0,0,0,0,1,0,0
65.0,33,25186.59,966554.59,5,204.13,0,0,0,0,1,0,0,0,0,0,1,0,0
42.0,9,36585.06,2945541.02,7,287.83,1,0,1,0,0,0,0,0,1,0,1,0,0
52.0,48,6392.85,281314.73,14,174.74,1,1,0,0,0,0,0,0,1,1,0,0,0
42.0,67,30883.41,781801.78,14,273.85,1,0,0,0,0,0,0,0,1,0,1,0,0
46.0,36,22722.03,262505.3,4,5.25,0,0,0,0,0,0,1,0,0,0,1,0,0
35.0,71,3841.93,824526.02,6,238.55,1,1,0,0,0,0,0,0,0,1,0,0,0
63.0,44,27695.3,281742.29,9,256.23,1,0,0,0,0,0,0,0,1,0,0,0,0
35.0,60,5057.41,1527385.06,6,189.67,0,1,0,0,0,0,0,0,0,0,0,1,0
19.0,63,41558.27,1317875.18,5,280.28,0,0,0,1,0,0,0,0,0,1,0,0,0
52.0,5,31965.92,526280.74,13,177.38,0,0,0,1,0,0,0,0,0,1,0,0,0
33.0,40,28291.41,528549.64,11,72.92,1,1,0,0,0,0,0,1,0,0,1,0,0
58.0,19,7539.98,1880196.68,9,65.5,1,0,0,0,0,1,0,1,0,1,0,0,1
53.0,47,15085.4,1164428.41,13,167.2,0,0,0,0,1,0,0,0,1,1,0,0,0
50.0,65,25150.92,173303.84,12,272.04,1,0,0,1,0,0,0,1,0,0,0,1,0
21.0,67,32030.89,2760976.84,3,22.64,0,0,0,0,0,1,0,0,1,1,0,0,0
50.0,18,9978.31,1217832.7,5,181.71,0,0,0,0,0,1,0,0,1,0,1,0,0
31.0,50,1434.45,1775187.43,8,231.17,1,0,0,0,0,0,1,0,0,0,0,1,0
38.0,30,17893.25,2656808.79,15,35.51,0,0,0,0,0,0,0,0,1,1,0,0,0
65.0,66,24660.7,1209466.2,10,35.91,0,0,1,0,0,0,0,0,1,0,1,0,0
37.0,5,10037.24,2462876.82,13,110.47,0,0,0,1,0,0,0,0,1,0,0,1,0
25.0,42,25116.11,2744682.91,14,82.89,1,1,0,0,0,0,0,0,1,1,0,0,1
24.0,5,17585.81,526331.81,11,60.3,0,0,0,0,1,0,0,0,0,0,1,0,0
20.0,50,23299.39,2678014.92,3,60.41,0,0,1,0,0,0,0,0,0,0,0,1,0
34.0,58,18025.43,363898.18,12,40.07,0,0,0,0,0,0,0,0,1,0,1,0,0
50.0,8,31794.92,829006.59,5,183.65,0,0,0,0,0,1,0,1,0,0,0,1,0
65.0,31,3101.95,2425593.29,5,206.75,0,0,0,0,0,0,0,1,0,1,0,0,1
29.0,12,9374.36,2702550.22,12,211.18,0,0,0,1,0,0,0,0,1,0,0,0,0
68.0,21,22204.79,2053995.67,2,160.17,0,0,0,0,0,0,0,0,0,0,0,1,1
39.0,62,18458.54,318953.42,15,285.92,1,0,0,0,0,0,0,0,1,1,0,0,0
39.0,33,20189.97,1571361.87,12,264.28,1,0,0,0,1,0,0,0,1,0,0,1,0
63.0,26,40384.27,1720039.16,3,287.33,0,0,0,0,0,1,0,0,0,0,0,0,1
47.0,40,44430.25,849169.89,2,117.25,1,0,0,0,1,0,0,1,0,0,1,0,0
55.0,65,13184.77,2973930.94,14,263.46,1,0,0,0,1,0,0,0,1,0,0,0,0
55.0,59,41983.16,1010205.73,2,229.1,0,1,0,0,0,0,0,0,0,0,0,0,0
62.0,15,23480.7,634713.03,9,102.65,1,0,0,0,0,0,0,0,0,0,1,0,0
68.0,1,14417.21,334857.41,11,32.87,0,0,0,0,0,0,0,0,1,0,0,0,0
25.0,11,49287.35,1138611.28,3,205.1,0,0,0,0,0,0,0,0,0,1,0,0,0
44.0,55,41415.29,2079392.98,12,41.8,0,0,0,0,0,0,1,0,1,0,0,1,0
44.0,2,49718.41,698094.19,3,88.84,0,0,0,0,1,0,0,1,0,0,0,0,0
51.0,65,9241.35,2309784.93,5,150.61,0,0,1,0,0,0,0,0,1,0,0,1,0
38.0,44,8048.29,410526.8,12,204.28,1,0,0,1,0,0,0,1,0,0,0,1,1
47.0,16,25665.52,1324201.45,14,277.94,0,0,0,0,0,1,0,0,0,0,1,0,0
50.0,22,32293.54,2108609.35,3,178.38,1,0,1,0,0,0,0,0,1,0,0,0,0
45.0,18,9381.94,410251.66,5,201.75,0,0,0,0,0,1,0,0,0,0,1,0,0
64.0,47,43161.1,1795537.42,1,93.69,0,1,0,0,0,0,0,0,1,0,1,0,1
50.0,30,27068.66,2397862.77,3,206.5,0,1,0,0,0,0,0,0,0,0,0,1,1
22.0,10,21136.15,1788668.94,1,131.9,1,0,0,0,0,1,0,1,0,1,0,0,0
65.0,58,30500.63,1536834.45,14,257.22,0,0,0,0,0,0,0,0,1,0,0,1,1
36.0,62,32112.73,2515707.16,11,118.34,0,0,1,0,0,0,0,0,0,0,1,0,0
21.0,6,3096.38,2956333.95,7,141.01,0,0,0,0,0,0,0,0,1,0,0,0,0
52.0,67,49994.74,548032.29,11,130.34,0,0,0,0,0,0,1,0,1,1,0,0,0
66.0,41,18832.06,2075582.29,8,243.53,1,1,0,0,0,0,0,1,0,1,0,0,1
34.0,43,4015.59,246569.38,6,286.16,0,1,0,0,0,0,0,0,0,0,0,0,0
44.0,18,42763.84,133308.87,5,98.86,1,0,1,0,0,0,0,0,1,0,0,0,0
45.0,58,49657.92,846052.82,7,143.03,0,1,0,0,0,0,0,0,1,1,0,0,1
47.0,60,41001.57,2912904.77,3,212.07,1,0,0,0,0,0,1,0,1,0,1,0,0
46.0,27,42742.24,1658825.98,9,268.72,1,0,0,0,0,0,1,0,1,1,0,0,0
63.0,68,31670.82,808472.68,10,148.62,0,0,0,0,0,0,1,0,1,1,0,0,0
70.0,22,46193.95,402095.36,1,33.56,0,0,0,1,0,0,0,0,0,1,0,0,1
23.0,24,2751.19,2760949.29,13,111.23,1,0,0,0,0,0,1,0,1,0,1,0,1
52.0,40,25186.59,1090287.91,3,165.56,0,0,0,0,0,0,1,0,1,0,0,0,0
44.0,66,33864.8,923558.32,4,125.84,0,0,0,1,0,0,0,0,1,0,0,0,0
54.0,40,3429.66,2574600.48,8,56.78,0,0,0,0,0,0,0,0,0,0,0,0,0
41.0,6,27654.71,1815186.48,4,12.06,1,0,0,0,1,0,0,0,1,0,1,0,1
46.0,18,26237.96,510065.15,8,206.54,0,1,0,0,0,0,0,0,1,0,1,0,0
66.0,30,34885.18,1267424.04,8,297.83,0,0,0,0,0,0,1,1,0,0,0,0,0
63.0,21,4799.04,2785052.05,7,275.84,0,1,0,0,0,0,0,1,0,0,0,1,0
70.0,62,40458.66,2704104.71,4,205.3,1,0,1,0,0,0,0,0,1,0,0,1,0
48.0,10,7830.77,214978.83,13,252.62,0,1,0,0,0,0,0,0,1,0,0,0,0
52.0,13,21514.57,809496.51,11,77.46,1,0,0,0,0,1,0,1,0,0,0,1,1
50.0,9,44183.11,467845.5,1,187.11,0,0,0,0,0,0,0,0,0,0,0,1,0
69.0,68,28466.05,1603766.08,4,19.12,1,0,0,1,0,0,0,0,0,0,0,0,1
38.0,39,19599.95,2251200.03,10,212.45,0,1,0,0,0,0,0,1,0,0,0,0,0
49.0,24,3361.91,890151.92,0,290.99,0,1,0,0,0,0,0,0,1,0,1,0,0
40.0,34,33941.4,2275198.25,7,258.38,1,1,0,0,0,0,0,1,0,0,0,1,0
50.0,61,49340.79,2007803.14,1,160.8,1,0,0,0,1,0,0,0,0,0,0,1,0
20.0,41,45678.02,2186025.52,6,236.83,1,0,0,0,1,0,0,1,0,0,0,0,1
35.0,5,36147.51,2844989.92,14,283.23,0,0,1,0,0,0,0,0,0,1,0,0,1
42.0,50,6159.35,1276712.52,10,65.59,0,0,0,1,0,0,0,0,1,0,0,0,0
59.0,4,12732.56,1030991.23,1,238.18,0,1,0,0,0,0,0,0,1,0,1,0,0
48.0,51,10155.6,2053122.39,11,81.68,0,1,0,0,0,0,0,0,1,1,0,0,0
20.0,52,18417.62,2423633.64,10,263.21,1,1,0,0,0,0,0,0,0,1,0,0,0
57.0,39,12540.34,578378.65,13,30.41,0,1,0,0,0,0,0,1,0,1,0,0,0
63.0,8,12977.53,2541164.8,13,54.29,0,0,0,0,1,0,0,0,1,0,1,0,0
41.0,45,31219.77,178268.21,4,216.46,0,0,0,0,0,0,0,0,0,0,0,1,1
67.0,28,16616.43,24149.29,9,53.26,0,0,0,0,0,0,0,0,1,0,0,0,1
49.0,27,34180.98,479489.31,15,48.26,0,0,1,0,0,0,0,1,0,0,1,0,0
64.0,65,47446.59,2936108.22,15,167.08,0,0,0,0,0,1,0,0,1,0,1,0,0
39.0,34,32285.42,1573078.31,6,250.66,0,0,0,0,0,0,1,0,0,1,0,0,0
40.0,62,37831.18,144469.4,5,81.27,1,0,0,1,0,0,0,0,0,1,0,0,0
19.0,62,37827.44,2991541.17,13,252.5,0,0,0,0,0,0,0,0,1,0,1,0,0
44.0,38,17204.44,2236009.21,12,242.58,0,0,0,0,0,1,0,0,1,0,0,1,0
59.0,26,1732.94,2514825.2,4,174.15,0,1,0,0,0,0,0,0,0,1,0,0,0
19.0,24,3697.35,642756.88,5,194.32,0,0,0,0,0,0,0,0,1,0,1,0,0
43.0,39,14820.95,320821.06,1,13.09,1,0,1,0,0,0,0,0,1,1,0,0,0
34.0,21,34787.62,1547679.4,9,110.77,1,0,0,0,0,0,1,0,1,0,0,0,0
57.0,47,45427.47,2317666.17,0,79.76,1,0,0,0,0,0,0,1,0,0,0,0,0
50.0,48,47981.11,1915153.05,0,45.85,1,0,1,0,0,0,0,1,0,0,0,0,0
26.0,13,2266.58,1895022.7,7,117.51,1,0,0,0,1,0,0,1,0,1,0,0,0
60.0,3,49514.28,2272502.77,2,107.12,1,0,0,0,0,0,1,0,1,1,0,0,0
65.0,32,16802.36,684927.37,14,218.94,0,0,1,0,0,0,0,0,0,0,0,1,0
56.0,35,42304.86,1986250.25,10,179.83,1,0,0,0,0,1,0,0,1,0,0,0,1
46.0,19,9834.48,1179371.45,2,274.02,1,0,0,0,0,0,0,0,1,0,0,1,1
59.0,14,4082.01,213911.69,8,44.48,0,0,0,0,1,0,0,1,0,0,1,0,1
43.0,48,19539.42,610417.11,12,18.86,1,0,0,0,0,1,0,0,0,0,1,0,0
52.0,68,43087.34,2383041.2,5,160.85,0,0,1,0,0,0,0,1,0,0,0,0,1
67.0,45,11820.42,2688312.44,3,1.31,0,0,1,0,0,0,0,0,0,0,0,1,0
42.0,19,8543.91,852051.33,3,236.53,1,0,0,0,0,1,0,0,1,1,0,0,0
41.0,64,45580.41,575131.01,6,152.29,0,0,0,0,0,0,0,0,1,0,0,1,0
30.0,66,46978.52,85039.89,5,146.93,1,0,0,0,0,0,1,0,1,0,1,0,1
24.0,66,1614.86,2843353.68,1,109.39,1,0,0,0,1,0,0,0,0,0,0,1,0
53.0,45,36644.35,2053145.5,8,113.12,0,1,0,0,0,0,0,1,0,0,1,0,0
62.0,67,16151.18,2871305.16,1,129.91,0,0,0,1,0,0,0,1,0,0,1,0,0
37.0,69,19360.51,2592228.3,7,5.79,1,0,0,0,0,0,1,1,0,0,0,1,0
44.0,3,23986.05,1024697.45,3,25.98,0,0,0,0,1,0,0,0,0,1,0,0,0
25.0,38,21912.76,342485.72,9,152.01,0,0,0,0,0,1,0,0,0,0,1,0,1
63.0,42,26233.72,1499675.1,0,45.89,1,0,1,0,0,0,0,0,1,0,0,1,0
33.0,40,29535.72,85307.32,15,233.85,1,0,0,0,0,1,0,1,0,0,1,0,1
31.0,50,23814.18,454000.3,0,83.07,0,0,0,0,1,0,0,0,0,0,0,0,0
29.0,35,35376.61,704130.72,8,30.27,1,0,0,0,0,1,0,1,0,1,0,0,0
68.0,24,36211.48,1998611.56,3,71.33,1,0,0,0,0,1,0,1,0,0,0,0,0
40.0,17,22577.6,1532083.03,0,107.77,1,0,0,1,0,0,0,0,0,0,1,0,1
32.0,40,7980.69,910746.57,2,11.56,1,0,0,0,0,0,0,0,0,1,0,0,0
45.0,66,32391.31,1696481.36,2,43.36,1,0,0,1,0,0,0,0,1,0,0,1,0
51.0,44,38874.88,379981.93,6,97.83,1,1,0,0,0,0,0,0,1,0,0,1,1
19.0,23,32267.37,2268345.84,5,93.83,1,1,0,0,0,0,0,0,1,1,0,0,0
49.0,6,29814.68,2137545.24,7,240.32,0,0,0,1,0,0,0,1,0,0,0,0,0
40.0,66,12241.19,653425.51,6,253.13,1,0,0,0,0,0,1,1,0,0,0,0,0
39.0,21,32611.72,1821142.71,0,58.83,0,0,0,0,0,0,1,0,1,1,0,0,0
68.0,35,17407.95,1512391.3,2,38.06,0,0,0,0,0,1,0,1,0,0,0,1,1
42.0,29,46058.38,187144.85,8,190.61,0,0,0,0,0,1,0,1,0,1,0,0,0
39.0,7,33032.28,838070.98,3,241.58,1,0,1,0,0,0,0,1,0,0,0,0,0
39.0,53,14630.8,2998450.7,10,289.15,1,1,0,0,0,0,0,1,0,0,1,0,1
66.0,37,24173.42,303109.31,11,3.03,0,0,1,0,0,0,0,0,0,0,0,1,0
69.0,23,42482.48,1521701.86,10,124.69,1,1,0,0,0,0,0,0,0,1,0,0,0
59.0,8,17437.73,2548754.6,12,220.46,0,0,0,1,0,0,0,0,1,0,1,0,0
23.0,48,26746.59,905452.36,12,248.74,1,0,0,0,0,0,1,0,1,0,0,0,0
32.0,10,34303.83,785822.37,13,19.62,1,0,0,0,0,1,0,1,0,0,0,1,0
60.0,24,37971.94,2672925.19,13,204.5,0,0,0,0,0,0,1,1,0,1,0,0,1
44.0,47,9520.72,917965.69,13,87.39,0,0,0,1,0,0,0,0,0,0,0,0,1
50.0,53,28692.46,1956222.47,14,23.3,0,0,1,0,0,0,0,1,0,1,0,0,0
25.0,39,45697.8,2222237.39,11,147.24,1,0,1,0,0,0,0,1,0,1,0,0,0
70.0,67,48449.63,2366910.16,2,48.29,0,0,0,0,1,0,0,0,1,0,0,1,0
61.0,66,33151.11,2984305.11,4,221.37,1,0,0,0,0,1,0,1,0,0,0,0,0
61.0,6,49199.38,2410560.25,7,222.64,1,0,0,0,0,1,0,0,0,0,0,0,0
22.0,21,28966.03,1972751.41,0,252.78,1,0,0,0,0,1,0,1,0,0,1,0,0
56.0,36,22687.65,2686913.36,1,113.89,0,1,0,0,0,0,0,1,0,0,0,0,1
21.0,3,28027.79,2717705.18,12,4.98,0,0,1,0,0,0,0,1,0,0,0,0,0
23.0,42,6669.91,2919633.54,6,78.66,0,0,0,1,0,0,0,1,0,0,0,1,0
62.0,45,20684.08,2330513.47,12,140.88,1,0,1,0,0,0,0,1,0,0,1,0,0
49.0,44,23461.85,588807.36,0,208.51,1,0,0,0,0,0,1,0,0,0,0,1,0
69.0,33,42582.76,2130869.24,12,115.23,0,1,0,0,0,0,0,0,1,0,0,0,0
47.0,60,38173.78,230009.68,15,161.28,1,0,0,0,0,1,0,1,0,0,1,0,0
64.0,70,30469.9,957298.97,12,157.75,1,0,0,0,0,0,0,0,1,0,0,1,1
52.0,26,18016.58,351843.49,12,50.33,0,0,0,0,1,0,0,0,1,0,1,0,0
57.0,21,10164.69,2850078.11,13,187.29,0,1,0,0,0,0,0,0,0,0,0,0,0
69.0,2,18040.49,1019568.57,13,132.34,0,0,0,0,0,0,1,0,1,0,1,0,0
33.0,47,34310.4,2141080.86,10,242.57,1,0,0,0,0,1,0,1,0,0,1,0,0
30.0,30,13888.85,1716098.72,13,207.49,1,0,0,0,0,0,1,1,0,0,1,0,1
67.0,27,21917.45,326996.68,4,34.33,1,0,0,0,0,0,1,1,0,0,0,0,0
59.0,71,19951.74,1686226.62,9,147.14,1,0,0,0,0,1,0,1,0,0,0,0,1
47.0,20,38513.91,1984765.51,7,211.05,1,0,0,0,0,0,1,0,0,0,1,0,0
36.0,50,44305.57,2645144.19,14,27.02,0,0,0,1,0,0,0,0,1,0,0,1,1
34.0,23,35269.18,214906.5,5,237.96,1,0,0,0,1,0,0,0,0,0,0,1,0
36.0,13,17738.51,890423.79,2,67.38,1,0,0,0,0,0,0,0,1,0,0,0,1
45.0,4,22225.68,2078561.13,6,151.42,1,0,0,0,0,0,1,0,0,1,0,0,1
43.0,14,8024.16,107823.25,2,282.23,0,0,0,0,0,0,1,0,0,0,0,1,0
54.0,20,9236.77,614642.6,11,171.83,0,0,1,0,0,0,0,0,0,0,1,0,0
43.0,13,9050.34,659917.84,4,127.79,0,0,0,0,1,0,0,1,0,1,0,0,0
70.0,3,7398.73,2009632.61,15,3.03,1,1,0,0,0,0,0,1,0,0,0,0,1
40.0,47,9799.48,861452.24,6,40.89,0,0,0,0,1,0,0,0,0,0,0,1,0
26.0,3,10931.72,1800789.01,1,174.02,0,0,0,0,1,0,0,0,1,1,0,0,0
29.0,1,6480.45,2896218.6,9,148.65,0,0,0,0,0,1,0,0,1,0,0,0,0
70.0,24,32372.78,2380762.73,3,109.78,1,0,0,0,0,1,0,1,0,0,0,0,0
18.0,35,49529.68,1002043.9,1,277.04,0,0,0,0,0,1,0,0,0,0,1,0,1
18.0,14,44080.15,1419837.91,6,100.41,1,0,0,0,0,0,0,1,0,0,0,1,1
64.0,67,3234.53,606018.34,2,161.61,1,0,0,0,1,0,0,1,0,1,0,0,0
51.0,13,21729.88,52081.43,8,171.05,0,0,0,0,0,0,0,1,0,0,1,0,0
49.0,47,43106.22,872697.62,10,158.71,1,0,0,0,0,0,1,0,0,0,0,1,0
65.0,50,7599.07,1111378.79,5,143.8,0,0,0,0,0,1,0,0,0,1,0,0,0
42.0,26,42534.61,1695279.68,0,101.78,1,0,0,0,0,0,1,1,0,0,0,0,0
57.0,3,30042.33,2832479.61,9,272.72,0,0,0,0,0,1,0,0,0,0,0,0,0
62.0,51,46633.63,2843816.96,7,135.79,0,0,0,1,0,0,0,0,1,0,0,1,0
70.0,40,43925.92,214944.41,12,159.01,0,0,0,0,0,0,0,0,1,0,1,0,0
18.0,68,34174.68,1845863.81,6,197.29,1,0,0,0,0,0,0,1,0,1,0,0,1
33.0,36,33233.31,131846.19,0,21.23,0,1,0,0,0,0,0,0,1,1,0,0,0
56.0,51,11445.05,1946002.82,2,234.61,1,0,1,0,0,0,0,1,0,0,0,0,0
22.0,1,6720.9,357520.67,2,154.24,0,0,0,0,1,0,0,1,0,0,0,1,0
39.0,33,21354.28,2839476.46,13,197.5,1,1,0,0,0,0,0,1,0,0,1,0,1
46.0,7,10142.42,2593694.35,2,231.83,1,0,0,0,0,0,0,0,0,0,0,0,1
20.0,52,6018.42,71874.85,14,262.36,0,1,0,0,0,0,0,0,0,0,0,0,0
29.0,11,15814.01,2347484.51,6,118.27,0,1,0,0,0,0,0,0,0,0,1,0,0
43.0,27,43164.01,1909511.87,5,243.62,0,0,1,0,0,0,0,0,0,1,0,0,0
33.0,14,1840.26,1488630.73,10,78.39,0,0,0,0,0,0,0,1,0,1,0,0,0
68.0,46,15339.25,1809890.29,11,198.44,0,0,0,0,0,0,0,0,0,0,0,1,0
54.0,10,21778.56,2036358.93,1,31.71,1,0,0,0,1,0,0,0,1,0,0,0,0
39.0,24,26017.92,2653950.14,15,6.99,0,0,0,0,0,1,0,0,1,0,0,1,0
46.0,61,9897.3,2303236.19,4,29.63,0,0,1,0,0,0,0,0,0,1,0,0,0
31.0,18,48246.79,1728256.57,5,96.5,1,0,0,1,0,0,0,0,1,0,1,0,1
45.0,9,29364.78,2474723.9,11,10.3,0,0,0,0,0,0,1,0,1,1,0,0,0
22.0,17,26583.42,2960834.25,1,189.52,0,1,0,0,0,0,0,0,0,1,0,0,0
64.0,58,1432.31,904045.15,14,95.65,1,0,0,0,1,0,0,1,0,0,0,0,0
66.0,13,24800.05,359669.98,13,221.18,0,0,0,0,0,0,0,1,0,1,0,0,1
47.0,50,42045.86,2195687.54,0,14.73,0,0,0,0,0,0,1,1,0,0,0,1,1
63.0,6,11762.58,2935896.02,3,65.79,0,0,0,1,0,0,0,0,0,0,1,0,0
69.0,51,18209.17,354534.23,13,122.99,1,0,1,0,0,0,0,1,0,0,0,0,1
22.0,36,2008.0,1297963.24,14,115.41,0,1,0,0,0,0,0,1,0,0,1,0,0
29.0,71,48869.45,191491.59,11,40.17,1,0,0,0,1,0,0,0,1,0,0,1,0
33.0,25,4265.94,2330713.17,3,298.25,0,0,0,0,0,0,0,1,0,0,0,1,0
43.0,11,45012.84,2846382.6,3,86.05,1,0,0,0,0,0,0,0,0,1,0,0,0
43.0,44,16336.4,1499487.49,0,216.59,0,0,0,0,0,0,1,1,0,0,0,1,0
65.0,14,29790.26,1231515.84,2,66.79,1,0,0,0,0,0,1,0,1,1,0,0,0
38.0,29,34286.46,2723618.47,6,263.48,1,1,0,0,0,0,0,0,1,0,0,0,1
56.0,50,7900.63,404498.23,3,116.94,1,0,1,0,0,0,0,0,1,0,1,0,1
53.0,5,22744.21,2675295.01,1,270.37,1,0,0,1,0,0,0,0,1,1,0,0,0
50.0,72,16947.84,1179417.38,7,103.21,1,0,0,0,0,1,0,1,0,1,0,0,0
47.0,69,3773.52,1680422.21,10,3.58,1,0,1,0,0,0,0,0,1,0,0,0,1
54.0,57,41826.49,1587234.85,0,155.59,0,0,1,0,0,0,0,0,1,0,0,1,0
40.0,26,3213.22,1849857.63,12,157.91,0,0,1,0,0,0,0,0,1,1,0,0,0
27.0,6,33009.64,2826659.32,15,36.83,1,0,0,0,0,1,0,1,0,0,0,1,0
22.0,16,16389.79,2853625.46,8,71.25,1,1,0,0,0,0,0,0,0,1,0,0,0
53.0,60,10414.34,2494289.06,4,235.27,1,0,0,0,0,1,0,0,1,0,0,1,0
51.0,12,25186.59,578674.51,1,11.99,1,1,0,0,0,0,0,0,1,1,0,0,0
69.0,3,29152.35,1003881.39,12,147.37,0,0,0,0,0,1,0,0,1,0,1,0,0
48.0,63,16447.56,1466035.43,13,159.59,1,0,0,1,0,0,0,1,0,0,1,0,0
27.0,64,26135.08,2716855.51,3,206.92,0,0,1,0,0,0,0,1,0,0,1,0,0
36.0,62,13065.62,1564990.15,2,12.2,0,1,0,0,0,0,0,0,1,1,0,0,0
49.0,6,43321.13,2932419.82,6,176.11,1,0,0,0,0,1,0,0,0,0,0,1,1
18.0,19,16377.12,2951604.31,5,1.93,1,0,0,1,0,0,0,0,1,0,0,0,1
22.0,18,13012.5,1797759.86,10,80.29,0,0,0,0,0,1,0,0,0,0,0,0,0
62.0,43,37839.85,2633098.54,11,150.41,0,0,0,0,0,0,0,0,0,0,0,0,0
21.0,3,1862.03,2997672.02,10,273.47,1,0,0,1,0,0,0,1,0,0,1,0,0
33.0,72,14132.57,2549900.97,8,38.85,1,0,1,0,0,0,0,1,0,0,1,0,1
41.0,38,19394.37,1972448.48,3,51.62,1,0,0,0,1,0,0,1,0,0,1,0,1
33.0,68,44229.66,2536174.91,11,201.11,0,0,1,0,0,0,0,0,0,0,0,1,0
19.0,44,47571.65,252551.91,2,113.08,0,0,0,0,1,0,0,0,0,0,1,0,0
66.0,63,36107.42,1906289.85,6,187.4,1,0,0,1,0,0,0,0,0,0,0,1,0
45.0,42,25134.06,653483.49,5,299.24,0,0,0,0,0,0,0,1,0,0,0,1,0
44.0,64,32390.46,352610.63,4,296.07,0,0,0,0,0,0,0,1,0,0,0,1,0
44.0,54,21286.05,2679149.4,14,106.76,1,1,0,0,0,0,0,1,0,1,0,0,0
37.0,71,25186.59,1920736.61,14,151.67,1,0,0,0,0,0,0,0,1,0,0,0,0
41.0,37,47583.72,734421.91,9,271.5,0,0,0,0,0,0,1,0,0,0,0,1,0
29.0,4,6654.12,1163412.98,6,28.56,0,0,0,1,0,0,0,0,0,0,0,0,0
67.0,2,17973.28,2919963.25,4,136.24,1,0,0,1,0,0,0,0,1,0,0,1,0
52.0,44,45055.36,2587235.25,8,113.9,1,0,0,0,0,0,0,0,0,0,0,1,0
50.0,67,36433.93,51667.48,11,89.17,1,0,0,1,0,0,0,0,0,0,1,0,0
50.0,68,2425.97,2939503.98,3,298.27,1,0,1,0,0,0,0,0,1,0,0,0,0
68.0,62,2131.88,1108745.77,0,220.33,1,0,0,0,0,0,0,0,0,0,0,1,0
60.0,1,26309.11,2087777.41,9,117.24,0,0,0,0,0,1,0,1,0,0,0,0,0
54.0,17,24728.4,2139466.31,11,248.88,0,0,0,0,1,0,0,0,1,0,1,0,0
29.0,16,22706.59,2735494.88,4,147.41,0,0,0,1,0,0,0,0,0,0,0,1,0
20.0,9,15814.84,2655757.32,0,261.97,0,1,0,0,0,0,0,1,0,0,1,0,0
18.0,53,49345.3,848780.13,11,80.65,1,0,1,0,0,0,0,0,0,0,0,1,0
50.0,59,14327.38,1932388.76,12,67.86,1,0,0,0,0,0,1,0,1,0,1,0,0
57.0,9,25011.97,1184147.74,0,74.94,1,0,1,0,0,0,0,1,0,0,1,0,1
27.0,12,20839.76,1579003.49,0,162.01,0,0,0,0,0,0,0,0,0,1,0,0,0
60.0,41,9342.22,1666262.18,0,88.1,0,0,0,0,1,0,0,0,1,0,0,1,0
61.0,15,10928.32,1192048.62,7,44.99,0,0,1,0,0,0,0,0,0,0,0,1,0
46.0,66,45996.83,1394362.59,1,298.39,1,0,0,0,0,0,1,0,0,0,0,1,0
30.0,11,43055.71,628985.09,8,270.23,0,0,0,0,0,1,0,1,0,0,0,0,0
29.0,8,10753.17,1824900.92,6,190.87,1,1,0,0,0,0,0,0,0,1,0,0,0
48.0,55,43907.47,2278084.65,13,267.57,1,0,0,1,0,0,0,0,1,0,0,0,0
63.0,6,11250.12,1292074.91,10,280.7,1,0,0,0,1,0,0,0,1,0,0,1,0
19.0,53,31700.77,2933151.86,2,203.16,1,0,0,0,0,0,1,1,0,1,0,0,1
68.0,20,4982.75,176393.09,8,156.09,1,0,0,0,0,0,0,1,0,0,1,0,0
67.0,39,44138.11,1769536.24,3,264.72,1,0,0,0,0,0,0,0,0,1,0,0,0
52.0,72,3523.51,1752884.32,6,170.77,0,0,0,0,0,0,0,0,1,0,1,0,0
40.0,34,28192.2,113707.35,14,38.91,1,0,0,0,1,0,0,1,0,0,0,1,0
34.0,57,39205.86,677587.67,2,110.69,1,0,1,0,0,0,0,0,0,0,0,1,0
43.0,19,6724.9,2717100.04,4,134.33,0,0,0,0,1,0,0,0,0,0,1,0,0
25.0,71,20819.53,1635819.56,12,280.68,1,0,0,0,0,0,0,0,1,1,0,0,0
46.0,31,3055.56,1311975.7,3,198.1,0,0,0,0,0,1,0,0,1,0,0,0,0
43.0,40,34454.88,1249411.85,12,262.71,0,0,0,0,0,0,1,0,0,1,0,0,1
27.0,14,16065.03,2665041.69,5,227.52,0,0,0,1,0,0,0,0,1,0,1,0,0
43.0,37,28410.37,1104258.37,11,93.65,1,0,0,1,0,0,0,0,0,0,1,0,0
51.0,44,46703.88,2578204.75,12,215.89,1,0,0,0,1,0,0,0,0,0,0,0,0
68.0,9,15987.05,931031.83,8,59.39,0,0,0,0,0,0,0,0,1,0,0,0,0
58.0,58,3382.75,1596854.43,14,123.04,1,1,0,0,0,0,0,1,0,0,0,0,0
24.0,20,34105.76,435740.21,4,242.02,1,0,0,0,0,1,0,0,0,0,1,0,1
21.0,50,39555.22,2475965.79,14,183.97,0,0,0,0,1,0,0,0,1,0,0,1,0
70.0,20,47935.56,2209244.74,0,247.8,0,0,0,0,0,0,0,0,0,1,0,0,0
67.0,36,8732.24,1592628.73,12,77.16,1,0,1,0,0,0,0,0,0,0,0,0,1
62.0,27,20214.86,82574.42,4,225.17,0,0,0,1,0,0,0,0,0,0,1,0,1
28.0,72,42362.88,1446365.71,4,61.49,0,0,0,1,0,0,0,0,1,1,0,0,0
46.0,32,40536.7,679463.6,8,164.05,0,0,0,0,0,1,0,0,1,0,0,0,0
53.0,1,31614.99,1243056.02,7,130.63,1,0,0,1,0,0,0,0,1,0,0,1,1
42.0,17,14199.06,2569997.33,4,167.39,1,1,0,0,0,0,0,1,0,1,0,0,0
38.0,9,14917.73,2309961.9,4,41.52,1,0,0,0,0,0,0,0,0,1,0,0,0
53.0,45,7076.15,729648.96,14,109.01,0,0,0,0,0,0,0,1,0,0,1,0,0
27.0,66,46170.83,2954935.53,13,200.4,1,0,0,0,0,1,0,0,0,0,1,0,0
54.0,32,9473.64,2710115.47,1,168.0,0,0,0,0,0,0,0,0,1,0,1,0,0
26.0,45,25186.59,1588376.96,15,165.14,1,0,0,0,0,1,0,0,0,0,0,1,0
41.0,9,29633.22,1592800.21,8,153.74,1,0,0,0,0,0,0,0,0,1,0,0,1
52.0,30,19110.67,2704291.57,13,283.22,0,1,0,0,0,0,0,0,0,0,0,0,0
66.0,38,18273.4,1910253.7,10,280.44,1,0,0,0,0,0,1,1,0,0,0,1,1
52.0,60,33760.83,1612381.79,14,108.68,0,0,0,0,1,0,0,0,1,0,0,0,0
65.0,1,20026.59,2248699.83,3,106.22,1,0,0,0,1,0,0,0,1,0,0,0,0
53.0,5,13500.65,709115.86,6,166.91,1,0,0,0,0,0,0,0,0,0,1,0,0
35.0,63,20557.45,2635740.37,9,29.59,0,0,1,0,0,0,0,0,1,0,0,0,0
66.0,36,40575.44,1596588.65,5,91.6,0,0,0,1,0,0,0,1,0,0,0,0,0
56.0,65,48357.44,1812480.39,13,70.03,0,1,0,0,0,0,0,1,0,0,0,1,0
49.0,24,32161.56,274381.89,4,67.79,1,0,1,0,0,0,0,0,1,0,1,0,0
41.0,4,39322.96,931979.33,10,191.91,1,0,1,0,0,0,0,1,0,0,0,0,1
40.0,68,27108.42,1283072.33,10,115.92,1,0,0,0,0,0,0,1,0,0,0,0,0
49.0,25,31616.33,1244659.02,4,52.18,0,1,0,0,0,0,0,0,1,0,0,0,0
54.0,7,49416.25,2335961.68,13,266.38,0,0,0,0,1,0,0,0,1,1,0,0,0
29.0,13,22482.52,850555.58,6,262.37,0,0,0,1,0,0,0,0,0,1,0,0,1
66.0,68,25186.59,550417.24,13,258.88,1,0,0,0,1,0,0,0,0,0,1,0,0
30.0,43,47893.34,1749938.67,12,117.83,1,0,1,0,0,0,0,1,0,0,0,1,0
40.0,57,39860.02,1846969.5,1,18.04,0,0,0,1,0,0,0,0,1,0,1,0,1
42.0,36,20517.21,369142.0,15,32.92,1,0,0,0,0,0,1,1,0,1,0,0,0
52.0,14,49137.36,12393.17,8,83.54,0,0,1,0,0,0,0,0,1,0,1,0,0
58.0,72,17931.25,2753358.99,1,66.77,1,0,0,0,1,0,0,1,0,0,0,1,0
47.0,27,19233.89,243512.81,8,262.32,1,0,0,0,1,0,0,1,0,0,1,0,0
34.0,37,30876.84,2694111.46,10,295.92,0,0,0,0,0,0,0,1,0,0,0,0,0
66.0,71,14443.02,1200648.55,3,245.19,1,0,0,0,1,0,0,0,0,0,0,1,0
37.0,25,35230.0,1960902.44,12,219.22,1,1,0,0,0,0,0,0,1,0,0,1,0
65.0,67,8489.66,560916.0,9,177.0,0,0,1,0,0,0,0,1,0,0,0,1,0
42.0,4,6293.24,2472631.5,10,231.2,0,0,0,0,0,1,0,0,0,0,1,0,0
39.0,16,27209.02,544679.19,9,284.16,1,0,0,0,0,1,0,1,0,0,1,0,0
30.0,19,28219.19,1162594.9,5,180.8,0,0,0,1,0,0,0,1,0,0,0,0,1
36.0,29,6226.1,717887.21,0,47.23,1,0,0,0,1,0,0,0,1,0,0,1,0
66.0,51,48244.64,2513330.34,4,49.99,0,0,0,0,0,0,0,1,0,0,0,0,0
53.0,18,25186.59,2575715.76,5,175.57,1,0,0,0,0,0,0,0,1,0,0,1,1
29.0,58,8400.71,1119226.52,8,100.71,1,0,0,0,1,0,0,0,0,1,0,0,1
58.0,44,16260.68,925598.52,13,273.16,0,1,0,0,0,0,0,0,0,0,1,0,1
36.0,16,40211.48,2321828.3,8,183.88,1,0,0,0,0,0,0,1,0,0,0,0,0
29.0,65,26638.34,2636143.36,15,203.27,1,0,0,0,0,1,0,0,0,0,1,0,0
26.0,2,10219.27,1873939.88,8,2.74,0,0,0,1,0,0,0,0,1,0,1,0,0
24.0,56,6039.6,2782574.01,13,150.16,0,0,1,0,0,0,0,0,1,1,0,0,0
45.0,28,22107.95,1152216.22,2,129.92,1,0,0,0,0,0,1,0,0,1,0,0,0
31.0,65,17533.32,459899.77,12,212.06,0,1,0,0,0,0,0,0,1,0,0,1,1
48.0,5,33139.95,543030.73,3,115.41,0,0,0,0,0,0,0,0,1,1,0,0,0
69.0,22,46337.1,2011146.7,7,293.0,1,0,1,0,0,0,0,1,0,0,0,1,0
36.0,13,13138.78,1225541.64,7,201.39,1,0,0,0,0,0,1,1,0,1,0,0,1
64.0,65,42906.46,473162.22,15,198.32,0,0,0,0,1,0,0,0,1,1,0,0,0
33.0,16,46102.64,880219.43,1,275.88,0,0,0,0,1,0,0,0,0,0,0,0,0
70.0,64,45198.13,1594162.19,7,298.57,0,0,0,1,0,0,0,0,1,1,0,0,0
22.0,32,47651.79,368728.57,6,60.15,1,0,0,0,0,0,1,1,0,0,0,0,0
52.0,51,42263.32,15310.28,8,243.35,1,0,0,0,1,0,0,0,0,1,0,0,0
29.0,58,30080.81,2752307.65,15,49.53,1,0,0,0,1,0,0,0,1,0,0,0,0
42.0,46,21082.46,918059.27,4,137.66,1,0,0,0,0,1,0,0,0,0,1,0,0
69.0,52,25092.7,668386.95,1,30.96,1,0,0,0,0,0,0,0,0,0,0,1,0
38.0,63,43758.0,2096950.03,4,187.39,1,0,0,1,0,0,0,0,0,1,0,0,0
53.0,60,15768.52,2560941.15,13,141.09,1,0,1,0,0,0,0,0,1,0,0,0,0
70.0,65,8803.82,1898674.91,1,188.98,0,0,0,0,1,0,0,1,0,1,0,0,0
40.0,55,7900.14,767175.85,12,203.71,0,0,0,0,0,1,0,0,0,0,0,0,0
33.0,57,41522.74,2585601.69,11,186.21,1,1,0,0,0,0,0,0,0,0,0,0,0
56.0,71,38312.8,1533729.45,14,88.91,1,1,0,0,0,0,0,0,1,1,0,0,0
62.0,26,25384.62,1146666.45,4,251.25,1,0,1,0,0,0,0,1,0,0,0,1,0
70.0,12,14468.7,1816154.73,14,165.95,0,1,0,0,0,0,0,1,0,0,0,0,1
59.0,71,34203.05,2103333.61,12,147.47,1,0,0,1,0,0,0,0,1,0,1,0,0
56.0,46,2883.22,1783520.47,14,296.13,0,0,0,0,0,1,0,0,0,1,0,0,0
31.0,47,28843.16,2761135.11,8,85.77,0,0,0,0,0,0,0,0,1,0,1,0,0
48.0,38,20522.83,1885913.33,6,158.88,0,0,0,0,0,1,0,1,0,0,0,0,0
22.0,21,48915.12,2636349.23,6,205.02,0,1,0,0,0,0,0,0,0,0,0,0,0
52.0,14,25870.45,1762940.51,0,38.44,0,1,0,0,0,0,0,0,0,1,0,0,0
40.0,2,28061.12,992390.32,8,106.92,1,0,1,0,0,0,0,1,0,0,0,1,1
46.0,72,35905.77,1599228.97,5,240.7,1,0,0,0,0,0,1,0,0,0,1,0,1
60.0,70,24742.39,263578.39,6,71.79,0,0,0,0,0,0,1,0,1,0,0,1,1
28.0,33,12003.86,694373.03,12,148.49,1,0,1,0,0,0,0,1,0,0,1,0,1
35.0,6,27326.61,2299863.83,15,189.56,0,0,0,0,0,1,0,1,0,0,0,1,0
64.0,37,47269.17,1986119.45,11,201.68,0,1,0,0,0,0,0,0,0,1,0,0,0
29.0,14,21085.64,503723.54,1,218.76,1,0,0,0,0,1,0,1,0,0,1,0,1
26.0,37,34302.41,1316855.45,15,259.93,1,0,0,0,0,1,0,0,1,1,0,0,0
27.0,8,48923.68,430266.66,0,118.46,1,0,0,1,0,0,0,1,0,0,0,1,0
61.0,13,41666.19,2568174.48,10,212.28,1,1,0,0,0,0,0,0,0,0,0,1,1
34.0,40,33292.67,331963.26,12,219.92,1,0,0,0,0,0,1,1,0,0,0,1,0
55.0,58,37063.83,1964433.82,3,90.78,0,0,0,0,0,0,0,0,0,1,0,0,0
24.0,18,46887.68,1822965.0,11,290.48,1,0,0,0,0,1,0,0,0,0,0,0,1
63.0,57,48027.85,1420966.05,8,259.7,1,1,0,0,0,0,0,0,1,0,0,0,1
30.0,38,48479.44,838312.69,13,87.67,1,0,0,0,0,1,0,1,0,0,1,0,0
57.0,32,31656.44,1214849.72,8,202.85,0,1,0,0,0,0,0,0,1,1,0,0,0
59.0,66,19850.87,2420141.94,13,215.62,1,0,0,0,1,0,0,0,1,1,0,0,0
26.0,25,7524.5,2285844.69,15,130.01,0,1,0,0,0,0,0,1,0,1,0,0,0
67.0,58,19891.85,2217733.3,10,259.26,1,0,1,0,0,0,0,0,1,0,0,1,0
44.0,33,47204.82,2250721.64,2,207.38,1,0,0,0,1,0,0,0,1,1,0,0,0
19.0,66,44600.06,435939.69,0,197.79,0,0,0,0,0,1,0,0,0,0,0,0,0
22.0,30,26659.32,301793.87,1,67.03,1,0,1,0,0,0,0,0,1,0,1,0,0
46.0,34,27313.36,2585188.38,15,122.94,1,0,1,0,0,0,0,1,0,0,0,0,0
54.0,69,16137.1,2512337.84,14,130.74,0,0,1,0,0,0,0,0,0,1,0,0,1
55.0,48,23270.89,2045548.32,8,220.36,1,1,0,0,0,0,0,0,1,0,1,0,0
36.0,40,36007.98,1819687.71,8,185.9,0,0,0,0,0,0,1,0,1,0,1,0,0
25.0,51,20719.11,1103780.76,15,26.67,0,0,0,0,0,1,0,1,0,1,0,0,0
44.0,13,10211.21,676127.36,11,93.0,0,0,0,0,1,0,0,0,1,1,0,0,0
62.0,31,27502.12,2004631.03,0,142.44,0,0,0,1,0,0,0,1,0,0,0,0,1
18.0,39,12041.51,2739538.74,8,221.28,0,0,0,0,0,0,1,0,1,0,0,0,1
39.0,63,48740.09,1313804.74,0,223.33,1,0,0,0,0,1,0,0,1,0,0,1,0
69.0,48,20126.66,913121.35,9,147.67,1,1,0,0,0,0,0,1,0,0,0,1,0
34.0,48,45573.58,815871.73,3,35.96,1,0,1,0,0,0,0,0,0,0,0,1,0
24.0,61,12052.15,75997.2,4,88.58,0,0,0,1,0,0,0,1,0,1,0,0,1
42.0,12,10271.24,1563348.58,7,77.15,0,0,0,0,0,1,0,0,0,1,0,0,0
62.0,56,31228.16,2964766.91,12,234.53,0,0,0,0,1,0,0,0,0,0,0,1,1
21.0,18,39189.57,2446636.96,4,54.82,0,0,0,0,0,1,0,1,0,0,0,1,0
53.0,27,28771.46,2692936.78,4,140.01,1,0,0,0,0,0,1,1,0,0,0,0,1
23.0,28,12259.99,1865386.47,3,201.54,1,0,0,0,0,0,0,0,1,0,0,1,0
48.0,52,2856.82,1446932.0,8,289.47,0,0,0,1,0,0,0,0,1,0,0,1,0
36.0,16,31296.15,2971418.74,12,299.77,0,0,0,0,0,1,0,0,0,0,1,0,0
61.0,58,7420.82,1344250.52,7,285.92,1,0,0,1,0,0,0,0,1,0,0,1,0
56.0,9,25186.59,2750907.57,8,215.75,0,0,0,0,0,1,0,1,0,0,1,0,0
44.0,26,34113.45,2286725.2,6,224.19,0,0,0,0,0,1,0,0,0,0,0,1,0
27.0,28,5803.15,996280.38,6,228.0,0,1,0,0,0,0,0,0,1,0,1,0,0
43.0,36,7235.32,1511671.24,4,258.92,1,0,0,0,1,0,0,0,1,0,0,1,0
36.0,9,4021.64,1156066.02,9,285.58,1,0,0,1,0,0,0,1,0,0,0,0,0
56.0,47,49807.88,412988.71,15,134.27,0,0,0,0,0,1,0,1,0,1,0,0,0
20.0,51,19966.76,1073515.91,0,125.54,1,0,1,0,0,0,0,0,1,0,1,0,0
62.0,57,45383.96,2667473.79,11,138.68,0,0,0,0,1,0,0,0,0,1,0,0,1
30.0,32,15385.7,2259143.88,5,198.29,0,0,0,0,0,0,1,0,0,0,0,0,0
67.0,67,37906.93,836355.32,9,232.86,1,0,0,1,0,0,0,1,0,0,0,1,0
45.0,57,11734.26,1106900.37,15,261.29,0,0,0,0,0,0,1,1,0,0,0,1,0
37.0,54,25417.91,1851219.6,5,137.41,0,0,0,0,0,1,0,1,0,0,0,0,0
45.0,16,41406.17,1251338.75,9,109.65,1,0,0,0,0,0,1,0,1,1,0,0,0
25.0,62,41000.39,1511617.13,3,295.02,0,0,0,0,0,0,1,0,1,1,0,0,0
58.0,56,39919.76,2096014.39,1,70.33,0,1,0,0,0,0,0,1,0,1,0,0,1
56.0,23,41362.99,1404416.29,14,67.38,0,0,0,0,0,0,1,0,0,1,0,0,0
18.0,17,11362.14,576954.52,0,214.91,1,0,1,0,0,0,0,1,0,0,1,0,0
20.0,38,24628.6,1564118.94,2,54.72,0,0,1,0,0,0,0,1,0,1,0,0,0
30.0,72,24758.7,1071574.1,10,120.42,1,0,0,0,1,0,0,0,0,0,1,0,0
45.0,30,44634.62,875749.01,12,88.42,0,0,0,0,0,1,0,0,0,0,0,0,0
66.0,58,15547.7,987685.14,14,51.44,0,0,0,0,0,0,0,0,0,0,0,1,1
42.0,22,46643.3,1319811.64,12,174.33,0,0,0,0,0,0,1,0,0,0,1,0,0
50.0,17,23088.99,2660406.36,8,112.68,0,0,0,0,0,0,1,0,1,1,0,0,0
55.0,15,33819.56,2203501.03,11,139.21,1,0,0,1,0,0,0,0,1,0,0,1,1
70.0,48,14175.27,2005306.41,0,59.56,1,1,0,0,0,0,0,1,0,0,1,0,1
23.0,32,21104.61,1416424.33,4,230.59,0,0,0,0,0,0,0,0,1,0,0,1,0
61.0,40,35780.25,10480.69,9,95.1,0,0,0,0,1,0,0,1,0,0,0,0,1
62.0,57,26124.61,1024949.38,5,103.47,0,0,0,0,0,0,0,1,0,1,0,0,1
49.0,58,46604.69,2440510.16,14,76.39,0,0,0,0,0,0,1,0,0,0,0,0,0
62.0,16,37119.12,1167571.87,8,130.89,0,0,0,1,0,0,0,0,0,0,0,1,0
64.0,28,28655.74,1693638.28,0,139.61,0,0,0,0,0,1,0,0,1,0,0,0,0
38.0,1,44446.82,618195.75,11,159.37,0,1,0,0,0,0,0,0,1,1,0,0,0
33.0,41,33612.26,2747993.94,4,290.3,0,0,0,0,0,1,0,0,1,0,1,0,0
38.0,48,32718.7,2769895.46,15,271.5,1,0,0,0,1,0,0,0,1,0,0,0,0
28.0,31,13072.2,442480.8,0,183.21,1,0,0,0,0,0,0,0,0,1,0,0,0
54.0,36,20347.99,2173856.05,1,12.63,1,0,0,0,1,0,0,0,0,0,0,1,0
53.0,33,34481.88,230339.33,13,184.07,0,0,0,0,0,0,1,0,1,0,0,0,0
52.0,33,44697.79,1797650.12,1,27.81,0,0,0,0,1,0,0,1,0,0,1,0,0
36.0,23,16461.83,540067.68,10,213.39,0,0,0,0,0,1,0,0,0,0,0,0,0
37.0,60,11558.8,441387.23,4,117.63,1,0,0,1,0,0,0,0,0,0,0,1,0
35.0,30,30091.1,17338.85,9,251.47,0,0,0,0,1,0,0,0,0,0,0,1,0
64.0,45,25186.59,2822867.12,3,282.82,1,0,1,0,0,0,0,0,0,0,0,1,0
58.0,39,36012.54,2488611.21,5,125.72,0,0,0,1,0,0,0,0,1,0,0,0,0
66.0,45,35453.79,237039.29,4,138.71,1,0,0,0,0,0,0,0,1,0,0,0,1
31.0,12,18393.34,1800129.95,1,177.45,1,1,0,0,0,0,0,1,0,0,0,0,0
32.0,32,44741.21,702530.21,8,59.94,1,1,0,0,0,0,0,0,0,0,1,0,0
48.0,56,25606.88,795727.57,12,278.27,0,0,0,0,0,0,1,0,1,1,0,0,0
18.0,24,32642.48,2623140.11,9,130.47,1,0,0,0,0,0,1,0,1,0,0,0,0
70.0,13,11269.35,347405.61,7,50.88,0,0,1,0,0,0,0,0,0,0,1,0,0
20.0,20,21449.68,1806462.96,14,229.06,0,0,0,0,0,0,0,0,1,0,0,1,0
33.0,56,43258.46,1206760.33,8,66.53,0,0,0,0,0,1,0,0,1,0,0,0,0
40.0,53,11434.04,576447.8,10,43.92,0,1,0,0,0,0,0,0,1,0,0,0,0
28.0,68,20138.14,1358494.64,5,169.3,0,1,0,0,0,0,0,1,0,0,0,0,0
29.0,54,16585.75,2821765.41,4,201.78,1,1,0,0,0,0,0,0,1,0,1,0,0
27.0,34,8404.4,2345922.1,4,171.3,0,0,0,0,0,1,0,0,0,0,0,0,0
49.0,28,15196.18,400673.65,1,197.3,0,1,0,0,0,0,0,0,0,0,0,0,0
33.0,50,12405.84,2549042.07,10,35.54,0,0,0,0,1,0,0,0,0,1,0,0,0
25.0,2,46256.09,2812634.38,3,143.33,0,0,0,0,0,0,0,0,1,0,1,0,1
55.0,26,37312.86,834508.02,1,107.75,0,0,0,1,0,0,0,1,0,1,0,0,0
29.0,51,16488.98,1003591.99,1,292.04,1,0,0,1,0,0,0,0,1,1,0,0,0
41.0,47,38403.61,383298.23,11,15.84,1,0,1,0,0,0,0,0,0,1,0,0,0
45.0,26,2084.86,1038095.61,7,90.19,0,0,0,0,1,0,0,1,0,1,0,0,0
70.0,61,26799.71,2021056.69,3,282.62,1,1,0,0,0,0,0,1,0,0,0,1,0
25.0,23,13266.39,820104.27,11,295.07,1,1,0,0,0,0,0,0,1,0,0,0,1
45.0,37,6601.78,25440.91,13,247.65,0,0,0,0,0,0,1,0,0,1,0,0,0
53.0,41,44304.17,1018941.22,3,23.72,1,0,0,0,0,0,1,0,1,0,1,0,1
43.0,52,10767.69,1362256.22,6,168.85,0,0,1,0,0,0,0,0,0,0,0,0,1
25.0,49,41297.16,1701236.33,3,120.64,1,1,0,0,0,0,0,1,0,1,0,0,0
67.0,27,21247.91,2053056.19,8,242.13,1,0,1,0,0,0,0,0,1,1,0,0,0
45.0,6,1700.25,190044.11,8,17.45,1,0,0,0,1,0,0,1,0,0,1,0,1
45.0,66,36894.11,1411907.08,11,59.94,0,0,0,1,0,0,0,0,0,0,0,1,1
54.0,24,30221.63,802755.58,13,147.27,1,1,0,0,0,0,0,1,0,0,1,0,1
58.0,38,17864.42,2844168.85,13,48.14,1,0,0,0,0,0,0,1,0,0,0,1,0
53.0,28,14795.75,1082896.04,2,208.12,0,0,0,0,0,1,0,1,0,0,0,1,1
44.0,28,4610.87,304870.48,5,246.41,0,0,0,0,1,0,0,0,1,0,0,1,0
34.0,66,47129.85,129267.01,14,211.65,1,1,0,0,0,0,0,0,0,1,0,0,0
26.0,61,25205.26,799890.63,6,132.64,0,0,0,0,0,1,0,1,0,1,0,0,0
50.0,46,5190.7,540741.82,2,263.64,1,0,0,0,0,0,0,1,0,0,0,1,0
70.0,69,43565.31,1951149.88,3,42.17,1,0,0,0,0,0,1,1,0,0,0,1,0
37.0,43,14662.83,2541664.79,13,78.84,0,0,1,0,0,0,0,1,0,1,0,0,1
30.0,59,10976.53,941113.32,0,147.37,0,0,0,0,0,0,1,0,0,0,0,1,0
45.0,2,14765.93,1735485.41,10,19.34,0,0,0,1,0,0,0,0,0,1,0,0,0
65.0,15,28664.0,2192264.3,8,29.61,1,0,0,0,0,0,1,0,1,0,0,1,0
46.0,37,4628.77,1198470.63,6,119.84,0,1,0,0,0,0,0,0,0,1,0,0,0
30.0,71,24606.09,203645.21,9,283.22,1,0,0,0,0,0,0,0,0,0,1,0,1
63.0,20,44891.43,691408.81,15,272.62,0,0,0,0,0,0,1,1,0,0,0,1,0
52.0,35,10220.41,2649782.1,6,140.33,1,1,0,0,0,0,0,0,1,0,0,1,0
23.0,34,17228.25,2474318.4,14,43.51,0,0,0,1,0,0,0,0,1,0,1,0,0
35.0,31,20409.98,264164.92,8,54.25,1,0,0,0,0,1,0,1,0,0,0,0,0
68.0,19,29724.81,675726.43,11,113.89,0,0,0,0,0,0,0,0,1,0,0,1,1
22.0,68,46043.46,2308650.02,13,63.81,1,0,0,0,0,0,1,0,0,0,0,0,1
64.0,24,20332.42,1460265.2,14,25.81,0,0,1,0,0,0,0,0,1,0,1,0,0
42.0,39,4388.49,2281101.26,5,202.46,0,0,1,0,0,0,0,1,0,0,0,1,0
19.0,54,18049.59,637221.95,7,174.85,1,0,0,0,0,0,0,0,1,0,0,0,1
27.0,39,10314.19,2858330.93,4,88.1,0,0,1,0,0,0,0,0,1,0,0,1,0
47.0,17,32936.95,2351904.31,15,233.91,1,0,0,0,0,0,1,0,1,0,0,1,0
67.0,19,2433.84,596369.71,7,233.01,1,0,0,0,0,0,1,1,0,1,0,0,0
62.0,48,15304.57,1677555.36,11,147.81,0,0,0,0,0,0,0,0,0,0,0,0,0
22.0,35,27713.5,343725.9,15,29.86,1,0,0,0,0,0,1,0,1,1,0,0,0
50.0,32,14589.38,1087497.27,9,275.62,0,0,0,0,0,1,0,0,0,1,0,0,0
18.0,47,27998.77,1980566.0,13,200.93,0,1,0,0,0,0,0,0,0,0,0,0,0
35.0,47,6620.9,993732.43,0,74.87,1,0,0,1,0,0,0,0,0,0,0,0,1
49.0,64,47197.47,1971991.4,2,183.53,0,0,0,0,0,1,0,0,1,1,0,0,0
64.0,46,15254.43,738114.5,14,122.1,1,0,0,0,0,1,0,0,0,0,0,1,0
66.0,35,46227.04,2165014.31,3,190.97,1,0,1,0,0,0,0,0,1,0,0,1,1
28.0,17,16965.94,1081970.77,15,142.69,0,1,0,0,0,0,0,0,1,0,1,0,0
38.0,42,39310.17,2372491.41,13,146.16,0,0,0,0,0,0,0,0,1,0,0,1,1
43.0,29,13063.18,414386.29,10,221.03,1,0,1,0,0,0,0,0,0,0,0,0,1
42.0,70,33818.68,1089123.96,8,184.5,1,1,0,0,0,0,0,0,1,0,0,0,0
39.0,17,16862.09,1394477.7,7,24.91,0,0,0,0,0,0,1,1,0,0,1,0,1
44.0,14,25948.8,1274417.35,13,20.55,0,0,0,0,0,0,0,1,0,0,0,0,0
66.0,24,34016.89,1302118.04,15,92.2,0,0,0,0,0,0,0,1,0,1,0,0,0
30.0,57,29855.24,1337185.98,7,129.64,0,0,1,0,0,0,0,0,1,0,1,0,1
50.0,50,29237.75,2966466.56,1,83.29,1,0,0,0,0,0,1,1,0,0,1,0,0
51.0,57,4218.36,583505.52,6,195.79,0,0,1,0,0,0,0,0,1,0,0,1,0
58.0,61,13204.76,2307148.17,14,59.34,1,0,0,0,1,0,0,0,1,0,0,1,0
52.0,39,29020.13,1657607.4,11,211.54,1,1,0,0,0,0,0,0,1,1,0,0,0
18.0,55,1897.54,1243817.11,2,232.17,0,0,0,0,1,0,0,0,0,1,0,0,0
38.0,36,13281.57,1902418.51,5,38.17,1,1,0,0,0,0,0,1,0,0,0,1,1
65.0,37,12230.08,2561326.67,14,195.59,0,0,0,1,0,0,0,0,1,0,0,1,1
23.0,14,13242.95,1402581.9,3,288.47,1,0,0,0,0,1,0,1,0,1,0,0,0
45.0,27,27244.87,2595080.1,15,58.65,0,0,0,0,0,0,0,1,0,0,0,1,1
34.0,31,29516.06,285926.01,5,272.88,1,0,1,0,0,0,0,0,0,0,1,0,0
22.0,44,45540.9,1960987.24,3,182.21,1,0,0,1,0,0,0,1,0,1,0,0,0
48.0,68,19915.52,1002874.28,2,177.69,0,0,0,1,0,0,0,0,1,0,0,1,1
22.0,48,46402.37,1163212.41,1,16.52,0,0,0,0,0,0,0,0,1,0,0,0,1
55.0,57,32945.76,1715204.15,3,224.74,1,0,0,0,0,0,0,1,0,0,0,0,0
20.0,22,45720.36,1442350.81,9,144.0,1,1,0,0,0,0,0,1,0,1,0,0,0
70.0,4,41840.13,1148429.42,1,216.63,0,0,0,0,1,0,0,0,0,0,0,0,0
40.0,72,34691.54,928428.65,6,242.95,1,0,0,1,0,0,0,0,1,0,0,0,1
54.0,46,18449.19,1856854.33,14,157.62,0,1,0,0,0,0,0,1,0,0,1,0,1
70.0,59,12814.41,1519211.06,0,79.83,1,0,0,0,0,0,1,1,0,1,0,0,0
54.0,34,11897.18,973310.83,13,43.33,0,0,0,1,0,0,0,0,1,0,0,0,1
27.0,11,47656.52,618858.25,10,48.99,1,0,0,0,0,0,1,1,0,0,0,1,0
27.0,31,47970.12,2324532.25,15,260.21,0,0,0,0,1,0,0,0,0,1,0,0,0
36.0,11,36516.74,2400146.2,0,37.95,0,1,0,0,0,0,0,1,0,1,0,0,0
34.0,56,44306.0,645295.44,4,116.02,1,0,0,0,0,0,0,1,0,0,0,0,0
38.0,38,46030.81,788638.79,15,100.95,0,0,0,0,1,0,0,0,0,0,0,0,0
31.0,21,26066.25,721233.35,6,259.77,1,0,0,0,0,1,0,0,0,0,1,0,0
26.0,10,31823.92,2654286.39,13,143.83,0,0,0,0,1,0,0,0,0,0,0,1,0
63.0,26,21518.97,2323520.49,0,298.94,0,0,0,0,0,1,0,0,1,0,1,0,0
18.0,8,21506.05,228347.7,15,221.38,0,1,0,0,0,0,0,1,0,0,1,0,0
68.0,8,2883.02,2498834.52,11,255.43,1,0,0,0,0,0,0,1,0,0,0,1,1
62.0,60,22257.25,115371.2,11,30.5,0,0,0,0,1,0,0,0,0,0,0,0,1
30.0,72,34001.0,763333.37,3,76.68,1,0,0,0,0,1,0,0,1,0,1,0,1
21.0,34,21677.13,2757379.2,4,41.5,0,0,0,0,0,0,0,0,0,1,0,0,1
18.0,16,43748.07,2593672.23,1,139.62,1,0,1,0,0,0,0,1,0,0,1,0,0
66.0,13,17295.58,2345396.37,6,215.77,1,0,1,0,0,0,0,0,1,0,0,1,1
57.0,22,7501.42,1375353.95,3,51.55,1,0,1,0,0,0,0,0,1,0,1,0,0
49.0,27,40766.38,967635.23,7,39.92,0,0,0,0,0,0,1,1,0,0,1,0,0
44.0,64,34023.45,2645229.78,13,184.77,1,0,0,0,1,0,0,0,1,1,0,0,0
45.0,2,12849.15,1972936.9,13,69.86,0,1,0,0,0,0,0,0,1,0,0,1,0
48.0,26,27286.11,890049.02,14,144.32,1,1,0,0,0,0,0,0,0,1,0,0,0
25.0,69,20690.76,1392271.65,0,16.28,1,0,0,0,0,0,1,0,1,0,0,0,1
56.0,30,47004.13,2645093.17,9,204.5,1,1,0,0,0,0,0,0,0,0,0,1,1
43.0,8,30759.27,2710849.03,0,162.85,1,0,0,0,0,1,0,0,1,0,1,0,1
51.0,38,8761.07,1979609.77,0,194.58,0,0,1,0,0,0,0,0,0,1,0,0,0
20.0,61,25605.27,2199004.8,3,83.35,1,0,0,0,1,0,0,0,0,1,0,0,1
67.0,65,43265.28,122697.01,0,84.3,1,1,0,0,0,0,0,0,1,0,0,1,0
29.0,67,33903.34,1815778.52,15,240.61,0,1,0,0,0,0,0,0,0,1,0,0,0
18.0,46,42280.15,2068532.74,15,215.85,1,0,0,1,0,0,0,1,0,0,0,1,1
61.0,72,13269.57,66029.56,14,174.34,1,0,0,1,0,0,0,1,0,0,0,0,0
22.0,43,44529.22,2532357.67,4,188.81,1,0,0,1,0,0,0,0,1,0,0,1,0
47.0,59,38024.96,2785213.61,13,29.12,1,0,0,0,1,0,0,0,1,0,0,1,0
47.0,46,36716.77,717619.67,13,257.0,0,0,1,0,0,0,0,0,1,0,0,0,0
34.0,72,17980.51,2538158.82,5,231.2,0,0,0,0,0,0,0,1,0,0,0,0,1
65.0,35,44495.25,1998210.19,6,177.56,1,0,1,0,0,0,0,0,1,0,1,0,1
64.0,39,32260.99,1744183.98,7,275.66,0,0,1,0,0,0,0,0,1,1,0,0,1
40.0,51,42740.13,2530162.29,7,51.42,0,0,0,0,1,0,0,0,0,0,0,0,1
32.0,4,18687.6,860403.55,1,206.31,1,0,0,0,0,1,0,0,1,0,0,0,0
54.0,51,8136.95,2373614.25,11,288.93,0,0,0,0,0,1,0,1,0,1,0,0,0
38.0,5,17284.52,946989.7,3,93.69,1,0,0,0,1,0,0,1,0,1,0,0,0
31.0,55,23307.95,2363432.35,6,5.57,0,0,0,1,0,0,0,0,1,0,1,0,1
19.0,20,25186.59,1355906.75,8,220.73,0,1,0,0,0,0,0,1,0,0,1,0,0
28.0,24,26029.65,355251.69,8,3.09,0,0,0,0,0,0,1,0,0,0,0,1,1
68.0,36,27756.68,1147651.98,10,261.89,1,0,0,0,0,0,1,0,0,0,1,0,0
56.0,34,42243.58,704312.37,2,17.83,0,0,0,0,0,0,0,0,1,0,0,0,0
55.0,54,9334.96,306091.99,11,196.18,1,1,0,0,0,0,0,0,1,0,0,0,0
51.0,34,16486.51,335309.77,6,113.78,1,0,0,0,0,0,0,0,0,1,0,0,0
55.0,17,44541.82,2341313.84,3,61.8,0,0,0,1,0,0,0,0,0,0,1,0,0
67.0,5,28462.45,2644786.57,8,269.58,1,0,0,0,0,0,0,0,1,0,0,1,1
51.0,18,29586.1,2781751.71,6,224.13,0,1,0,0,0,0,0,1,0,0,0,1,0
35.0,55,24425.06,2562568.79,15,102.79,1,1,0,0,0,0,0,0,1,0,0,1,0
47.0,53,27899.76,2491521.17,12,85.96,1,0,0,0,0,0,1,0,1,0,0,1,0
32.0,50,10705.91,211163.38,12,221.07,0,0,0,0,0,1,0,0,1,1,0,0,0
44.0,72,27796.48,2371420.17,5,251.13,0,0,0,1,0,0,0,0,1,0,1,0,0
68.0,45,49861.48,2350931.57,8,215.04,0,0,0,0,1,0,0,0,1,0,1,0,0
51.0,13,25186.59,398214.73,6,192.36,0,0,0,0,0,0,0,0,1,0,1,0,1
69.0,16,3175.72,1987717.65,10,69.15,1,0,0,0,0,0,1,0,1,0,1,0,0
55.0,13,40025.35,1360259.47,7,255.99,1,0,0,0,0,0,0,1,0,0,0,1,0
50.0,20,20427.3,2700540.5,10,225.15,1,0,0,0,0,0,0,0,1,0,0,1,1
41.0,66,8530.13,2087748.05,4,155.67,0,0,0,0,1,0,0,0,0,1,0,0,0
32.0,47,43263.47,2853207.67,3,153.96,1,0,0,1,0,0,0,0,1,1,0,0,0
47.0,19,10700.69,319243.32,0,171.18,0,1,0,0,0,0,0,1,0,0,0,1,0
59.0,45,25186.59,126618.91,13,248.65,1,0,1,0,0,0,0,0,0,0,0,0,0
68.0,37,22648.03,2920870.18,7,222.94,0,0,0,0,0,0,0,0,1,0,1,0,1
34.0,54,37396.75,245175.52,5,257.02,1,0,1,0,0,0,0,0,1,1,0,0,1
22.0,6,27802.8,1161656.48,3,152.68,1,0,0,1,0,0,0,0,0,0,0,1,0
46.0,14,13574.71,1951662.01,2,187.77,0,0,1,0,0,0,0,0,1,0,1,0,0
21.0,4,33883.42,2640769.74,4,256.52,1,0,0,0,0,0,0,1,0,0,1,0,0
27.0,55,47937.71,767459.07,3,70.46,0,0,0,0,1,0,0,0,1,0,0,1,0
34.0,34,38712.21,92029.34,10,133.76,1,0,1,0,0,0,0,1,0,0,0,0,0
27.0,27,30596.88,1566253.94,10,186.58,1,0,0,1,0,0,0,0,1,0,0,0,1
34.0,7,49540.78,1415980.5,6,274.63,0,0,0,1,0,0,0,0,0,1,0,0,0
37.0,3,14001.01,924145.08,5,5.73,0,0,0,0,0,1,0,1,0,0,0,1,0
41.0,47,4054.73,2622328.61,2,64.56,1,0,0,0,0,1,0,0,1,1,0,0,0
22.0,2,2574.41,2249219.9,11,71.1,1,0,0,0,1,0,0,0,1,0,0,0,0
51.0,25,35823.71,2575058.57,9,98.66,1,1,0,0,0,0,0,0,0,1,0,0,0
44.0,60,41681.39,489617.83,12,85.25,1,0,1,0,0,0,0,0,0,1,0,0,0
70.0,24,32119.93,2078773.82,10,177.45,1,0,0,0,0,1,0,1,0,0,0,0,0
19.0,15,45346.3,2925429.7,11,265.8,1,1,0,0,0,0,0,1,0,0,1,0,0
30.0,14,35200.83,1837682.11,15,191.46,0,0,0,0,0,0,1,1,0,0,1,0,0
60.0,54,19176.78,518236.27,13,73.22,0,0,0,1,0,0,0,0,1,0,0,0,0
60.0,6,9881.66,2987362.28,0,259.26,0,1,0,0,0,0,0,0,1,0,1,0,1
65.0,18,46307.73,1587329.13,13,189.98,1,0,0,1,0,0,0,1,0,0,0,1,0
28.0,20,6076.26,2520976.76,6,66.47,1,1,0,0,0,0,0,0,1,0,1,0,1
68.0,62,27606.43,452337.54,4,109.14,1,0,0,0,0,1,0,0,0,0,0,0,0
64.0,40,16386.39,1999958.17,0,237.2,0,0,0,0,0,1,0,0,1,0,0,1,1
40.0,39,14299.34,2738290.01,0,221.94,0,0,0,0,0,0,1,1,0,1,0,0,0
33.0,52,32645.91,1598393.37,5,173.4,1,1,0,0,0,0,0,0,1,0,0,0,0
48.0,32,12330.61,869536.88,3,44.29,1,0,0,1,0,0,0,0,0,0,0,0,0
28.0,27,45901.89,386628.37,13,241.18,0,0,1,0,0,0,0,1,0,0,1,0,0
33.0,52,20896.15,891354.27,7,92.96,0,0,0,1,0,0,0,1,0,0,0,1,1
25.0,63,34191.39,1067878.19,1,231.71,0,0,0,0,0,0,0,1,0,0,0,0,0
21.0,63,36660.03,2131315.54,3,194.62,1,0,0,0,0,1,0,1,0,0,0,1,1
57.0,17,34464.14,539971.11,11,79.99,1,0,0,0,1,0,0,0,1,0,0,1,1
21.0,49,45266.61,322784.04,12,64.5,1,0,0,0,1,0,0,0,0,0,1,0,0
42.0,23,12325.41,1163883.93,7,40.14,0,0,0,0,0,1,0,0,1,0,0,0,0
20.0,72,5216.67,1378667.58,14,73.34,0,0,0,0,0,0,0,0,1,0,0,1,1
49.0,13,3717.82,1887013.23,14,48.19,1,0,0,0,1,0,0,1,0,0,0,1,0
20.0,23,44014.36,2124056.25,11,185.5,1,0,0,0,0,1,0,0,0,1,0,0,1
44.0,57,48691.07,2668386.74,7,180.04,0,0,0,0,1,0,0,0,1,0,1,0,0
46.0,62,15823.8,870415.93,15,176.27,1,0,0,0,0,1,0,0,0,0,0,0,0
49.0,54,34982.18,1588180.43,15,192.93,0,0,0,0,0,0,1,0,0,0,0,1,0
67.0,20,1436.73,1101291.92,4,244.62,0,0,1,0,0,0,0,0,0,0,1,0,0
68.0,52,10242.94,9257.91,2,274.15,1,0,1,0,0,0,0,0,0,0,0,0,0
36.0,23,34774.44,1740398.31,12,69.88,0,0,0,1,0,0,0,0,1,0,0,1,0
38.0,35,4228.47,2448309.25,14,176.74,1,1,0,0,0,0,0,0,0,0,0,0,0
22.0,67,23956.99,114136.26,3,24.42,0,0,0,0,0,1,0,0,1,0,0,0,0
35.0,34,33466.58,15457.82,2,36.92,0,1,0,0,0,0,0,0,0,0,1,0,0
45.0,33,38531.95,2184816.13,10,196.65,1,0,0,1,0,0,0,0,0,0,1,0,1
59.0,46,23236.98,2053159.88,1,146.49,0,0,0,1,0,0,0,0,1,1,0,0,0
39.0,45,31883.92,1220527.06,13,227.74,1,0,0,0,0,1,0,1,0,1,0,0,0
38.0,19,27439.21,1986506.62,3,128.28,1,0,0,0,0,1,0,0,1,1,0,0,0
23.0,15,3562.98,2860391.29,8,39.15,0,0,0,1,0,0,0,0,0,0,0,1,0
18.0,66,37397.43,747349.08,5,261.74,1,0,0,1,0,0,0,0,1,1,0,0,0
22.0,39,9445.73,741550.15,3,25.78,1,0,1,0,0,0,0,0,0,0,0,0,1
58.0,18,2558.47,562765.45,0,57.5,1,1,0,0,0,0,0,0,1,0,1,0,0
29.0,70,23107.23,2173340.32,13,83.82,1,0,0,1,0,0,0,0,1,0,0,0,1
43.0,59,43416.24,1062801.77,6,298.59,1,0,1,0,0,0,0,0,1,0,1,0,1
63.0,32,8390.64,2966135.94,1,125.64,1,0,0,1,0,0,0,1,0,0,1,0,1
51.0,21,1630.02,2145373.47,11,151.01,0,0,0,0,1,0,0,0,1,0,0,0,0
66.0,40,6388.98,1105293.78,5,231.14,1,0,0,1,0,0,0,0,1,0,0,0,0
31.0,27,18819.3,451812.17,9,191.29,0,0,0,0,0,1,0,1,0,0,0,1,0
43.0,2,29428.42,1778114.33,0,252.58,0,0,0,0,0,0,0,1,0,0,1,0,1
62.0,39,10457.59,888235.24,12,146.44,1,0,0,0,0,0,0,0,0,1,0,0,0
44.0,56,40296.24,2716999.7,6,291.68,0,0,0,1,0,0,0,0,0,0,0,1,0
26.0,13,37911.56,1327006.18,3,239.25,0,0,0,0,0,0,1,0,1,1,0,0,0
43.0,56,35097.32,881486.64,10,121.01,1,0,0,0,1,0,0,0,0,0,0,1,0
64.0,66,24886.02,1767712.68,2,115.0,1,1,0,0,0,0,0,0,1,0,1,0,1
39.0,56,18895.63,415238.63,9,278.92,1,0,0,1,0,0,0,1,0,0,0,0,0
64.0,28,19403.74,1686839.47,6,205.64,0,1,0,0,0,0,0,1,0,0,0,0,0
47.0,64,25650.46,173053.88,12,186.81,0,0,0,0,1,0,0,0,1,0,1,0,0
60.0,71,4788.42,1822631.6,2,227.59,1,0,0,1,0,0,0,0,0,0,0,0,0
65.0,64,34432.97,1592840.71,7,168.69,1,0,0,0,0,0,1,0,0,0,1,0,0
34.0,56,18223.87,1564694.12,10,48.59,0,0,1,0,0,0,0,0,0,0,1,0,0
43.0,41,12013.18,2054072.34,15,96.45,0,0,0,0,0,0,1,0,1,0,1,0,0
53.0,41,14638.03,138147.56,3,167.83,0,0,0,0,0,1,0,0,0,0,0,1,1
18.0,4,9834.42,1381895.74,2,6.43,0,0,0,0,0,0,1,1,0,0,0,0,0
25.0,57,45176.84,1334895.8,6,131.77,1,0,1,0,0,0,0,1,0,0,0,1,0
66.0,30,9282.84,1382048.41,6,226.99,0,0,0,0,0,1,0,1,0,1,0,0,0
52.0,46,44263.38,2939773.46,15,50.11,0,0,1,0,0,0,0,1,0,0,1,0,1
69.0,56,29039.93,422139.03,8,20.3,0,0,0,0,0,0,0,1,0,0,0,0,1
32.0,31,43505.1,2072837.12,9,250.97,0,0,1,0,0,0,0,1,0,1,0,0,1
64.0,7,24229.15,1208978.43,6,185.56,1,0,0,1,0,0,0,1,0,0,1,0,1
39.0,54,46454.05,1537620.94,5,53.8,1,1,0,0,0,0,0,1,0,1,0,0,1
31.0,8,11363.05,2288369.75,2,242.09,0,0,0,0,0,0,0,1,0,0,0,1,1
43.0,55,28179.9,476339.45,3,197.78,0,0,0,0,0,0,0,0,1,0,0,1,0
45.0,69,7166.1,2291937.71,7,100.9,1,1,0,0,0,0,0,0,1,0,0,0,0
40.0,44,22913.79,215640.69,5,113.48,1,0,0,0,0,0,0,1,0,1,0,0,0
31.0,13,28925.28,1452511.99,8,47.61,0,0,1,0,0,0,0,1,0,1,0,0,0
41.0,20,30678.09,2227502.22,7,250.74,0,0,0,0,0,0,1,1,0,0,0,1,1
19.0,32,18910.91,581691.61,13,153.19,1,0,0,0,1,0,0,0,0,0,0,1,1
62.0,60,4740.45,2313892.36,7,167.55,1,0,1,0,0,0,0,0,1,0,0,0,0
43.0,50,33110.98,504603.46,10,265.16,1,0,0,0,0,1,0,1,0,0,1,0,1
31.0,27,24933.16,2398720.08,9,5.73,1,0,0,0,0,1,0,0,1,0,0,0,0
68.0,25,7707.06,1409462.04,9,21.01,1,0,0,0,0,0,1,1,0,0,0,1,0
24.0,52,46857.92,2055491.8,6,49.31,1,0,0,0,0,0,1,0,0,0,0,0,0
20.0,68,47827.76,2752632.34,9,9.98,0,0,0,0,0,0,0,1,0,0,1,0,0
64.0,21,42973.71,1228222.46,10,197.79,1,1,0,0,0,0,0,0,1,0,0,1,0
40.0,18,42349.55,702707.79,0,190.53,1,0,0,1,0,0,0,0,1,0,1,0,0
63.0,39,5834.89,2602156.47,14,64.03,1,0,0,0,0,0,0,0,1,0,0,0,1
60.0,15,49677.59,489041.86,4,45.67,1,0,0,0,0,0,0,0,1,0,1,0,0
64.0,53,20618.65,1896270.78,13,44.56,0,1,0,0,0,0,0,1,0,0,0,1,0
62.0,38,8992.93,2770143.6,6,286.02,0,1,0,0,0,0,0,0,0,0,0,1,0
35.0,48,40792.98,2024818.15,9,208.36,1,0,0,0,1,0,0,0,0,0,1,0,0
55.0,52,12060.81,591064.85,8,176.04,0,0,0,0,1,0,0,1,0,0,0,0,0
52.0,72,26782.59,461090.44,15,97.42,0,0,0,0,1,0,0,1,0,0,0,0,0
68.0,28,7272.79,760655.07,15,130.48,0,0,0,0,1,0,0,0,1,0,0,0,0
32.0,16,24257.64,1177263.46,11,27.73,0,0,0,0,0,0,1,1,0,0,0,0,0
42.0,16,28348.93,481681.3,3,299.45,0,0,0,0,0,0,1,0,0,1,0,0,0
54.0,35,22850.27,2394453.13,7,226.77,0,1,0,0,0,0,0,1,0,1,0,0,0
45.0,17,4404.85,1074320.85,0,186.81,1,0,0,1,0,0,0,1,0,0,1,0,0
27.0,52,24762.01,2808579.77,3,176.74,1,0,0,0,0,0,0,0,0,1,0,0,0
44.0,12,23978.2,2528260.14,3,151.79,1,0,0,0,0,1,0,0,0,1,0,0,0
34.0,48,13819.39,2726910.7,1,77.97,1,0,0,1,0,0,0,1,0,1,0,0,1
56.0,22,46158.48,887005.68,10,68.69,1,0,1,0,0,0,0,0,1,0,1,0,0
39.0,49,21471.82,1723325.97,10,165.31,0,0,0,0,0,0,1,0,1,1,0,0,1
43.0,52,43341.67,967741.31,2,21.99,1,0,0,0,1,0,0,0,1,0,0,0,0
61.0,1,6373.53,774560.79,2,23.27,1,0,0,0,1,0,0,0,0,0,0,0,0
42.0,66,16624.99,1823224.91,8,168.68,0,0,1,0,0,0,0,0,0,0,1,0,0
34.0,64,9640.21,2454896.16,6,276.02,0,0,0,1,0,0,0,0,1,0,1,0,0
30.0,8,21012.13,285325.43,1,274.37,1,0,0,0,1,0,0,1,0,0,1,0,0
37.0,25,6470.2,830927.44,8,4.24,0,0,0,1,0,0,0,1,0,0,0,1,1
42.0,66,22610.71,619376.87,7,33.11,0,0,0,0,0,0,0,1,0,1,0,0,0
21.0,70,18339.67,2396058.77,5,175.34,0,0,1,0,0,0,0,0,0,0,1,0,0
27.0,51,11942.44,2800449.36,5,254.69,0,0,0,0,0,1,0,0,0,0,1,0,0
20.0,53,32466.79,244428.42,11,286.38,1,0,0,1,0,0,0,0,1,0,1,0,0
58.0,15,47594.66,1140744.18,15,258.31,0,0,0,0,0,0,0,1,0,0,0,0,0
62.0,50,11148.56,2743954.58,1,203.61,1,0,0,1,0,0,0,0,0,0,1,0,1
35.0,71,35877.75,1037191.47,12,60.96,1,0,0,1,0,0,0,0,0,0,0,0,0
64.0,38,37376.66,2139421.0,15,22.71,0,0,0,0,1,0,0,0,1,0,0,0,1
53.0,40,25407.91,306495.83,2,15.21,0,1,0,0,0,0,0,1,0,0,0,1,1
64.0,66,44985.75,1335940.66,5,184.01,0,0,0,0,0,0,1,0,0,0,1,0,0
39.0,39,48353.11,1512385.82,13,11.82,1,0,0,1,0,0,0,0,0,0,0,1,0
51.0,17,18750.08,2274203.91,15,222.03,0,0,0,1,0,0,0,0,0,0,1,0,1
64.0,7,32900.63,870029.83,11,214.03,0,1,0,0,0,0,0,0,0,1,0,0,0
25.0,39,33448.42,796244.77,2,24.8,0,1,0,0,0,0,0,1,0,0,1,0,0
57.0,68,20778.14,912388.17,10,272.08,0,0,0,0,0,0,0,0,1,0,1,0,0
66.0,35,16522.76,1669311.04,10,157.06,0,0,0,0,0,1,0,1,0,0,1,0,0
61.0,51,46753.47,2628633.22,6,271.43,1,0,0,0,0,1,0,0,1,0,1,0,1
36.0,47,39709.1,2493669.48,13,270.58,0,0,1,0,0,0,0,0,0,0,1,0,0
59.0,36,6608.76,178547.24,15,59.91,0,0,0,0,1,0,0,1,0,0,1,0,0
58.0,64,6874.32,2637470.56,4,114.79,0,1,0,0,0,0,0,0,1,0,0,1,0
54.0,13,46204.6,289852.58,3,41.25,1,0,0,0,0,0,0,0,1,1,0,0,0
23.0,18,4989.08,1248967.47,7,232.72,0,0,0,1,0,0,0,0,0,0,0,1,1
69.0,21,34732.65,2297386.3,10,151.73,1,0,0,0,0,0,0,0,1,1,0,0,0
43.0,65,12111.15,249125.55,10,278.71,1,1,0,0,0,0,0,0,1,0,0,1,1
51.0,8,2724.08,125997.04,1,63.26,0,1,0,0,0,0,0,0,1,0,0,1,0
62.0,48,3922.24,993337.43,2,206.82,0,1,0,0,0,0,0,0,0,0,1,0,0
23.0,43,19302.58,2191127.2,9,296.78,0,0,1,0,0,0,0,1,0,0,0,1,0
54.0,53,4801.83,1567660.53,11,199.95,1,0,0,0,0,0,1,0,0,1,0,0,1
50.0,27,30235.32,1253920.6,3,21.56,1,0,0,0,1,0,0,0,1,0,0,0,0
70.0,19,32715.47,2440154.59,11,176.94,1,0,1,0,0,0,0,0,1,1,0,0,0
39.0,23,19299.96,2301294.24,9,54.77,1,0,1,0,0,0,0,1,0,0,0,1,1
38.0,50,37401.03,2359199.41,13,10.12,1,0,0,0,0,0,1,0,1,0,0,0,0
23.0,51,25012.08,1381881.84,5,101.15,1,0,1,0,0,0,0,1,0,0,1,0,0
23.0,43,22081.2,63250.48,14,80.57,0,1,0,0,0,0,0,0,1,0,0,0,0
65.0,51,20942.42,520550.24,4,236.84,0,1,0,0,0,0,0,0,1,0,1,0,1
21.0,69,22124.22,2225194.78,14,112.73,1,0,0,0,0,0,0,0,0,1,0,0,0
47.0,41,48426.49,2260754.55,4,220.15,0,0,0,1,0,0,0,0,0,0,0,0,1
28.0,72,34388.95,2917034.35,6,5.86,0,0,1,0,0,0,0,1,0,0,0,0,0
47.0,11,16445.28,574608.65,7,5.43,1,0,0,1,0,0,0,0,0,0,0,0,0
48.0,52,36959.13,373165.73,5,9.76,1,0,0,0,1,0,0,1,0,0,1,0,0
41.0,23,17183.1,420674.95,14,66.59,0,0,0,0,0,1,0,0,0,0,1,0,1
44.0,49,7160.03,558440.4,13,112.82,1,1,0,0,0,0,0,1,0,1,0,0,0
20.0,38,24292.66,1587762.68,2,182.75,1,0,0,0,0,0,0,0,1,1,0,0,0
68.0,47,37800.17,2925758.33,3,295.79,0,0,0,0,1,0,0,1,0,0,0,1,0
48.0,72,19505.34,1770347.29,13,106.97,1,0,0,0,0,0,0,0,0,0,1,0,0
57.0,7,43589.53,1570450.76,15,17.64,0,0,0,0,0,1,0,1,0,1,0,0,1
54.0,66,19960.68,2021701.91,0,59.28,0,0,0,0,0,1,0,0,0,0,0,0,0
53.0,62,18142.11,226421.52,13,269.46,0,0,0,0,0,0,1,0,1,0,0,0,0
41.0,29,49913.95,2446985.63,10,210.11,0,1,0,0,0,0,0,0,0,0,0,0,0
48.0,38,24641.13,1942404.23,13,237.27,0,0,0,0,1,0,0,0,1,1,0,0,1
23.0,33,40455.84,517719.08,4,38.13,1,0,0,0,0,0,1,0,1,0,0,0,0
19.0,29,40444.41,1893992.69,12,41.36,1,0,0,0,0,1,0,0,0,0,0,0,0
37.0,23,46392.1,1790642.85,14,34.56,1,0,0,0,1,0,0,0,1,0,1,0,0
45.0,3,5159.86,199234.69,11,257.29,1,0,0,0,0,0,0,0,0,0,1,0,0
28.0,45,14289.79,804461.93,9,63.78,0,0,0,0,0,0,1,1,0,1,0,0,1
21.0,8,38619.66,1175870.16,15,193.3,0,0,0,0,0,0,1,0,1,0,1,0,0
32.0,29,28567.47,738441.15,7,155.33,1,1,0,0,0,0,0,1,0,0,0,1,0
23.0,2,28421.13,733269.25,2,163.77,0,0,0,1,0,0,0,1,0,1,0,0,0
66.0,50,9144.55,1720980.68,9,59.44,1,0,0,0,0,0,0,0,0,0,0,1,0
47.0,65,14776.5,1415222.76,12,190.94,1,0,0,0,0,0,0,0,0,0,0,1,0
55.0,20,26545.37,2003540.08,14,13.89,1,0,0,0,0,0,1,0,1,1,0,0,0
68.0,52,14581.89,2869439.23,3,298.05,0,0,0,0,0,0,1,0,0,0,1,0,1
19.0,37,11303.86,1983365.35,12,9.0,0,1,0,0,0,0,0,1,0,0,1,0,0
32.0,72,5300.05,1748377.32,3,16.0,0,0,0,1,0,0,0,1,0,1,0,0,1
28.0,27,8630.57,2543440.68,5,98.07,0,0,0,0,0,0,0,1,0,0,0,1,0
25.0,47,38674.52,1898058.97,15,249.66,1,0,0,0,0,1,0,0,1,1,0,0,1
43.0,6,36220.18,500856.0,8,77.9,0,0,1,0,0,0,0,0,0,1,0,0,0
68.0,60,3245.85,947672.35,9,142.11,0,0,1,0,0,0,0,1,0,0,0,0,0
62.0,45,10960.92,2201414.05,2,6.38,0,0,0,1,0,0,0,0,1,0,0,0,0
61.0,44,28462.31,2216455.24,3,24.58,1,0,0,0,1,0,0,0,0,0,0,1,0
22.0,18,16808.76,2961091.21,5,182.78,1,1,0,0,0,0,0,0,0,0,1,0,1
23.0,65,41339.23,1882789.76,5,59.11,0,0,0,1,0,0,0,1,0,0,0,0,0
43.0,25,39464.48,2699137.84,6,208.58,0,0,1,0,0,0,0,0,1,0,0,0,0
21.0,27,44687.45,168468.03,14,235.83,0,0,0,0,0,0,1,1,0,0,0,1,0
36.0,7,28583.63,1700835.92,0,255.25,0,0,1,0,0,0,0,1,0,1,0,0,1
37.0,44,18251.75,2759944.83,13,41.01,1,0,0,0,0,0,1,0,1,0,0,0,0
50.0,29,30697.17,865296.48,13,137.2,0,1,0,0,0,0,0,1,0,0,1,0,0
37.0,44,5367.7,468855.43,8,284.18,0,0,0,0,0,0,1,0,1,0,0,1,0
66.0,36,1469.71,1054777.93,15,231.85,0,0,0,1,0,0,0,0,1,0,0,0,0
29.0,19,1837.58,2377747.32,1,35.97,1,0,0,0,0,0,1,1,0,0,0,1,0
64.0,6,20969.6,258678.94,13,151.25,1,0,0,0,1,0,0,1,0,0,0,0,1
18.0,25,12175.8,1803014.28,3,276.79,0,0,0,1,0,0,0,0,0,0,0,0,0
43.0,31,8709.55,411216.66,2,132.57,0,1,0,0,0,0,0,0,0,0,0,1,0
31.0,9,31150.97,1309419.66,2,251.39,0,0,0,1,0,0,0,0,1,0,1,0,1
55.0,37,49759.66,2898101.12,10,149.26,0,0,0,0,1,0,0,0,1,0,1,0,0
54.0,27,9709.91,589457.09,4,32.94,0,1,0,0,0,0,0,0,1,1,0,0,0
28.0,13,27774.65,106879.56,15,45.21,1,0,1,0,0,0,0,0,0,0,0,0,0
53.0,41,6866.65,1284474.0,6,14.96,1,0,0,0,1,0,0,1,0,1,0,0,0
30.0,66,46777.59,1735198.29,12,59.4,1,1,0,0,0,0,0,1,0,0,0,1,1
60.0,24,15296.0,896065.62,11,268.19,0,0,0,0,0,1,0,0,0,1,0,0,1
20.0,44,44038.65,1627595.17,6,195.41,1,0,0,0,0,0,1,1,0,0,0,1,0
50.0,60,14870.75,2860438.83,13,221.92,1,0,0,1,0,0,0,1,0,0,1,0,0
23.0,9,40496.57,938753.51,13,186.88,1,1,0,0,0,0,0,1,0,0,0,1,0
67.0,2,11259.69,931733.96,6,116.58,0,0,0,1,0,0,0,0,0,0,0,1,1
27.0,56,15346.68,1450889.85,2,65.84,0,0,0,0,0,0,1,0,1,1,0,0,0
22.0,30,10431.29,1548372.43,8,277.76,1,1,0,0,0,0,0,1,0,0,0,0,0
40.0,22,13948.73,9090.95,5,154.93,0,0,1,0,0,0,0,1,0,1,0,0,1
27.0,13,41908.42,1849546.02,15,144.85,1,0,0,0,0,1,0,0,1,0,1,0,0
61.0,71,32312.59,2992085.26,10,298.84,1,0,0,0,0,1,0,1,0,0,1,0,0
19.0,16,20888.1,879564.11,11,115.8,1,0,0,0,1,0,0,1,0,0,1,0,1
30.0,45,48604.53,1894276.09,10,256.38,1,1,0,0,0,0,0,0,1,0,0,0,0
57.0,65,23778.21,18841.86,9,258.84,0,0,0,0,0,0,1,0,0,1,0,0,0
19.0,11,48518.24,1814958.2,10,70.57,0,1,0,0,0,0,0,0,0,0,0,1,0
37.0,70,10632.76,1343969.59,7,29.36,0,0,0,1,0,0,0,1,0,0,0,1,1
18.0,20,45327.28,1593227.99,13,292.71,0,0,0,0,0,0,0,1,0,0,0,0,0
54.0,63,1677.29,1633995.38,14,128.34,1,1,0,0,0,0,0,0,1,0,1,0,1
26.0,12,27719.86,534974.14,13,1.66,0,0,0,0,0,1,0,0,1,0,0,0,0
34.0,62,21729.57,2311054.53,0,150.21,1,0,0,0,0,1,0,1,0,0,0,1,0
26.0,42,26729.3,1668631.51,3,186.17,0,0,0,0,0,1,0,1,0,0,1,0,0
28.0,69,28118.8,814232.41,14,233.05,0,0,1,0,0,0,0,0,0,0,0,0,0
32.0,58,20062.54,2812457.73,14,282.94,0,1,0,0,0,0,0,0,0,0,0,1,1
41.0,5,49911.69,43257.26,6,274.64,1,0,0,0,1,0,0,0,0,0,0,1,0
55.0,27,48848.85,2179181.96,11,282.1,1,1,0,0,0,0,0,0,0,0,0,0,0
52.0,28,48125.52,1146799.38,8,10.61,1,0,0,0,0,0,0,0,1,0,0,1,0
47.0,26,48975.17,1570021.77,11,213.82,1,0,0,0,0,1,0,0,0,1,0,0,0
48.0,49,39857.61,878071.7,2,68.53,0,0,0,1,0,0,0,0,0,1,0,0,0
66.0,21,49440.93,967150.27,11,57.08,1,0,0,0,0,1,0,1,0,0,1,0,0
22.0,1,44725.65,50422.81,10,240.3,1,1,0,0,0,0,0,0,0,1,0,0,0
61.0,58,21380.7,2190886.04,11,125.72,0,0,1,0,0,0,0,1,0,1,0,0,0
67.0,55,39454.08,2133841.24,5,275.06,0,0,0,0,0,0,1,1,0,0,0,0,0
31.0,26,45691.32,1964802.81,7,13.69,1,1,0,0,0,0,0,0,0,0,1,0,1
70.0,25,35917.7,2634462.29,10,240.85,0,1,0,0,0,0,0,0,0,0,0,0,0
28.0,33,21716.33,2704296.4,2,41.91,1,0,0,0,1,0,0,1,0,0,0,0,1
26.0,72,4223.72,1671550.74,15,53.8,0,0,1,0,0,0,0,0,1,1,0,0,1
51.0,69,40675.15,2056046.36,15,143.73,1,0,0,0,0,0,0,1,0,1,0,0,1
29.0,6,47684.4,37940.21,5,119.28,1,0,0,0,0,0,1,0,1,0,0,1,1
52.0,23,18760.7,2539797.46,8,146.37,1,0,0,0,0,1,0,0,1,0,0,1,0
52.0,30,8443.4,2450158.21,8,282.07,1,0,0,1,0,0,0,0,0,0,1,0,0
18.0,54,16998.69,65644.61,5,197.56,1,1,0,0,0,0,0,0,0,1,0,0,0
57.0,11,29548.5,1630761.52,4,87.8,0,0,0,0,0,0,0,0,0,0,0,1,0
39.0,31,16529.52,2720433.43,0,52.7,1,0,0,0,0,0,1,0,0,0,0,0,0
46.0,6,30920.32,548257.02,2,126.59,1,0,0,1,0,0,0,1,0,1,0,0,0
25.0,11,48375.76,1061171.54,14,136.04,1,0,0,0,0,0,0,0,1,0,1,0,0
28.0,12,33865.99,996505.77,2,180.79,1,0,1,0,0,0,0,1,0,0,1,0,0
58.0,66,18770.31,1071041.72,11,80.53,1,0,1,0,0,0,0,0,1,0,0,0,1
54.0,53,46851.9,130448.66,3,230.49,0,0,0,0,0,0,1,1,0,0,0,1,0
31.0,36,28716.13,840657.96,4,30.44,0,0,0,0,0,1,0,0,1,0,0,0,0
47.0,17,7290.25,888094.66,15,168.58,1,0,0,1,0,0,0,0,0,0,0,1,1
52.0,28,25450.07,2598286.79,10,187.44,0,0,1,0,0,0,0,0,1,1,0,0,0
38.0,22,33028.19,1059587.44,7,62.84,1,0,0,0,0,0,1,0,0,0,1,0,0
54.0,7,42074.46,1344414.14,12,247.98,0,0,1,0,0,0,0,0,1,0,0,1,1
22.0,15,46887.36,1145310.49,10,185.01,0,0,1,0,0,0,0,1,0,0,0,0,0
36.0,11,16553.39,366416.98,8,194.07,1,0,0,0,0,0,0,0,1,1,0,0,0
31.0,24,8620.11,2971118.49,11,149.83,0,0,0,0,0,0,0,1,0,0,0,1,1
43.0,67,4617.6,2478346.45,13,272.97,0,0,1,0,0,0,0,1,0,1,0,0,0
21.0,30,37179.38,1625056.32,13,208.48,1,0,0,0,1,0,0,0,0,1,0,0,0
42.0,70,39962.75,1431711.66,6,115.17,1,0,0,0,0,0,0,0,1,0,0,0,0
62.0,66,21059.28,1949517.9,12,72.34,0,0,0,1,0,0,0,1,0,0,0,0,0
59.0,61,20400.34,982661.29,9,22.25,0,0,0,0,0,0,1,0,1,1,0,0,0
42.0,41,47757.61,155597.2,5,50.44,0,0,0,0,0,0,1,0,0,1,0,0,1
35.0,51,45917.38,1215928.86,14,297.81,1,0,0,0,0,1,0,0,0,0,0,1,0
57.0,44,25186.59,2952012.84,2,122.62,0,0,0,1,0,0,0,0,1,0,0,0,0
25.0,13,39259.57,551128.68,8,269.71,0,0,0,1,0,0,0,1,0,0,0,1,0
56.0,12,31512.32,1585477.35,9,52.0,0,0,0,1,0,0,0,1,0,0,1,0,0
57.0,9,8556.91,30521.58,0,128.18,1,0,0,0,0,1,0,1,0,0,0,1,0
31.0,48,18481.78,370484.39,8,288.2,1,0,0,1,0,0,0,0,1,1,0,0,0
49.0,49,9696.17,1763639.14,2,28.25,1,1,0,0,0,0,0,1,0,0,1,0,0
68.0,53,15462.65,895754.72,8,178.6,1,0,0,0,0,1,0,1,0,0,0,1,1
55.0,56,31149.76,2717525.04,15,275.83,0,0,0,0,0,0,1,1,0,0,1,0,0
50.0,40,19388.01,1221478.45,12,284.96,1,1,0,0,0,0,0,0,0,0,0,0,0
40.0,24,20308.92,628060.62,9,253.96,0,0,0,0,0,1,0,1,0,0,0,1,1
32.0,72,27442.72,1639047.35,0,256.92,0,0,1,0,0,0,0,0,1,0,0,1,0
50.0,33,5273.98,2385946.04,15,196.0,0,0,1,0,0,0,0,0,1,0,0,0,0
42.0,23,37201.07,63161.99,7,66.91,0,0,0,0,0,0,1,1,0,0,0,1,1
34.0,54,20683.77,1519032.76,5,219.47,1,0,1,0,0,0,0,0,1,0,1,0,1
50.0,53,24539.46,2321412.54,13,293.54,1,0,0,1,0,0,0,0,1,0,0,0,0
64.0,49,48740.69,315248.02,8,158.25,1,0,0,0,0,1,0,1,0,0,1,0,0
19.0,49,17873.98,2708881.56,3,78.95,1,1,0,0,0,0,0,0,0,0,0,1,1
31.0,60,32762.73,797229.64,11,172.47,1,0,0,1,0,0,0,1,0,0,0,1,0
70.0,65,20232.71,515957.81,4,207.49,0,0,1,0,0,0,0,0,1,0,0,1,0
57.0,32,44819.85,1769821.94,5,63.28,1,0,0,0,0,0,0,0,1,0,0,1,0
57.0,21,42491.06,529218.28,11,216.04,1,1,0,0,0,0,0,1,0,0,1,0,0
68.0,18,12839.59,2040706.05,8,176.64,1,0,0,1,0,0,0,0,1,0,0,1,0
56.0,60,34895.54,1472855.74,5,184.09,1,0,0,0,0,1,0,0,0,0,0,0,0
68.0,13,4193.43,334318.11,8,92.49,0,0,0,0,0,0,1,1,0,0,0,0,0
23.0,24,48196.08,2737907.95,1,47.42,0,0,0,1,0,0,0,0,1,1,0,0,1
23.0,30,18100.52,2021250.2,13,187.41,0,0,0,0,0,0,0,0,0,0,0,0,1
20.0,2,41760.3,1640249.11,3,176.28,0,0,1,0,0,0,0,0,1,1,0,0,0
24.0,25,16603.14,1126150.14,2,102.07,0,1,0,0,0,0,0,0,0,0,0,0,0
68.0,50,32005.77,408905.41,3,89.47,1,0,0,0,0,0,1,0,1,0,0,0,1
25.0,14,49195.95,2124017.52,0,104.83,0,1,0,0,0,0,0,1,0,0,0,1,0
59.0,6,43960.74,2441899.18,1,147.48,0,0,0,0,0,0,1,0,1,0,0,0,0
69.0,30,8857.93,381827.46,3,292.47,0,0,0,0,0,1,0,1,0,0,0,1,0
32.0,30,27826.93,1486230.04,9,229.31,1,1,0,0,0,0,0,0,0,0,0,1,1
64.0,38,18078.06,1457114.33,3,255.67,1,0,1,0,0,0,0,0,0,0,0,0,0
46.0,58,22282.6,1052985.57,4,152.19,0,0,0,0,0,1,0,0,1,0,1,0,0
50.0,41,17423.97,2369078.98,8,158.31,1,0,0,0,0,1,0,1,0,0,0,1,0
69.0,57,17462.0,303091.7,0,62.09,1,0,0,0,0,0,1,1,0,0,0,0,0
47.0,36,27585.11,619032.58,7,216.59,0,0,0,0,1,0,0,0,0,0,1,0,0
56.0,64,10406.24,9800.29,2,127.05,1,1,0,0,0,0,0,0,0,0,0,0,1
44.0,16,27332.38,1122091.24,8,222.99,1,1,0,0,0,0,0,0,1,0,0,0,0
53.0,72,14669.31,877078.61,15,123.31,1,0,0,1,0,0,0,0,0,0,1,0,1
46.0,14,15160.16,2601646.98,10,33.45,0,0,0,0,0,0,1,0,0,0,0,0,0
55.0,31,37198.65,2238701.68,7,52.74,0,0,0,0,0,0,0,1,0,0,0,1,0
50.0,66,2450.09,257994.23,7,243.66,0,0,0,0,1,0,0,1,0,1,0,0,0
54.0,68,19666.34,2224162.97,8,78.33,1,0,1,0,0,0,0,1,0,1,0,0,0
44.0,65,20969.18,2027823.66,14,80.04,0,0,0,1,0,0,0,0,0,0,0,0,0
50.0,55,24770.4,848764.2,3,278.88,1,0,0,0,1,0,0,0,1,1,0,0,0
21.0,40,33781.54,51305.02,15,197.63,1,0,0,0,0,0,1,0,1,1,0,0,1
39.0,25,19114.65,349911.39,15,35.18,1,0,0,0,1,0,0,0,0,1,0,0,0
19.0,25,11443.72,753573.55,11,43.93,0,0,0,0,0,1,0,0,1,0,0,1,1
27.0,3,44358.77,2450783.99,4,82.44,0,1,0,0,0,0,0,0,0,0,0,1,1
22.0,69,49070.89,1398611.91,11,178.6,0,0,0,0,0,1,0,0,1,1,0,0,0
27.0,26,1980.72,2755594.6,6,226.09,0,1,0,0,0,0,0,0,0,0,1,0,0
50.0,40,27776.88,2368499.64,1,83.07,1,0,0,1,0,0,0,1,0,0,1,0,1
55.0,38,17743.42,864889.0,6,261.32,0,0,0,0,0,0,1,0,1,0,1,0,0
30.0,38,14572.49,2536859.66,15,33.64,1,0,0,0,0,0,1,1,0,0,0,1,0
48.0,68,17449.61,354590.9,11,63.07,0,1,0,0,0,0,0,1,0,0,0,1,0
64.0,7,32305.01,113171.97,2,291.17,0,0,0,1,0,0,0,0,1,0,0,1,0
53.0,30,10345.08,1827571.67,5,41.29,0,0,0,0,0,0,1,0,0,0,0,1,0
62.0,19,25186.59,1028520.39,12,266.55,1,0,0,0,0,0,0,1,0,1,0,0,0
41.0,35,23839.61,991629.93,5,211.48,1,0,0,0,0,0,0,1,0,0,0,1,0
69.0,33,16953.26,2063188.52,5,22.85,1,0,0,0,0,1,0,0,0,1,0,0,0
32.0,33,38511.04,2551060.96,9,145.63,1,1,0,0,0,0,0,0,0,0,1,0,0
46.0,38,1800.99,969915.64,14,156.17,1,0,0,0,1,0,0,0,1,1,0,0,0
44.0,10,22160.79,978416.4,1,279.71,0,0,1,0,0,0,0,0,1,0,1,0,0
22.0,57,18409.88,1603883.86,8,126.91,1,1,0,0,0,0,0,0,0,0,0,1,1
46.0,28,17572.29,1961284.89,7,134.58,1,0,0,1,0,0,0,1,0,0,1,0,0
64.0,38,17516.5,612702.86,6,34.63,1,0,0,0,0,0,1,0,0,0,1,0,1
21.0,16,2532.3,2738474.06,10,192.11,1,1,0,0,0,0,0,0,1,1,0,0,1
29.0,21,8453.7,1964977.49,13,64.06,0,0,1,0,0,0,0,1,0,0,1,0,0
62.0,6,7952.37,1877359.63,11,24.18,1,0,1,0,0,0,0,1,0,0,0,0,0
19.0,41,49441.91,2713065.93,11,299.08,0,0,0,0,0,0,0,0,1,0,1,0,1
44.0,15,2086.12,2722258.92,15,81.62,0,0,0,1,0,0,0,1,0,0,0,1,0
48.0,3,9186.61,410972.61,14,43.17,0,1,0,0,0,0,0,0,0,0,1,0,0
68.0,43,48734.55,439501.13,8,210.15,1,0,0,0,1,0,0,0,1,0,0,0,0
68.0,47,31784.57,2287036.35,3,246.68,0,1,0,0,0,0,0,1,0,1,0,0,0
53.0,14,23082.69,2870855.44,14,20.16,1,0,0,0,0,0,0,0,1,0,1,0,0
53.0,66,4859.29,2001208.47,1,32.51,1,0,0,0,0,1,0,1,0,0,0,0,0
43.0,29,33813.4,1236894.41,3,27.96,1,0,1,0,0,0,0,0,0,0,0,1,0
60.0,4,7752.35,2052002.05,13,15.04,1,0,0,1,0,0,0,0,1,0,0,1,0
44.0,26,33888.12,690290.67,11,198.18,1,0,0,1,0,0,0,1,0,1,0,0,0
22.0,12,48979.65,2993909.07,9,176.91,0,0,0,0,1,0,0,0,0,0,0,1,0
37.0,2,27066.66,1296100.23,10,199.18,0,0,0,1,0,0,0,0,0,0,0,0,0
28.0,17,11490.15,2795399.58,13,152.19,1,0,0,0,0,0,0,0,0,0,1,0,0
27.0,35,31638.9,1295240.17,2,245.43,0,0,0,0,0,0,0,1,0,0,0,0,1
57.0,10,26133.55,2784778.64,1,164.45,1,0,0,0,0,0,0,1,0,1,0,0,0
55.0,43,27123.87,1010377.9,1,275.71,0,0,0,1,0,0,0,0,0,0,1,0,1
23.0,21,24427.24,2282826.24,13,146.21,0,0,0,1,0,0,0,0,0,0,0,0,0
25.0,15,34013.29,2853251.03,7,237.41,0,0,0,0,0,0,0,0,0,1,0,0,1
40.0,35,29025.32,1939712.13,12,122.8,0,0,0,1,0,0,0,0,0,1,0,0,0
64.0,60,49362.76,2034307.85,4,131.13,0,0,0,1,0,0,0,0,0,0,1,0,0
43.0,44,41467.31,313144.3,11,254.85,1,0,1,0,0,0,0,1,0,0,1,0,0
63.0,5,13970.22,1425288.74,13,33.19,1,1,0,0,0,0,0,0,1,0,0,1,1
60.0,18,36562.07,2660832.44,5,169.91,0,0,0,0,0,0,1,0,1,0,0,1,0
29.0,21,11500.72,726524.96,7,218.17,1,0,0,1,0,0,0,0,1,0,1,0,0
43.0,72,39334.97,2366147.23,6,225.38,0,1,0,0,0,0,0,1,0,0,0,1,0
30.0,51,8230.32,2028751.11,6,177.86,1,0,0,0,0,1,0,0,1,0,1,0,0
57.0,41,24204.14,672842.96,11,134.97,0,0,0,0,0,0,1,0,1,0,0,1,0
35.0,24,39739.7,851959.66,12,78.97,0,0,1,0,0,0,0,0,1,0,0,0,1
42.0,24,14725.52,1285544.9,6,272.92,0,0,0,1,0,0,0,0,1,1,0,0,0
50.0,38,42018.84,379762.0,11,111.57,1,0,0,0,0,0,0,0,0,0,1,0,0
64.0,44,32563.38,2740547.03,10,239.9,1,0,0,0,0,0,1,1,0,0,1,0,1
57.0,57,20478.59,2219376.03,15,10.47,0,0,0,1,0,0,0,0,1,0,1,0,0
60.0,59,21747.42,1098067.48,10,70.42,0,0,0,0,1,0,0,0,0,0,0,0,0
29.0,34,46373.59,902498.16,6,104.33,1,0,0,0,0,1,0,0,1,1,0,0,0
61.0,23,11671.76,2070288.72,7,201.8,1,0,0,0,0,0,0,0,1,0,0,1,1
53.0,43,34974.77,1275541.66,0,96.48,1,0,0,0,1,0,0,0,1,0,0,1,0
65.0,40,35657.42,691863.03,12,13.37,1,0,0,0,1,0,0,0,1,1,0,0,0
21.0,47,46200.03,1293301.51,2,52.99,1,0,0,0,0,0,1,0,1,0,0,1,0
22.0,41,35945.05,2614534.46,14,78.49,0,0,0,0,1,0,0,0,0,0,1,0,0
54.0,47,29638.9,210476.88,0,53.64,1,0,1,0,0,0,0,0,1,1,0,0,0
25.0,20,45223.6,1108232.95,7,61.91,0,0,1,0,0,0,0,0,0,0,0,0,0
59.0,65,41627.47,2887206.57,1,230.92,0,0,0,0,0,0,1,0,1,1,0,0,0
66.0,68,36122.05,49421.37,6,124.2,1,0,0,1,0,0,0,1,0,0,1,0,0
45.0,24,2596.34,2672467.75,5,122.15,1,1,0,0,0,0,0,0,0,1,0,0,0
48.0,36,19302.5,1127626.93,10,290.02,0,0,0,1,0,0,0,0,1,0,0,0,1
26.0,45,31962.59,572607.02,0,134.56,1,0,0,1,0,0,0,0,0,0,0,0,0
68.0,2,26590.28,49864.34,11,278.37,0,0,0,1,0,0,0,0,1,1,0,0,0
46.0,28,16646.6,216215.79,14,90.42,1,0,0,1,0,0,0,0,1,1,0,0,0
31.0,26,8076.77,519670.88,5,120.79,1,0,0,0,0,0,0,0,0,0,0,1,0
57.0,23,28096.83,81100.67,8,119.49,1,1,0,0,0,0,0,0,1,0,0,1,1
58.0,36,15009.96,1010870.35,2,164.28,0,0,0,0,0,0,0,0,1,0,1,0,0
39.0,6,12417.02,139454.88,11,175.69,1,0,0,0,1,0,0,0,1,0,0,1,0
28.0,35,20548.95,2078187.11,6,75.19,0,0,0,0,0,1,0,0,1,0,1,0,1
40.0,38,39489.08,2457626.81,15,238.28,1,0,0,1,0,0,0,0,1,0,1,0,0
18.0,35,24904.82,2662954.45,3,149.46,0,0,0,0,0,1,0,0,1,1,0,0,0
63.0,53,11608.12,1649638.9,0,3.11,1,0,1,0,0,0,0,0,0,0,0,1,1
54.0,38,6728.25,2839796.08,6,177.81,0,0,0,0,0,0,1,1,0,0,0,0,0
38.0,59,25450.38,21908.12,15,239.62,0,0,0,0,0,0,1,0,1,0,0,0,0
43.0,43,39923.95,406384.87,0,75.89,0,0,0,0,0,0,0,0,0,1,0,0,1
63.0,4,32988.08,883032.11,10,12.32,0,0,0,0,0,0,0,1,0,0,0,0,0
53.0,5,12375.3,2368128.2,3,242.35,0,0,1,0,0,0,0,0,0,0,0,0,0
40.0,68,22398.62,2656740.47,12,292.91,0,0,0,1,0,0,0,1,0,1,0,0,1
18.0,45,42906.29,1856312.68,14,23.89,1,0,0,0,0,1,0,1,0,0,0,0,0
68.0,25,9705.14,1152792.85,15,281.47,0,0,0,0,0,1,0,1,0,1,0,0,0
57.0,11,27071.95,1999207.58,8,108.42,0,1,0,0,0,0,0,0,0,0,1,0,0
32.0,29,18455.34,546793.62,4,282.49,0,0,0,0,1,0,0,1,0,0,0,1,0
38.0,34,7084.81,1376332.79,6,195.0,1,0,0,0,0,0,1,0,1,0,0,0,0
64.0,14,3445.29,1525094.57,12,267.18,1,0,0,0,1,0,0,0,1,1,0,0,0
26.0,24,28237.7,319089.31,6,235.96,1,1,0,0,0,0,0,1,0,0,0,0,0
70.0,59,2016.69,106448.62,14,9.37,0,0,0,0,0,0,0,1,0,0,0,1,0
26.0,39,6068.86,2251565.96,11,20.57,1,0,0,0,0,1,0,0,1,0,0,0,0
27.0,26,18030.65,1606445.55,2,158.2,1,0,0,0,0,0,1,0,0,0,1,0,0
69.0,43,3132.49,1000054.91,12,39.76,0,0,0,0,1,0,0,0,0,1,0,0,0
70.0,36,20621.82,1314499.75,10,138.85,0,0,0,0,0,0,0,0,1,0,0,1,0
43.0,39,7387.89,2873321.72,7,286.43,1,1,0,0,0,0,0,0,0,0,1,0,1
58.0,61,18143.78,1157816.75,0,89.13,0,0,0,0,1,0,0,0,0,0,0,0,1
52.0,16,39766.82,314920.28,3,147.18,0,0,0,0,0,1,0,1,0,0,0,0,1
69.0,59,31691.85,1393488.53,9,115.89,0,0,0,1,0,0,0,0,0,0,0,0,0
42.0,6,22824.65,1945904.88,3,189.32,0,0,0,0,0,0,0,0,1,0,0,1,0
43.0,56,5499.83,41278.78,1,58.96,1,1,0,0,0,0,0,0,0,1,0,0,1
28.0,8,31338.33,1000359.98,5,78.72,0,0,0,0,1,0,0,1,0,0,0,1,0
55.0,27,9021.77,1183575.69,14,257.77,1,0,0,0,0,1,0,0,1,0,1,0,1
19.0,71,4752.73,1393825.96,0,243.59,1,0,0,1,0,0,0,0,1,1,0,0,1
24.0,27,33535.8,908544.16,2,236.97,1,0,0,1,0,0,0,0,1,0,0,1,0
35.0,46,45690.93,2002432.16,8,231.5,1,1,0,0,0,0,0,1,0,0,0,0,0
44.0,41,23569.08,2834404.13,11,138.37,0,0,1,0,0,0,0,0,1,0,1,0,1
51.0,25,3008.8,2742424.54,9,218.94,0,0,0,0,0,1,0,1,0,0,0,0,0
44.0,18,25186.59,1994858.28,5,116.77,0,0,0,0,0,1,0,1,0,0,0,1,0
34.0,12,4281.71,1523117.78,1,31.11,1,0,0,0,0,0,1,0,0,0,1,0,0
60.0,51,43508.15,2478316.3,11,118.62,1,1,0,0,0,0,0,0,1,1,0,0,0
61.0,39,20199.15,2508631.88,11,48.44,1,0,0,1,0,0,0,0,0,1,0,0,0
68.0,10,18904.33,2489571.29,14,117.86,0,0,0,1,0,0,0,0,0,0,0,1,0
41.0,54,27597.07,477748.58,14,89.93,1,1,0,0,0,0,0,1,0,0,0,1,0
42.0,29,47897.16,81169.86,8,180.15,0,0,1,0,0,0,0,0,0,1,0,0,0
24.0,41,45038.29,2949664.26,12,109.1,0,0,0,0,0,0,1,0,0,1,0,0,0
69.0,9,24046.17,2879164.32,1,211.97,0,0,0,0,1,0,0,0,0,0,0,1,0
23.0,63,35095.34,1695313.49,11,154.13,0,1,0,0,0,0,0,0,1,1,0,0,0
70.0,37,29441.03,2979225.83,15,275.93,1,1,0,0,0,0,0,0,0,0,1,0,0
41.0,14,34979.62,2312788.4,6,28.22,0,0,0,0,0,1,0,1,0,0,0,1,0
50.0,72,41637.05,1554553.65,14,206.63,1,0,0,0,0,0,1,0,1,0,1,0,0
66.0,39,2690.2,1171046.55,0,202.05,0,0,0,0,0,0,0,1,0,0,0,0,0
46.0,40,16962.23,1780625.31,4,285.24,1,0,0,1,0,0,0,0,1,0,1,0,1
60.0,54,48007.13,1549827.29,6,112.09,1,0,0,0,1,0,0,0,1,0,0,1,0
39.0,3,47517.48,2981438.57,2,92.33,0,1,0,0,0,0,0,0,1,0,0,0,0
43.0,55,1549.82,1473928.65,3,52.55,0,0,0,1,0,0,0,1,0,1,0,0,0
45.0,33,10870.57,2508583.65,4,80.32,0,0,0,0,0,0,0,0,0,0,1,0,0
67.0,71,49694.73,2441803.35,2,151.07,1,0,0,0,0,0,0,0,1,0,1,0,1
38.0,19,25148.43,218861.79,14,251.48,0,0,0,1,0,0,0,1,0,0,0,1,0
66.0,34,29070.43,265585.27,5,86.0,0,0,1,0,0,0,0,0,1,1,0,0,1
24.0,50,9154.59,1981131.29,14,48.16,1,1,0,0,0,0,0,0,0,0,0,1,0
34.0,47,44822.44,781028.48,2,82.37,0,1,0,0,0,0,0,0,1,1,0,0,0
37.0,46,12331.95,1974293.47,7,31.18,1,1,0,0,0,0,0,1,0,0,0,1,0
58.0,56,10292.73,438154.55,6,278.08,0,1,0,0,0,0,0,0,1,1,0,0,0
66.0,57,12178.0,1194219.34,0,261.91,1,0,0,1,0,0,0,1,0,0,0,0,0
37.0,51,46061.46,311898.45,1,93.24,1,0,0,0,0,1,0,0,0,0,0,1,1
39.0,54,25186.59,849868.77,3,74.85,0,0,1,0,0,0,0,0,0,0,0,0,0
45.0,28,38661.22,269454.28,4,271.71,1,0,0,0,1,0,0,0,1,0,0,1,0
57.0,19,19474.78,2911883.07,13,1.53,0,0,0,0,0,0,0,0,0,0,0,1,0
66.0,27,45549.67,1188200.01,13,180.57,0,0,0,1,0,0,0,1,0,0,0,1,0
24.0,48,39680.99,2704060.36,10,274.89,1,0,0,0,0,1,0,0,1,0,1,0,0
18.0,19,37779.27,2913659.45,13,153.06,0,0,0,0,1,0,0,1,0,0,0,1,0
49.0,51,48576.07,2729140.17,9,1.89,1,0,0,0,0,0,0,0,1,1,0,0,1
30.0,7,18943.64,1367604.19,10,66.44,1,0,0,0,0,0,0,1,0,0,1,0,1
47.0,29,30937.71,2337797.41,3,276.81,1,0,1,0,0,0,0,0,1,1,0,0,0
40.0,43,45586.56,465329.95,14,6.09,1,0,0,0,0,0,1,1,0,1,0,0,0
68.0,69,39753.56,289023.68,3,119.04,1,1,0,0,0,0,0,1,0,1,0,0,0
36.0,58,28605.57,2631319.9,13,237.13,1,0,0,0,1,0,0,0,1,1,0,0,1
49.0,8,4734.47,98204.84,8,251.59,1,0,0,1,0,0,0,1,0,1,0,0,0
47.0,42,32983.45,2917120.42,3,143.8,1,0,0,0,1,0,0,0,0,0,0,0,0
46.0,42,26801.22,2018040.97,3,70.51,0,0,0,0,0,0,1,1,0,0,1,0,0
66.0,13,10024.84,1261741.0,3,180.31,0,1,0,0,0,0,0,0,1,1,0,0,0
62.0,26,44230.4,428419.1,15,79.87,1,0,0,0,1,0,0,0,0,0,0,0,0
46.0,18,17819.18,2171077.3,1,77.32,0,0,0,0,0,0,1,0,0,0,0,0,0
47.0,42,19986.51,1691519.7,12,242.47,0,0,0,1,0,0,0,1,0,1,0,0,1
33.0,51,33947.68,2134825.39,7,47.13,0,0,1,0,0,0,0,1,0,0,0,1,0
57.0,16,24951.14,1256677.01,12,2.65,0,0,0,0,0,1,0,1,0,1,0,0,0
36.0,3,5374.77,203448.95,13,101.7,0,0,0,0,0,0,0,0,0,0,0,0,0
35.0,45,19984.64,948341.74,3,147.8,0,0,0,1,0,0,0,0,0,1,0,0,1
18.0,22,5628.84,948487.16,4,211.82,1,1,0,0,0,0,0,0,0,0,0,0,1
31.0,23,10346.77,30994.08,15,234.55,0,0,0,0,0,0,0,0,1,1,0,0,0
68.0,59,1351.55,33695.14,7,199.39,0,0,0,0,0,1,0,0,1,0,0,0,1
64.0,62,9884.34,995621.07,13,188.33,0,0,0,1,0,0,0,1,0,1,0,0,0
67.0,68,17191.92,2184232.04,3,200.06,0,0,0,1,0,0,0,0,1,0,0,1,0
19.0,54,27372.7,1874010.97,4,82.19,1,0,0,1,0,0,0,0,1,0,0,1,0
45.0,57,46044.58,720857.85,4,115.33,1,0,0,1,0,0,0,1,0,0,0,0,0
66.0,23,27476.02,1810274.14,5,185.31,1,0,0,0,0,0,0,1,0,0,0,1,0
67.0,60,35574.57,1943895.9,6,20.61,1,1,0,0,0,0,0,0,0,0,0,1,0
47.0,55,18526.18,1570096.92,2,89.3,0,0,0,0,0,1,0,0,0,0,1,0,0
55.0,63,37829.91,1566455.16,13,122.52,1,1,0,0,0,0,0,1,0,1,0,0,0
68.0,56,31402.97,1112394.88,9,160.5,1,0,0,0,1,0,0,1,0,1,0,0,0
21.0,55,23529.91,374566.12,10,146.46,1,0,1,0,0,0,0,0,1,0,0,1,0
18.0,25,10494.67,1159523.98,2,215.72,1,0,0,0,0,1,0,0,1,0,0,1,0
25.0,26,15873.5,1039276.28,12,142.55,0,0,0,0,1,0,0,0,1,0,0,0,0
46.0,49,31426.36,1777957.92,8,271.33,1,0,0,0,1,0,0,1,0,1,0,0,0
56.0,63,21876.76,2569499.21,0,114.72,0,0,1,0,0,0,0,1,0,0,1,0,0
20.0,45,44579.94,1129248.62,14,158.09,1,0,0,0,0,1,0,0,0,0,1,0,0
49.0,39,12507.17,2130657.16,9,1.96,0,0,0,0,0,0,0,0,1,0,0,1,1
27.0,65,4580.56,2436431.98,11,93.83,0,1,0,0,0,0,0,0,0,0,0,0,1
27.0,69,29878.08,639195.78,12,260.11,1,0,1,0,0,0,0,1,0,0,0,0,0
36.0,56,44416.49,2705442.28,7,100.74,1,1,0,0,0,0,0,0,1,1,0,0,0
63.0,9,18872.21,215982.59,9,76.7,1,0,0,0,0,0,0,0,0,0,0,1,0
51.0,70,32737.86,2705649.42,2,163.52,1,0,0,0,1,0,0,1,0,0,0,1,0
50.0,28,12339.22,495080.51,4,24.54,0,1,0,0,0,0,0,0,0,0,0,0,0
40.0,45,28365.12,1014822.96,2,159.95,0,0,0,0,0,0,0,0,1,0,1,0,1
45.0,26,39552.81,1817679.48,9,91.8,1,0,0,0,0,0,0,0,0,0,1,0,0
49.0,28,43484.55,2717521.68,0,115.55,1,0,0,0,0,0,1,0,0,1,0,0,0
67.0,40,6150.84,770825.81,9,237.62,0,0,1,0,0,0,0,1,0,0,0,1,0
24.0,15,18462.35,2291903.87,13,198.93,1,0,0,0,0,0,1,0,1,0,0,1,0
44.0,6,32342.58,2132755.25,4,134.39,0,0,0,0,1,0,0,0,0,0,1,0,1
25.0,27,2701.42,483327.74,7,173.68,1,0,1,0,0,0,0,1,0,0,0,1,1
18.0,38,34840.14,1440994.51,4,230.29,0,0,0,0,1,0,0,0,1,0,0,1,1
20.0,68,26873.66,1447107.75,14,223.99,0,0,0,0,0,0,1,1,0,0,0,0,1
41.0,64,15139.75,917312.38,3,56.41,0,0,0,0,0,1,0,0,1,1,0,0,0
40.0,30,40918.07,2340864.34,8,90.97,0,0,0,0,0,0,0,1,0,1,0,0,0
25.0,3,15212.48,2778171.89,12,105.12,0,0,0,0,1,0,0,1,0,1,0,0,0
64.0,62,49579.34,2151134.51,0,57.08,1,0,1,0,0,0,0,1,0,0,0,0,0
54.0,12,41002.14,2918999.43,4,4.64,0,0,1,0,0,0,0,0,0,1,0,0,0
20.0,30,35691.04,156153.07,0,53.02,1,0,0,0,1,0,0,0,0,1,0,0,0
68.0,38,4006.03,116481.94,14,242.67,0,0,1,0,0,0,0,1,0,0,1,0,1
50.0,60,45311.21,2682106.74,5,164.23,0,0,0,0,0,0,0,0,1,0,1,0,0
45.0,38,39712.71,2693912.11,14,103.16,1,0,0,0,0,1,0,1,0,1,0,0,0
64.0,15,12222.23,325826.75,9,182.89,1,0,0,0,0,0,0,0,0,0,0,0,0
25.0,18,20220.16,1075550.92,8,222.21,1,0,1,0,0,0,0,0,1,0,0,0,1
51.0,52,14162.95,2507006.76,10,106.97,1,0,0,0,1,0,0,0,0,0,0,0,0
52.0,29,49236.39,389979.33,13,140.36,0,0,0,0,0,0,1,1,0,0,0,1,1
49.0,60,42855.63,805947.08,1,20.2,1,0,1,0,0,0,0,0,0,0,0,1,0
41.0,21,46581.04,2044583.13,12,179.53,0,0,1,0,0,0,0,0,0,0,0,0,0
31.0,17,39649.94,2945787.67,12,107.57,1,0,1,0,0,0,0,0,0,0,1,0,0
49.0,18,23361.06,2392430.83,3,130.62,1,0,1,0,0,0,0,1,0,0,0,1,1
63.0,57,11066.28,2333066.28,7,127.36,0,0,0,0,1,0,0,0,0,0,0,0,1
60.0,37,11195.93,1031274.68,13,190.09,0,0,0,0,0,0,1,1,0,0,0,1,0
33.0,60,8432.46,1985722.5,15,172.17,1,0,0,0,0,0,1,1,0,0,0,1,0
21.0,38,27785.83,343699.43,2,127.21,0,1,0,0,0,0,0,0,0,0,0,1,0
69.0,12,46078.36,2976839.76,13,6.07,0,0,1,0,0,0,0,0,1,0,0,1,0
54.0,1,49598.11,1444350.03,6,186.67,0,0,1,0,0,0,0,0,0,0,0,0,0
38.0,58,15077.69,1918229.57,11,263.99,0,1,0,0,0,0,0,0,0,0,0,1,1
31.0,3,35168.41,2629134.84,6,231.1,0,0,0,0,0,0,1,0,0,1,0,0,0
48.0,63,30257.8,7890.06,13,294.5,0,0,0,1,0,0,0,0,1,0,0,0,0
65.0,21,24957.87,2928067.37,14,42.58,0,0,0,0,0,0,0,0,1,0,0,0,0
35.0,23,33622.66,1080682.14,1,67.53,0,0,0,1,0,0,0,1,0,0,0,0,0
24.0,9,19196.79,1022074.27,11,162.24,1,0,0,0,0,0,1,0,1,0,0,1,0
27.0,55,47279.75,439464.69,9,71.53,0,0,0,0,0,1,0,0,1,0,0,0,1
24.0,19,35566.99,2575262.31,3,11.33,1,0,1,0,0,0,0,0,0,0,1,0,0
50.0,62,37955.85,2613164.41,0,121.28,0,0,0,1,0,0,0,1,0,1,0,0,1
40.0,39,12878.68,64867.05,7,87.01,0,0,0,0,1,0,0,1,0,0,1,0,0
38.0,27,9260.52,171897.04,9,79.86,0,0,0,0,1,0,0,0,1,1,0,0,0
36.0,46,20322.7,2755433.27,9,286.0,0,1,0,0,0,0,0,0,1,1,0,0,0
65.0,34,38566.95,372990.06,8,72.3,1,0,0,0,0,0,1,0,0,0,0,1,0
36.0,33,47001.0,1864677.75,0,39.7,1,0,0,0,0,0,1,0,1,1,0,0,0
53.0,50,21939.16,1860853.1,15,38.47,0,0,0,1,0,0,0,0,1,1,0,0,0
46.0,20,38933.68,2609842.35,10,242.09,1,0,1,0,0,0,0,1,0,0,1,0,0
35.0,40,24049.97,1720099.05,6,214.74,0,0,0,0,0,0,1,0,1,1,0,0,1
19.0,58,15466.18,1304864.18,0,39.72,0,0,0,1,0,0,0,0,0,0,0,0,0
18.0,31,37223.99,2923270.44,11,66.71,1,0,0,1,0,0,0,1,0,0,0,0,1
64.0,38,40111.9,690302.35,0,224.46,1,0,0,0,0,0,0,1,0,1,0,0,1
22.0,45,10939.2,791840.46,8,83.11,0,0,0,0,0,0,0,0,1,0,0,0,0
37.0,41,15953.31,258885.12,9,294.48,0,0,0,0,0,0,1,0,0,0,0,1,1
28.0,9,25244.07,2926073.87,9,162.63,1,0,0,1,0,0,0,1,0,0,0,0,0
59.0,9,10139.57,2120548.83,5,58.41,0,1,0,0,0,0,0,0,0,0,0,1,0
19.0,63,46512.88,41230.78,0,257.78,1,1,0,0,0,0,0,0,0,1,0,0,1
20.0,22,29975.36,2114420.51,15,96.52,0,0,0,0,0,0,0,0,1,0,0,1,1
40.0,16,6938.96,1215387.65,6,87.35,0,0,0,0,0,0,1,0,0,0,0,1,0
29.0,32,10017.46,2902811.33,2,98.9,1,0,1,0,0,0,0,1,0,1,0,0,0
37.0,66,47763.41,835775.57,9,230.69,1,0,0,0,0,1,0,0,1,1,0,0,0
22.0,14,37170.26,2132307.58,3,52.79,1,1,0,0,0,0,0,1,0,0,0,1,0
54.0,38,36985.85,1884165.28,13,115.15,0,1,0,0,0,0,0,0,0,0,1,0,0
55.0,8,4552.43,41089.67,3,10.22,0,0,0,0,0,0,0,0,0,1,0,0,0
47.0,21,44869.64,2656224.7,7,248.16,0,0,0,0,0,0,0,0,1,1,0,0,0
26.0,56,22743.03,423139.92,15,102.87,0,0,0,0,0,0,1,0,1,0,1,0,1
51.0,46,33326.15,1992448.39,0,75.2,1,0,0,0,0,0,0,1,0,0,0,0,0
70.0,43,48024.77,2327767.61,7,174.39,0,0,0,0,1,0,0,1,0,0,1,0,1
61.0,46,5900.61,1894628.3,8,211.79,0,0,0,0,0,1,0,0,0,0,0,0,0
52.0,48,24631.55,295856.03,10,244.06,0,0,0,1,0,0,0,0,1,0,1,0,0
69.0,70,3431.02,2925661.51,6,104.99,1,1,0,0,0,0,0,0,0,0,0,1,0
39.0,31,25477.73,714269.65,0,243.88,0,0,0,0,1,0,0,0,0,1,0,0,1
61.0,33,13360.71,1885454.99,14,140.0,0,0,1,0,0,0,0,1,0,0,1,0,0
41.0,44,45642.21,2392548.28,6,31.24,1,0,0,0,1,0,0,1,0,1,0,0,1
34.0,71,20526.13,2818011.85,5,254.05,0,0,0,0,0,0,1,1,0,0,0,0,0
27.0,8,32059.75,1814011.54,4,164.74,0,0,1,0,0,0,0,0,1,0,0,1,0
47.0,2,43154.08,780867.18,4,181.14,1,0,1,0,0,0,0,1,0,1,0,0,0
63.0,17,25186.59,2510733.86,0,281.31,0,0,0,0,0,0,0,0,1,0,1,0,0
40.0,52,25687.15,493843.8,5,168.19,0,0,0,0,1,0,0,0,0,0,1,0,0
49.0,45,23332.13,71735.87,12,2.67,0,0,0,0,0,0,1,0,1,0,0,1,0
34.0,37,4711.24,2724905.83,14,261.31,1,1,0,0,0,0,0,1,0,0,0,0,0
67.0,42,1624.21,1728289.93,3,86.14,0,0,0,0,0,1,0,0,1,0,0,1,1
68.0,44,30831.3,213576.26,13,151.03,0,0,0,0,0,0,0,0,1,0,0,1,0
34.0,38,4207.75,1741289.51,13,62.26,1,0,0,0,1,0,0,1,0,1,0,0,0
31.0,6,19638.57,439317.43,0,89.8,1,1,0,0,0,0,0,1,0,0,0,0,0
26.0,68,1176.72,99001.09,11,206.31,0,0,0,0,1,0,0,0,0,0,0,1,1
57.0,51,31146.15,353989.52,7,129.44,0,0,0,0,0,0,0,0,1,1,0,0,0
19.0,35,21845.34,2326446.75,7,188.51,0,1,0,0,0,0,0,0,0,1,0,0,0
62.0,58,7224.02,2268204.41,14,247.25,0,0,0,0,0,0,0,0,0,0,0,0,0
42.0,57,15522.01,1814932.81,11,102.91,1,0,0,0,1,0,0,0,1,0,0,0,0
56.0,6,28913.37,631938.23,12,170.93,0,0,1,0,0,0,0,0,0,1,0,0,0
26.0,13,33178.96,2218206.36,10,233.5,1,0,0,0,0,1,0,0,1,0,0,0,0
39.0,59,23654.46,1227095.58,3,214.82,1,0,0,1,0,0,0,0,0,1,0,0,0
60.0,30,40394.0,1534707.08,12,162.41,0,0,0,0,0,1,0,0,0,0,0,0,0
63.0,2,6509.58,2693433.88,6,115.63,0,0,1,0,0,0,0,0,1,0,0,0,0
21.0,58,5142.74,1376283.28,2,122.84,1,0,0,0,0,0,0,1,0,0,0,0,0
43.0,36,3167.97,1880966.63,7,130.51,1,0,0,0,0,1,0,0,1,0,1,0,0
46.0,72,27255.56,2885445.72,6,105.3,0,0,0,0,0,0,0,1,0,0,0,0,0
62.0,45,35605.35,1356912.75,13,210.02,1,0,0,0,0,0,0,0,1,0,1,0,0
51.0,9,7395.55,1684380.06,4,38.5,0,1,0,0,0,0,0,0,1,1,0,0,0
40.0,65,32308.34,1755321.8,15,290.27,0,0,0,0,0,0,1,1,0,0,0,1,0
54.0,50,24370.44,725931.12,4,233.92,1,0,0,0,0,0,0,1,0,0,0,1,1
28.0,32,49379.88,2212081.58,8,90.15,1,0,0,0,0,1,0,0,1,0,0,1,0
23.0,43,36156.21,2181277.9,5,13.72,0,0,0,0,0,1,0,0,1,1,0,0,1
35.0,54,33216.19,644602.44,14,213.68,1,0,0,0,0,1,0,0,1,0,0,0,1
38.0,47,28952.04,44947.44,5,220.57,0,0,1,0,0,0,0,1,0,0,1,0,1
59.0,14,49870.94,2996830.0,1,289.12,0,0,0,1,0,0,0,0,1,1,0,0,0
53.0,48,49042.5,1746855.26,10,76.86,0,0,0,0,0,0,0,1,0,0,0,1,0
58.0,55,27367.64,547190.97,15,25.73,1,0,0,0,0,0,0,0,0,0,0,1,0
55.0,29,23303.98,854278.62,4,274.63,0,0,0,0,0,0,0,1,0,0,0,1,0
51.0,47,23643.63,1855287.17,11,78.34,0,1,0,0,0,0,0,0,0,0,0,1,0
34.0,63,21988.78,417158.67,3,216.74,0,0,0,0,0,0,0,0,1,0,1,0,0
54.0,19,27038.52,116655.51,9,19.14,0,0,1,0,0,0,0,0,1,0,0,1,0
42.0,9,14405.63,2396447.1,14,228.41,0,0,0,0,1,0,0,1,0,0,1,0,0
55.0,37,46412.65,2148959.5,2,38.98,0,0,0,0,0,0,1,0,0,0,0,1,0
29.0,52,25021.27,932256.94,8,208.98,0,0,0,0,0,1,0,0,1,1,0,0,0
40.0,57,42258.38,180181.68,10,160.17,0,0,0,0,0,0,0,0,1,0,1,0,1
70.0,28,24289.88,1461381.38,11,286.69,0,1,0,0,0,0,0,0,0,0,1,0,1
59.0,36,36196.22,832177.94,6,12.04,0,0,1,0,0,0,0,0,1,1,0,0,1
39.0,64,17507.22,1196348.76,14,88.32,0,0,0,0,0,0,0,0,1,0,0,1,0
38.0,18,31615.54,825538.19,3,21.78,1,1,0,0,0,0,0,1,0,0,0,1,0
44.0,35,25420.2,529926.52,8,263.88,0,0,0,0,1,0,0,0,1,0,0,0,0
48.0,68,18988.6,1164034.41,8,178.58,0,0,0,1,0,0,0,0,0,0,0,0,0
44.0,39,44196.26,2894857.9,11,160.96,0,0,0,0,0,0,0,0,1,0,1,0,0
44.0,8,6522.87,802352.46,14,40.31,1,0,1,0,0,0,0,1,0,0,0,0,0
57.0,15,24859.23,1011220.1,6,147.22,0,1,0,0,0,0,0,0,1,1,0,0,0
51.0,7,10524.08,991079.89,4,120.21,1,1,0,0,0,0,0,0,0,1,0,0,0
29.0,17,43191.7,1443465.02,12,95.41,0,0,0,0,0,0,0,0,1,1,0,0,0
62.0,64,13420.0,2531299.09,8,231.88,0,1,0,0,0,0,0,0,0,0,1,0,0
70.0,12,32038.09,1209357.16,13,19.32,1,0,0,1,0,0,0,1,0,1,0,0,0
24.0,56,9112.61,2419413.15,12,194.36,0,1,0,0,0,0,0,0,1,0,1,0,0
27.0,46,20840.77,349461.27,6,247.07,1,0,0,0,0,1,0,0,1,0,1,0,0
62.0,47,45068.5,2685247.08,8,272.28,1,0,0,0,0,0,1,1,0,1,0,0,1
34.0,16,9137.16,559985.73,10,224.03,0,0,0,0,0,1,0,0,0,1,0,0,1
43.0,69,33496.6,122408.49,2,85.45,0,0,0,0,0,0,1,0,0,0,1,0,1
38.0,2,11021.01,479271.67,10,180.55,0,1,0,0,0,0,0,0,1,1,0,0,0
45.0,54,21371.7,576295.62,8,43.28,0,0,0,0,0,0,0,0,0,0,0,0,0
63.0,27,27490.23,1527969.86,0,36.0,1,0,0,0,0,0,1,0,0,0,1,0,0
19.0,31,29288.01,1352565.19,15,191.95,1,0,1,0,0,0,0,0,1,0,0,1,0
60.0,41,30523.06,2149043.88,4,255.48,0,0,0,0,0,0,1,0,0,0,1,0,0
18.0,36,32366.44,157598.5,12,21.11,1,0,0,0,0,1,0,0,0,1,0,0,1
68.0,47,14316.67,1495630.22,12,32.7,1,1,0,0,0,0,0,0,1,1,0,0,0
70.0,43,20667.01,1000751.32,1,170.12,0,0,0,0,0,0,0,0,1,0,1,0,0
53.0,65,2828.61,1893965.46,0,66.25,1,0,0,0,1,0,0,0,0,0,1,0,0
68.0,50,38669.09,135880.67,13,183.93,1,0,0,0,0,0,0,0,1,0,0,1,0
43.0,1,42017.88,109629.75,2,65.15,0,0,0,0,0,0,0,0,0,0,0,1,1
46.0,72,10762.6,1284618.55,6,35.83,1,0,0,0,0,0,0,0,0,0,1,0,1
38.0,57,10870.75,2434961.74,14,164.13,0,0,1,0,0,0,0,0,0,1,0,0,0
28.0,16,3059.78,2014926.72,2,258.8,1,0,0,1,0,0,0,0,0,0,1,0,0
57.0,28,48548.81,55034.75,9,205.85,0,0,0,0,0,1,0,0,1,0,0,0,0
28.0,22,40552.14,539523.92,9,245.8,1,1,0,0,0,0,0,0,1,0,0,0,0
53.0,41,18674.46,684060.74,10,80.63,1,0,0,1,0,0,0,1,0,1,0,0,0
66.0,19,24613.51,1272061.49,8,265.91,0,0,0,0,1,0,0,0,1,0,1,0,0
56.0,50,15306.38,1762213.47,2,113.73,0,0,0,1,0,0,0,1,0,0,1,0,0
57.0,59,30264.95,653298.22,10,255.88,0,0,0,1,0,0,0,0,0,0,0,0,0
52.0,69,36148.11,1150630.1,5,141.88,0,0,0,0,0,1,0,0,1,0,1,0,0
44.0,34,22921.06,1753910.47,14,81.09,1,0,0,0,0,1,0,0,0,1,0,0,1
64.0,39,43806.12,1153388.74,1,78.82,1,1,0,0,0,0,0,1,0,1,0,0,0
41.0,7,26334.27,433792.42,7,170.73,1,0,0,0,1,0,0,0,1,0,0,1,0
39.0,52,8068.41,1477525.07,9,24.62,0,1,0,0,0,0,0,0,1,1,0,0,0
22.0,60,31492.28,975362.62,14,279.09,1,0,0,0,1,0,0,0,1,0,1,0,0
50.0,52,23649.32,2593244.15,4,82.17,1,0,0,0,1,0,0,0,1,0,1,0,0
53.0,24,46847.92,2327996.6,1,101.35,0,1,0,0,0,0,0,0,0,0,0,0,1
64.0,26,20202.8,574873.9,13,70.76,0,0,0,0,0,0,1,0,1,0,0,0,0
37.0,10,20740.42,462144.2,13,1.9,1,0,0,0,0,1,0,1,0,1,0,0,0
36.0,17,32887.9,1046291.64,6,208.07,0,0,0,0,1,0,0,0,1,0,0,1,0
52.0,2,26822.32,1239462.63,2,177.58,1,1,0,0,0,0,0,1,0,0,1,0,1
69.0,27,19348.04,2796394.36,13,243.08,1,0,0,0,0,0,1,1,0,0,0,1,0
44.0,71,49498.95,908354.11,4,13.26,0,0,0,0,0,1,0,0,0,0,1,0,0
34.0,48,15807.09,2603415.14,10,278.67,1,0,0,0,1,0,0,0,1,1,0,0,0
62.0,9,14598.91,1518401.29,8,99.94,0,0,0,0,0,1,0,1,0,1,0,0,1
60.0,23,43356.95,2657443.06,15,274.01,0,0,0,0,0,0,1,0,1,0,0,0,0
51.0,71,1165.27,2107351.56,0,33.03,1,0,0,0,0,1,0,0,0,0,0,1,1
26.0,27,10861.4,2126624.96,14,223.43,1,0,1,0,0,0,0,0,0,0,0,0,0
43.0,71,29931.89,1558798.48,1,174.23,1,0,0,0,0,0,0,0,1,1,0,0,0
19.0,43,8960.08,2521710.6,15,108.1,0,0,1,0,0,0,0,1,0,0,0,1,0
70.0,7,49304.39,767002.29,4,24.66,1,0,0,0,0,0,1,0,0,0,1,0,0
26.0,63,23745.59,2722517.06,13,181.82,0,0,0,0,1,0,0,1,0,0,0,0,0
26.0,44,30270.84,1912143.69,3,8.91,0,1,0,0,0,0,0,1,0,1,0,0,0
57.0,39,8858.3,1318933.16,0,150.88,1,0,0,1,0,0,0,0,1,0,1,0,1
34.0,40,15179.53,2946658.76,13,181.66,0,1,0,0,0,0,0,0,0,1,0,0,0
18.0,7,31116.61,2586732.25,15,220.02,1,0,0,0,0,1,0,0,1,0,1,0,0
42.0,70,27928.12,2317202.93,6,297.41,1,0,0,1,0,0,0,0,1,0,0,0,0
60.0,25,39433.83,825337.9,8,78.77,1,0,0,1,0,0,0,0,1,0,1,0,0
57.0,59,14192.43,2921353.4,0,97.39,1,0,0,0,0,1,0,1,0,0,0,1,0
59.0,13,33023.57,2230247.57,7,103.0,1,0,0,0,0,1,0,0,1,0,1,0,0
42.0,62,15257.8,1817625.77,8,219.74,1,0,0,0,1,0,0,0,0,1,0,0,0
56.0,8,29750.88,2765788.69,1,279.61,1,0,0,0,0,0,1,1,0,0,1,0,1
52.0,45,30646.52,490734.14,12,292.32,0,1,0,0,0,0,0,0,1,0,0,0,0
20.0,18,6970.12,421353.08,0,283.8,1,0,0,0,0,0,1,0,0,1,0,0,0
67.0,60,27883.02,1693321.68,5,263.94,0,0,1,0,0,0,0,0,1,1,0,0,0
54.0,60,1584.98,174857.22,13,297.3,0,0,0,0,1,0,0,0,1,1,0,0,0
61.0,2,25559.33,1993640.65,6,113.41,0,0,0,0,1,0,0,0,1,1,0,0,0
61.0,66,35178.57,726019.71,1,284.55,1,0,1,0,0,0,0,1,0,0,0,1,1
68.0,14,4568.8,361484.6,4,228.54,0,1,0,0,0,0,0,0,1,1,0,0,0
47.0,48,46996.83,1231440.07,15,51.37,0,0,0,0,0,0,0,0,0,1,0,0,1
55.0,56,23479.02,1400519.13,4,14.59,1,1,0,0,0,0,0,0,1,1,0,0,0
51.0,12,46982.4,515602.17,6,65.13,1,1,0,0,0,0,0,0,1,0,0,0,0
29.0,55,6262.52,129398.14,11,233.85,0,0,0,1,0,0,0,1,0,0,0,0,0
36.0,28,47545.23,1245096.5,10,189.88,1,0,0,0,0,1,0,0,1,1,0,0,1
54.0,4,6350.66,2279781.38,0,68.08,1,0,0,0,1,0,0,0,0,0,0,1,1
61.0,36,23613.29,2623228.31,9,222.83,1,1,0,0,0,0,0,0,0,0,1,0,0
66.0,50,46961.61,297157.14,7,43.26,1,0,0,0,0,0,1,0,1,0,0,1,0
34.0,3,12402.7,1576403.01,4,246.73,0,0,0,0,0,1,0,0,0,1,0,0,0
27.0,1,2704.46,793891.95,11,238.45,1,0,0,0,0,0,1,0,0,1,0,0,1
66.0,17,39862.42,1127028.44,2,291.8,1,0,0,0,0,1,0,0,1,0,0,1,0
64.0,71,30198.3,2800658.28,12,45.93,1,0,0,0,1,0,0,0,0,1,0,0,0
29.0,62,26182.14,1059463.94,15,272.08,0,0,1,0,0,0,0,0,0,0,1,0,0
33.0,48,2682.83,1099211.06,12,102.99,0,0,0,0,0,0,0,0,1,0,0,0,0
41.0,62,33008.33,632140.5,8,125.4,1,0,1,0,0,0,0,1,0,0,1,0,0
36.0,69,9409.54,2880255.16,10,141.07,1,1,0,0,0,0,0,1,0,0,1,0,0
25.0,19,46628.64,1372179.63,2,188.44,0,0,1,0,0,0,0,0,1,0,1,0,0
48.0,34,34600.62,1713324.44,6,298.43,1,0,0,0,1,0,0,1,0,0,0,1,0
38.0,49,35644.66,1362238.44,9,180.39,1,1,0,0,0,0,0,1,0,0,0,1,0
34.0,47,12396.43,762492.63,11,278.09,0,0,0,1,0,0,0,1,0,0,1,0,1
40.0,50,44156.94,2432185.78,6,77.25,1,0,1,0,0,0,0,1,0,0,0,1,1
54.0,26,27348.9,90271.32,13,120.13,1,0,1,0,0,0,0,0,1,1,0,0,1
33.0,56,42997.12,2072279.07,9,151.85,0,0,0,0,0,0,0,1,0,0,0,0,0
23.0,14,14276.43,1784847.07,11,97.55,0,1,0,0,0,0,0,1,0,0,0,1,1
25.0,25,38017.62,437120.55,7,293.08,1,0,0,0,0,0,1,0,1,0,0,1,0
42.0,4,29153.78,501885.61,14,217.98,0,0,1,0,0,0,0,0,1,0,1,0,0
35.0,32,3372.55,1979380.64,9,144.19,1,0,0,0,1,0,0,1,0,0,0,0,1
42.0,65,20861.77,939855.68,15,225.64,1,0,1,0,0,0,0,0,0,1,0,0,0
29.0,61,10011.61,800885.54,7,140.77,1,0,0,0,0,0,0,0,1,1,0,0,0
32.0,20,18599.51,182172.51,3,6.15,0,0,0,1,0,0,0,0,1,0,0,0,1
43.0,10,19784.23,2300616.85,15,163.41,0,1,0,0,0,0,0,1,0,1,0,0,1
58.0,34,24271.49,2648602.45,13,187.93,1,0,1,0,0,0,0,0,0,0,0,0,0
44.0,61,30414.23,2460433.83,0,294.38,1,0,0,0,0,0,1,0,1,0,1,0,1
43.0,27,28977.9,1400772.19,3,13.2,0,0,0,0,0,1,0,0,1,1,0,0,0
64.0,40,2910.58,1604199.44,5,154.12,0,0,1,0,0,0,0,0,1,1,0,0,1
49.0,65,37783.77,730617.2,15,30.35,0,1,0,0,0,0,0,0,0,0,0,0,0
27.0,33,47510.01,522699.94,9,45.55,1,0,1,0,0,0,0,0,1,1,0,0,0
33.0,68,18085.38,2469888.52,10,183.53,0,0,0,0,0,0,1,0,1,0,0,1,1
24.0,71,9807.6,2396040.76,12,70.24,0,1,0,0,0,0,0,0,0,0,1,0,1
34.0,9,27460.08,2333192.69,5,225.0,1,0,0,0,1,0,0,0,1,1,0,0,1
40.0,16,35540.73,1392761.12,5,154.75,1,1,0,0,0,0,0,0,0,1,0,0,0
43.0,5,34266.34,2594200.74,13,66.25,1,0,0,0,0,0,0,0,0,1,0,0,0
38.0,23,30993.37,2779065.05,11,148.64,0,0,0,1,0,0,0,0,0,0,0,0,1
39.0,43,8165.38,988391.31,6,1.26,1,0,0,0,0,0,0,1,0,0,1,0,0
24.0,57,42004.42,677960.0,11,258.96,1,0,0,0,0,1,0,0,1,0,1,0,0
31.0,51,21855.46,1395467.78,10,4.79,1,1,0,0,0,0,0,0,1,1,0,0,0
32.0,13,11851.96,542082.44,0,3.1,1,0,0,0,1,0,0,0,1,1,0,0,0
70.0,24,5227.04,2652588.64,15,183.84,0,0,1,0,0,0,0,0,0,0,0,0,0
24.0,11,21419.24,1017281.55,9,292.08,1,1,0,0,0,0,0,1,0,0,1,0,0
26.0,52,31280.68,1730634.5,0,256.92,0,0,0,0,0,0,0,0,0,0,0,1,0
68.0,17,33603.51,1786184.89,15,76.35,0,1,0,0,0,0,0,0,1,1,0,0,1
65.0,37,48174.11,1547388.7,6,59.8,0,1,0,0,0,0,0,0,0,0,0,1,1
25.0,13,8504.26,473794.5,11,188.21,1,1,0,0,0,0,0,1,0,0,0,1,0
67.0,62,49302.91,2973046.92,3,246.97,0,0,0,0,1,0,0,0,1,0,1,0,0
40.0,8,33079.12,521946.67,5,109.26,1,0,0,0,0,0,1,0,0,0,0,1,0
46.0,56,23257.22,2255764.54,5,130.27,1,0,0,0,0,0,1,1,0,1,0,0,0
35.0,70,44521.52,2375131.81,8,35.53,1,1,0,0,0,0,0,0,0,1,0,0,0
48.0,44,35029.51,439765.31,1,46.7,0,0,0,0,1,0,0,0,0,0,0,0,1
47.0,60,18087.14,2799824.72,3,170.94,1,0,0,0,1,0,0,0,1,0,1,0,1
69.0,41,44320.2,1465837.49,3,31.69,1,0,0,0,0,1,0,1,0,0,1,0,1
56.0,21,33664.16,1888504.46,6,61.41,1,1,0,0,0,0,0,0,0,0,0,1,0
52.0,42,35243.03,1928347.24,15,71.17,0,0,0,0,0,0,0,1,0,1,0,0,0
35.0,29,44923.1,1517340.6,0,133.73,0,0,0,0,0,0,0,0,1,1,0,0,1
59.0,65,22972.39,430356.02,4,14.64,0,0,0,1,0,0,0,0,1,0,0,0,0
56.0,17,33188.3,2256501.31,13,150.43,1,1,0,0,0,0,0,0,1,0,0,1,1
34.0,30,37489.76,1747448.58,10,278.67,0,0,0,1,0,0,0,1,0,1,0,0,0
31.0,26,23243.06,360448.44,3,8.31,1,0,0,0,0,0,0,1,0,0,1,0,0
48.0,53,5089.15,2102464.3,1,189.66,1,0,0,0,0,0,0,0,0,0,0,0,1
41.0,19,38800.55,2109775.97,15,250.92,0,1,0,0,0,0,0,1,0,0,1,0,1
52.0,53,3343.0,1647716.91,4,94.43,1,0,0,1,0,0,0,0,1,0,0,0,0
61.0,17,36177.81,276193.69,8,40.32,0,0,0,1,0,0,0,0,0,0,1,0,0
62.0,46,45632.89,1061168.87,14,13.96,1,1,0,0,0,0,0,1,0,0,0,1,0
51.0,53,25186.59,157517.7,7,193.53,0,0,0,0,0,1,0,0,1,1,0,0,0
20.0,64,6001.03,1435400.08,15,166.12,1,0,0,1,0,0,0,0,1,0,1,0,0
54.0,45,12410.34,2719809.16,8,69.56,1,0,0,0,0,1,0,0,0,0,0,1,1
60.0,49,28551.8,11747.68,6,249.65,1,0,1,0,0,0,0,0,1,0,1,0,0
57.0,19,47190.33,803582.77,9,220.92,1,0,0,0,0,0,0,1,0,0,0,1,1
43.0,71,26101.85,2400578.01,6,83.65,1,0,0,0,0,0,1,0,1,0,0,0,0
40.0,65,6524.13,34533.2,13,226.26,0,0,0,0,0,1,0,0,0,0,0,1,1
61.0,37,31761.38,35469.44,13,74.25,1,0,0,0,0,1,0,0,1,0,1,0,0
56.0,70,36909.4,1834401.67,12,202.9,0,0,0,0,0,1,0,0,1,1,0,0,0
32.0,26,20270.9,2368653.27,1,36.44,0,0,0,0,1,0,0,1,0,0,0,0,1
66.0,2,36354.19,2330633.73,11,207.98,0,0,0,1,0,0,0,1,0,0,0,0,0
21.0,59,16916.32,2339836.17,12,72.39,1,0,0,1,0,0,0,1,0,0,0,1,0
46.0,5,39665.42,1086214.0,2,172.17,1,0,0,0,1,0,0,1,0,0,1,0,1
39.0,37,17712.54,2648758.81,10,52.57,1,0,0,1,0,0,0,0,1,0,0,1,0
42.0,31,13549.25,43442.63,9,218.06,0,0,0,0,1,0,0,1,0,0,0,0,0
30.0,48,44079.89,940005.27,7,19.2,1,0,0,0,0,1,0,0,1,1,0,0,0
35.0,6,27875.2,1014877.15,10,50.46,1,1,0,0,0,0,0,1,0,0,0,1,0
50.0,15,14972.66,500885.52,1,56.06,0,0,1,0,0,0,0,1,0,0,1,0,0
33.0,15,46819.26,1011996.79,6,13.36,0,0,0,0,0,1,0,1,0,0,0,1,0
62.0,61,34851.71,1759722.97,11,223.76,0,0,1,0,0,0,0,0,1,0,0,1,0
59.0,16,11814.32,1563236.54,5,294.3,0,0,0,0,0,0,0,1,0,0,0,1,0
61.0,20,31117.48,961684.94,11,233.74,0,0,0,0,0,1,0,0,1,1,0,0,0
19.0,44,43647.58,2249235.9,9,258.33,0,0,0,0,0,0,1,1,0,0,1,0,0
52.0,42,35111.5,2145797.78,3,2.8,1,0,0,1,0,0,0,1,0,0,1,0,0
59.0,46,12993.2,845685.95,10,36.24,0,0,0,0,0,0,1,0,0,0,0,0,0
51.0,34,32793.57,973069.04,14,168.15,1,1,0,0,0,0,0,1,0,0,0,0,0
47.0,64,31338.81,866122.99,3,293.38,1,0,1,0,0,0,0,0,1,0,0,1,0
30.0,29,41221.34,390909.24,14,198.55,1,0,0,0,0,1,0,0,0,0,0,0,0
30.0,3,9728.5,2259581.02,2,112.87,0,1,0,0,0,0,0,0,1,0,1,0,0
35.0,9,35282.1,143598.15,13,44.7,1,1,0,0,0,0,0,0,1,0,0,1,0
49.0,25,2341.16,455988.58,15,46.7,0,0,0,1,0,0,0,0,0,0,0,0,0
49.0,42,35112.59,320387.03,5,109.46,0,1,0,0,0,0,0,1,0,1,0,0,0
52.0,46,48061.43,2476890.23,2,214.43,1,0,0,0,0,1,0,0,0,0,0,0,0
56.0,59,9545.03,136805.5,14,10.51,0,0,0,0,0,1,0,0,1,1,0,0,0
63.0,21,16253.69,1995558.73,8,255.8,1,0,1,0,0,0,0,1,0,0,0,0,0
69.0,22,29560.71,138201.42,3,282.52,1,0,0,0,0,1,0,0,0,0,1,0,0
46.0,29,36887.36,2360397.99,3,266.76,0,0,0,0,0,0,1,0,1,0,0,0,0
66.0,63,17874.2,2738578.69,1,274.0,1,0,1,0,0,0,0,1,0,1,0,0,0
46.0,61,33548.69,1463095.28,15,5.59,1,0,0,1,0,0,0,0,1,1,0,0,1
70.0,64,45064.66,2414602.69,1,293.36,1,0,1,0,0,0,0,1,0,0,0,0,0
61.0,69,36601.38,2120699.55,6,110.54,0,0,0,0,1,0,0,1,0,0,0,1,0
33.0,40,35840.11,2387927.7,4,260.92,1,0,0,0,0,0,1,0,0,1,0,0,0
61.0,1,19716.56,2301491.72,2,56.86,0,0,0,0,1,0,0,1,0,0,1,0,0
64.0,65,45660.04,620076.81,5,134.51,0,0,0,0,1,0,0,0,1,0,0,0,0
27.0,62,14588.82,1501179.24,5,14.21,1,0,0,0,0,0,0,1,0,1,0,0,0
47.0,54,11058.74,2881440.49,0,12.98,1,0,0,0,0,1,0,0,1,0,0,0,0
42.0,60,18846.97,1033881.17,2,283.04,0,0,0,1,0,0,0,1,0,0,0,0,0
56.0,46,32857.65,2911608.84,11,243.37,0,1,0,0,0,0,0,1,0,0,0,1,1
37.0,5,43222.22,1751569.33,4,159.42,1,0,0,0,1,0,0,0,0,0,0,0,1
22.0,22,7471.86,1387526.2,15,158.11,1,0,1,0,0,0,0,1,0,0,0,0,0
18.0,53,40876.31,1974983.61,10,224.88,0,1,0,0,0,0,0,1,0,0,0,0,1
47.0,70,40828.35,2448438.32,12,103.16,0,0,1,0,0,0,0,0,1,0,1,0,0
66.0,32,29759.05,1185653.42,10,228.8,0,0,1,0,0,0,0,0,1,0,0,0,1
20.0,11,38271.75,103697.75,6,146.02,0,1,0,0,0,0,0,0,1,0,1,0,0
62.0,10,9912.15,2127874.86,3,191.74,0,1,0,0,0,0,0,1,0,0,0,0,0
31.0,39,9309.71,2868719.52,11,289.48,1,0,0,0,0,1,0,0,1,0,0,1,0
47.0,31,43277.2,1876835.02,7,141.92,0,0,1,0,0,0,0,0,1,0,0,1,1
67.0,12,25409.27,569301.36,2,126.1,0,0,0,1,0,0,0,1,0,1,0,0,0
21.0,38,13050.92,748486.38,5,271.82,1,0,0,0,0,1,0,0,1,0,0,0,1
35.0,67,34747.79,2729703.4,14,270.87,1,0,0,0,0,0,1,0,0,0,0,1,0
54.0,66,25186.59,45618.48,5,297.73,0,0,0,0,0,0,0,0,0,0,0,1,0
42.0,52,31983.81,1648496.26,8,165.71,0,0,0,0,0,0,1,0,1,0,0,0,0
65.0,5,18019.91,480239.55,3,103.93,1,0,0,1,0,0,0,0,1,1,0,0,0
18.0,11,24678.65,851879.48,15,72.88,0,0,0,0,0,1,0,0,1,0,1,0,0
70.0,25,37861.2,924410.04,6,11.19,0,0,0,0,0,0,0,1,0,0,0,1,1
63.0,35,4307.56,661751.83,9,218.29,1,0,0,0,0,1,0,0,0,0,0,1,0
32.0,35,11641.06,2378094.43,0,70.81,0,1,0,0,0,0,0,0,0,0,1,0,0
26.0,22,23666.58,999966.48,10,182.39,1,0,0,0,0,0,0,0,1,0,0,1,1
32.0,37,30607.81,1039727.55,0,275.06,1,0,1,0,0,0,0,0,1,0,1,0,0
66.0,55,17619.11,1361755.41,1,285.11,1,0,0,0,0,0,1,1,0,0,1,0,1
41.0,72,15621.16,2707374.39,3,2.32,1,0,0,0,0,0,0,1,0,1,0,0,1
21.0,64,3027.83,2066078.23,11,95.81,0,0,1,0,0,0,0,0,0,0,1,0,0
29.0,20,2597.49,189940.36,5,251.38,1,0,0,0,0,1,0,1,0,0,1,0,0
54.0,4,14656.05,122589.45,3,161.4,0,0,0,1,0,0,0,0,0,0,1,0,0
54.0,18,26994.8,1701335.74,14,242.45,0,0,0,0,0,0,0,0,1,0,1,0,0
60.0,51,28262.2,2661746.38,5,256.14,0,0,1,0,0,0,0,0,1,0,0,1,1
23.0,68,25207.35,973138.17,15,133.35,0,0,0,0,0,1,0,0,0,0,1,0,0
56.0,20,21084.15,747076.63,1,108.34,0,0,0,0,0,1,0,0,1,0,0,1,0
63.0,9,13362.29,2245832.18,8,137.17,1,0,0,0,0,1,0,1,0,0,0,0,0
41.0,26,20634.03,1808263.64,10,196.19,1,0,0,1,0,0,0,0,1,0,0,0,1
28.0,25,7799.24,1697256.89,2,110.78,1,1,0,0,0,0,0,0,1,0,1,0,0
30.0,68,6647.7,452157.09,6,232.72,1,0,0,1,0,0,0,0,0,1,0,0,0
51.0,41,15697.22,532004.15,15,271.29,0,0,0,1,0,0,0,1,0,1,0,0,1
42.0,59,49772.09,848954.39,0,85.41,1,0,0,0,0,0,1,1,0,0,0,1,0
24.0,45,16998.35,624482.61,7,289.53,0,0,0,0,0,1,0,0,1,0,0,1,0
69.0,41,46886.36,2914477.01,3,187.19,0,0,1,0,0,0,0,0,1,0,0,0,1
21.0,38,20220.85,60739.99,13,263.57,1,0,0,0,0,0,0,1,0,0,0,1,0
25.0,19,22511.49,1880038.73,10,32.07,1,0,0,0,0,0,1,1,0,1,0,0,0
37.0,14,40056.08,1555208.48,11,76.2,1,0,0,0,0,1,0,0,0,0,0,0,0
46.0,21,5588.28,973137.45,14,96.98,1,0,0,0,1,0,0,0,1,0,1,0,0
70.0,15,9933.35,2663328.19,12,91.54,0,0,0,1,0,0,0,0,1,0,0,1,0
68.0,3,48718.17,2012136.92,4,52.39,0,0,0,0,1,0,0,1,0,0,1,0,1
62.0,37,25789.95,2995071.28,6,260.59,1,0,0,0,0,1,0,0,0,0,0,1,0
63.0,46,3171.17,510124.6,2,126.17,0,0,0,0,0,0,1,1,0,1,0,0,0
27.0,16,3321.66,268164.17,8,288.98,0,0,1,0,0,0,0,0,1,0,0,1,1
60.0,14,45454.79,422494.82,8,175.46,0,0,0,0,0,0,1,0,1,1,0,0,1
51.0,9,43794.89,811526.45,7,42.38,1,0,1,0,0,0,0,0,1,1,0,0,0
43.0,7,23461.56,1253277.04,0,164.23,0,0,1,0,0,0,0,0,1,0,1,0,0
58.0,14,8997.88,2588496.84,11,298.07,1,0,0,0,0,1,0,0,0,0,0,1,1
66.0,6,41683.95,854357.34,12,169.99,1,1,0,0,0,0,0,0,1,0,1,0,0
20.0,15,16905.41,2746153.71,11,1.56,0,0,0,0,0,1,0,1,0,1,0,0,0
23.0,52,21533.86,1391408.53,1,279.99,0,0,0,1,0,0,0,0,0,1,0,0,0
22.0,72,34441.34,1942974.71,1,71.23,1,0,0,0,0,0,1,0,0,1,0,0,0
22.0,34,18316.52,796901.1,15,206.87,0,0,1,0,0,0,0,0,1,1,0,0,0
64.0,1,31804.83,472261.38,2,155.01,0,0,0,0,0,1,0,0,0,0,0,0,0
40.0,69,44378.85,2609023.54,1,98.3,1,0,0,0,0,1,0,0,1,1,0,0,0
66.0,20,40071.29,332971.01,0,85.51,1,0,0,0,0,0,1,0,0,0,0,1,0
26.0,7,19698.94,2323193.81,10,278.7,1,0,0,0,0,0,1,0,0,1,0,0,0
52.0,7,15108.89,1745048.0,4,273.67,1,0,1,0,0,0,0,1,0,0,0,0,1
37.0,50,14990.01,2584107.66,5,154.43,0,0,0,0,0,0,0,1,0,0,0,1,0
66.0,2,18080.97,2154866.14,12,78.29,0,0,0,0,1,0,0,1,0,0,0,0,0
59.0,47,25182.33,848583.99,15,31.6,1,0,0,1,0,0,0,0,0,0,0,0,0
52.0,14,21413.28,1725410.65,6,47.82,1,0,0,1,0,0,0,1,0,0,0,1,1
67.0,31,7517.2,44155.49,9,157.15,1,0,0,0,0,0,0,1,0,0,0,0,0
35.0,50,9009.34,1428278.94,6,93.04,0,1,0,0,0,0,0,1,0,1,0,0,0
34.0,61,17803.55,262610.84,15,13.58,1,0,0,0,0,0,0,0,0,0,1,0,1
41.0,41,28541.14,1289690.27,1,137.1,0,1,0,0,0,0,0,0,1,0,1,0,0
20.0,14,30040.53,333287.36,12,224.11,1,1,0,0,0,0,0,1,0,0,1,0,0
49.0,5,24824.15,2866662.02,6,267.62,1,0,0,0,0,0,0,0,0,0,0,1,0
52.0,5,37200.02,1571588.53,1,176.0,1,0,0,1,0,0,0,0,0,0,0,1,0
55.0,64,37125.19,2740087.87,1,217.26,0,0,0,0,1,0,0,0,1,0,0,1,0
30.0,29,21953.75,71986.84,11,109.86,0,0,0,1,0,0,0,1,0,0,1,0,0
64.0,5,7097.6,1914771.59,5,149.38,0,0,0,0,0,1,0,0,0,0,1,0,1
42.0,36,26978.56,924328.73,5,219.16,1,0,0,1,0,0,0,0,0,0,0,1,0
26.0,19,19691.98,1298327.84,7,218.57,0,0,0,1,0,0,0,0,0,0,1,0,0
21.0,64,7758.23,2619896.75,4,127.93,0,0,0,0,0,0,0,0,1,0,0,0,0
31.0,22,49109.04,2940163.18,4,163.56,1,0,0,0,0,0,0,1,0,0,0,0,0
54.0,34,19118.01,743243.4,9,277.23,1,0,0,0,0,1,0,0,0,0,1,0,0
51.0,56,31664.09,2845018.59,0,189.97,0,0,0,0,0,1,0,0,0,0,0,1,1
28.0,17,25016.31,2067737.21,3,193.13,0,0,0,0,0,0,0,0,0,1,0,0,0
58.0,56,7998.59,2854484.67,0,235.6,0,0,0,1,0,0,0,0,0,1,0,0,0
20.0,17,3721.64,1689289.16,9,35.45,0,0,0,0,1,0,0,1,0,0,1,0,0
44.0,18,31662.7,2882465.07,15,157.34,1,1,0,0,0,0,0,1,0,1,0,0,0
46.0,45,13104.07,2677904.1,4,287.87,1,0,0,0,0,0,1,0,0,0,0,1,0
26.0,56,12939.05,390132.26,14,109.14,1,1,0,0,0,0,0,0,0,0,0,0,0
20.0,50,47891.83,935815.83,14,89.18,0,0,0,0,0,1,0,0,0,0,0,0,0
42.0,58,23626.89,732974.26,7,180.76,0,0,0,0,0,1,0,0,1,0,0,1,0
51.0,18,2441.88,1718437.48,0,67.11,1,1,0,0,0,0,0,0,1,1,0,0,0
29.0,7,17652.29,2409384.3,13,167.23,1,0,0,0,0,0,1,0,1,0,1,0,0
59.0,10,29640.09,2279437.28,2,47.54,0,0,0,1,0,0,0,0,0,0,0,0,0
26.0,69,17099.8,2181613.65,0,174.36,0,0,0,0,1,0,0,0,1,1,0,0,1
32.0,3,2315.75,1128918.3,12,181.11,1,0,0,0,1,0,0,1,0,1,0,0,0
57.0,44,22771.25,423212.46,5,126.1,1,1,0,0,0,0,0,0,1,0,0,0,0
42.0,70,6189.41,635697.74,9,115.44,1,0,0,0,0,0,1,0,0,0,0,0,0
22.0,14,31338.84,2226323.99,0,74.39,0,0,0,0,0,1,0,1,0,0,1,0,0
28.0,4,31359.77,446865.35,9,99.95,0,0,1,0,0,0,0,0,0,0,0,1,1
51.0,18,2850.2,672725.38,11,150.01,0,0,0,1,0,0,0,1,0,1,0,0,1
41.0,52,15242.65,1276535.2,2,75.05,0,1,0,0,0,0,0,0,1,0,1,0,0
32.0,38,21270.63,220976.73,14,235.07,0,0,0,0,1,0,0,0,1,0,0,0,0
55.0,20,27962.94,642012.72,4,213.0,0,0,0,0,0,1,0,1,0,0,0,1,0
25.0,44,15507.11,453555.54,4,81.52,1,0,0,0,0,0,0,1,0,0,0,1,0
22.0,51,15099.58,2854208.74,1,30.13,1,0,0,0,0,0,0,0,0,1,0,0,0
65.0,19,49167.74,578620.03,2,1.05,0,0,0,0,0,0,1,1,0,0,0,1,0
43.0,68,3051.28,2586000.28,13,179.42,1,0,0,0,0,0,1,0,0,0,0,0,1
35.0,66,49463.23,348820.58,12,64.2,0,1,0,0,0,0,0,1,0,0,0,0,0
23.0,13,3339.85,2609671.03,8,4.76,1,0,1,0,0,0,0,1,0,0,0,0,0
54.0,62,15128.73,1800304.19,12,108.37,0,0,0,0,1,0,0,0,1,0,1,0,0
65.0,61,25190.85,2549869.24,0,288.64,1,1,0,0,0,0,0,0,1,0,0,0,1
30.0,30,8021.62,2602709.32,12,207.29,1,0,1,0,0,0,0,0,0,0,1,0,1
45.0,30,7607.47,1791138.72,0,257.47,0,0,0,0,0,1,0,0,0,0,0,0,0
22.0,51,13559.32,2753493.99,11,44.28,0,0,0,0,0,0,1,0,0,0,0,0,0
30.0,48,48701.85,1758417.63,15,22.91,1,0,0,0,0,0,0,1,0,0,0,1,0
34.0,33,19625.73,2139132.41,1,4.45,1,0,0,1,0,0,0,1,0,1,0,0,0
67.0,19,28733.75,1251161.03,7,286.74,0,0,0,0,0,1,0,0,0,0,0,0,0
57.0,71,35510.28,2742632.74,5,90.76,1,0,0,0,0,0,0,1,0,0,0,1,0
62.0,57,37368.87,2473366.8,13,138.39,0,0,0,0,1,0,0,0,1,0,0,1,0
49.0,19,34714.01,504305.77,3,118.96,0,0,0,0,1,0,0,1,0,1,0,0,0
46.0,41,17509.48,1731281.61,6,219.41,1,0,0,0,0,0,0,0,1,0,0,1,0
68.0,42,6474.66,2690997.85,5,93.68,0,0,0,0,0,1,0,0,0,0,0,1,0
20.0,52,14804.11,2380228.16,8,161.1,1,0,0,0,0,0,0,1,0,1,0,0,0
57.0,4,11304.47,2887845.58,5,298.68,1,0,1,0,0,0,0,0,0,0,1,0,1
51.0,4,7677.59,697748.55,1,133.78,0,1,0,0,0,0,0,0,1,1,0,0,0
57.0,5,2200.34,1105541.6,2,165.83,1,0,0,0,0,0,1,0,0,1,0,0,0
44.0,41,46850.57,1524039.7,8,151.26,0,0,1,0,0,0,0,0,1,0,0,0,0
30.0,61,46130.68,701844.16,14,241.15,0,0,0,1,0,0,0,0,1,0,0,0,0
62.0,55,3470.43,1185165.54,14,80.79,0,0,0,0,0,0,0,0,0,0,1,0,0
50.0,13,9481.14,1614929.92,6,51.96,1,0,0,1,0,0,0,0,1,1,0,0,0
23.0,14,7835.52,578060.91,5,226.47,0,0,0,1,0,0,0,0,0,1,0,0,0
41.0,60,14779.92,773780.02,12,125.27,1,0,1,0,0,0,0,0,0,0,1,0,1
36.0,72,10999.37,378903.29,4,274.2,0,0,0,0,0,0,1,0,0,0,0,0,1
33.0,25,47346.82,2141577.32,2,193.6,0,0,0,0,0,1,0,0,1,1,0,0,0
57.0,44,5124.35,1087848.02,3,169.74,0,0,0,0,1,0,0,0,1,0,1,0,1
45.0,10,11371.87,664697.13,0,22.07,1,1,0,0,0,0,0,1,0,0,0,0,0
50.0,71,4955.44,1524435.83,4,219.39,1,0,0,0,1,0,0,0,0,0,0,1,1
65.0,50,49038.88,209406.67,6,206.13,0,0,0,0,0,0,1,0,0,0,1,0,0
58.0,44,46002.26,2770602.79,1,192.38,0,0,0,0,1,0,0,0,0,0,1,0,0
30.0,14,36114.95,886930.23,10,81.1,1,0,0,0,0,0,0,0,0,1,0,0,0
60.0,15,21872.68,2659960.72,11,284.08,1,0,0,0,0,0,0,0,0,0,0,1,0
44.0,16,10318.73,1495372.1,7,97.17,1,0,1,0,0,0,0,0,0,0,0,0,0
42.0,2,11853.0,2551200.74,14,46.52,0,0,0,1,0,0,0,0,0,0,0,1,1
70.0,30,22708.96,744958.0,11,296.17,1,0,0,0,0,0,1,1,0,1,0,0,0
59.0,30,38642.91,529935.45,9,224.13,0,0,0,0,0,0,1,1,0,1,0,0,0
53.0,31,13971.75,2548988.35,5,125.02,1,0,0,0,1,0,0,0,0,0,0,0,0
44.0,20,16228.8,642707.03,9,280.84,0,0,1,0,0,0,0,0,0,0,0,0,1
55.0,49,30397.27,2239855.07,15,28.24,0,0,0,0,1,0,0,1,0,0,0,0,0
24.0,35,12648.74,1037028.47,13,27.21,0,0,0,0,1,0,0,1,0,1,0,0,0
22.0,23,29626.71,2245840.21,2,205.05,1,0,0,0,0,0,1,0,0,0,0,0,0
60.0,61,19969.41,2723400.57,1,54.21,1,0,0,0,1,0,0,0,0,0,0,0,0
62.0,55,2684.04,2945007.1,7,275.22,1,0,0,1,0,0,0,1,0,0,0,0,0
68.0,67,20732.36,1082629.38,12,252.27,0,0,0,0,1,0,0,1,0,0,1,0,0
48.0,8,46056.74,1105739.87,3,92.6,0,0,0,1,0,0,0,0,0,0,0,0,1
40.0,40,15362.48,2944256.27,6,266.76,1,1,0,0,0,0,0,1,0,1,0,0,0
59.0,59,16818.79,2585276.75,6,13.82,0,0,1,0,0,0,0,0,0,0,1,0,0
27.0,32,4231.1,140050.46,15,165.04,0,0,0,0,0,0,0,0,1,1,0,0,1
49.0,7,31137.32,1722482.71,13,280.73,0,0,0,1,0,0,0,0,0,0,0,1,1
60.0,2,42612.88,547828.09,9,256.76,1,0,1,0,0,0,0,0,0,0,1,0,0
70.0,6,18293.22,2982067.55,8,107.47,0,0,1,0,0,0,0,0,0,0,0,0,0
47.0,36,12772.03,421074.42,9,55.68,1,0,0,1,0,0,0,1,0,0,1,0,0
56.0,32,47873.98,1680246.1,14,63.95,1,0,0,0,0,0,1,0,0,1,0,0,0
48.0,45,37508.56,1997269.12,13,154.84,1,1,0,0,0,0,0,0,0,0,1,0,0
35.0,42,28791.01,2811508.64,7,179.44,1,0,1,0,0,0,0,1,0,0,0,1,0
44.0,53,15971.03,2542538.64,11,10.81,1,0,1,0,0,0,0,0,1,0,0,0,0
19.0,9,11819.1,741035.54,12,124.65,0,0,0,0,0,0,1,0,1,0,0,0,0
31.0,49,36071.46,1720008.73,14,249.29,1,0,0,0,0,0,1,1,0,0,0,1,0
30.0,2,26567.65,2860954.0,7,133.85,1,0,0,0,1,0,0,0,0,1,0,0,1
46.0,67,26509.39,2208471.96,6,51.58,1,0,0,0,0,0,1,0,1,0,1,0,1
29.0,11,4611.78,2066567.36,9,286.5,0,0,1,0,0,0,0,0,1,1,0,0,0
56.0,50,26097.53,2265928.73,4,80.62,0,0,0,1,0,0,0,1,0,1,0,0,1
19.0,35,41314.46,970906.04,8,239.73,0,1,0,0,0,0,0,0,1,1,0,0,0
49.0,15,47393.16,2189110.55,13,58.94,0,0,0,0,0,1,0,0,1,0,0,0,0
30.0,31,6227.44,702399.98,11,127.53,1,0,0,0,1,0,0,1,0,0,1,0,0
63.0,62,31927.1,1287167.8,10,147.64,1,0,0,0,0,1,0,0,1,0,0,0,0
44.0,28,28849.02,2670336.81,6,150.69,0,0,0,1,0,0,0,0,0,0,0,0,0
66.0,25,44625.31,61818.58,14,155.43,0,1,0,0,0,0,0,1,0,0,0,0,0
58.0,25,37810.96,1245884.36,11,68.26,0,1,0,0,0,0,0,0,0,0,1,0,0
34.0,1,48297.83,804131.19,13,155.26,0,1,0,0,0,0,0,0,0,0,0,1,0
57.0,59,48041.59,599775.9,10,145.03,1,0,0,0,0,0,0,1,0,0,0,0,0
48.0,69,12058.57,2516533.39,15,63.41,0,0,0,1,0,0,0,0,1,0,0,0,0
51.0,42,36542.19,2091013.23,2,296.47,0,0,0,0,1,0,0,1,0,0,0,0,0
41.0,34,26995.63,342335.0,11,259.8,0,0,0,0,1,0,0,0,1,0,1,0,0
62.0,66,11515.5,1485917.66,5,266.39,0,1,0,0,0,0,0,0,0,0,1,0,0
52.0,18,10548.59,1403382.79,2,205.99,0,0,0,1,0,0,0,0,1,1,0,0,0
65.0,5,4973.13,431870.74,5,48.81,0,0,0,0,0,0,0,0,0,0,0,0,0
23.0,20,39981.72,2400289.29,12,170.86,0,1,0,0,0,0,0,0,0,0,0,0,0
36.0,66,16900.73,1103188.54,7,246.61,1,0,0,0,0,0,1,0,0,0,1,0,1
47.0,62,42991.47,2287003.64,8,12.58,1,0,0,0,0,1,0,1,0,0,1,0,0
24.0,32,30807.45,580227.53,1,149.26,1,0,0,0,1,0,0,0,1,0,0,0,0
27.0,58,34008.03,948645.02,5,119.44,1,0,0,0,0,1,0,0,1,0,0,1,0
58.0,50,15292.01,290036.99,13,64.43,1,0,1,0,0,0,0,0,1,1,0,0,0
49.0,38,23407.42,434720.41,2,114.1,1,1,0,0,0,0,0,0,0,1,0,0,0
51.0,55,21203.56,2650134.55,14,295.07,0,0,0,0,0,0,1,1,0,0,0,0,0
45.0,28,12548.74,331792.37,13,217.25,0,0,0,0,1,0,0,0,1,1,0,0,0
32.0,22,41793.1,291714.97,13,90.56,1,0,0,0,0,1,0,0,1,1,0,0,0
47.0,43,31482.14,2821430.05,6,182.0,0,0,0,0,0,0,0,1,0,0,0,0,1
54.0,36,2834.17,1939480.86,10,74.75,1,0,0,1,0,0,0,0,1,1,0,0,0
46.0,52,41175.93,307243.37,3,183.64,0,0,0,0,1,0,0,1,0,0,1,0,0
39.0,36,6195.85,2915291.63,13,268.95,0,0,0,0,0,1,0,1,0,0,0,0,1
21.0,28,20781.13,445564.53,14,167.51,0,0,0,1,0,0,0,0,1,0,1,0,0
37.0,58,28991.59,2300205.45,14,220.27,0,0,0,0,0,1,0,1,0,0,0,0,0
49.0,36,1374.91,109379.83,4,136.55,0,0,0,1,0,0,0,1,0,0,1,0,0
53.0,70,32992.5,1875502.68,9,157.71,0,0,0,0,0,0,0,0,1,1,0,0,1
67.0,9,33325.44,1642378.1,5,208.83,1,0,0,0,0,0,0,0,0,0,0,1,1
21.0,21,32973.79,627971.41,10,243.91,1,1,0,0,0,0,0,0,1,0,1,0,1
44.0,64,9009.93,1931222.7,12,198.18,0,1,0,0,0,0,0,0,1,0,1,0,0
34.0,61,13530.88,1853073.71,7,293.27,1,0,0,0,1,0,0,0,0,0,0,1,0
29.0,40,13121.42,2396063.39,1,246.13,0,0,0,0,0,0,0,1,0,0,0,1,0
39.0,56,48043.28,2628242.81,3,233.37,1,0,0,0,0,0,1,0,1,0,1,0,1
34.0,4,25186.59,1532764.3,13,253.69,0,0,0,0,0,1,0,0,0,0,1,0,0
27.0,31,22009.31,1473434.1,10,85.08,1,0,0,0,0,1,0,0,0,0,1,0,1
18.0,27,43691.44,1866679.33,3,130.18,0,0,0,0,0,1,0,0,1,0,0,0,1
39.0,58,38703.83,2188976.73,5,169.77,1,0,0,0,1,0,0,0,1,0,1,0,0
43.0,25,41299.66,1071732.66,3,139.25,0,0,0,0,0,1,0,0,0,0,1,0,0
35.0,69,48642.39,1516402.44,10,254.39,1,0,1,0,0,0,0,0,1,0,0,1,0
67.0,70,19975.83,1757387.04,4,9.09,0,0,0,1,0,0,0,0,0,0,0,1,0
31.0,5,16173.11,2965192.36,4,63.54,0,0,0,0,0,1,0,0,1,0,0,0,0
64.0,8,2502.32,1765198.03,7,264.63,0,0,0,1,0,0,0,0,0,0,0,0,0
46.0,9,8350.95,676438.72,3,18.67,1,1,0,0,0,0,0,0,1,1,0,0,1
29.0,15,28538.72,1766029.63,11,68.87,1,0,0,0,0,1,0,0,1,0,1,0,1
53.0,7,8725.37,2459401.25,5,106.02,1,0,0,0,0,0,1,0,1,0,1,0,0
52.0,72,25186.59,2572924.02,6,225.47,0,0,0,0,0,0,0,1,0,0,0,1,0
69.0,15,2824.4,2401750.11,7,168.49,1,0,0,0,0,0,0,0,1,1,0,0,0
29.0,37,13714.91,2665187.2,8,286.43,0,1,0,0,0,0,0,0,0,0,1,0,1
24.0,39,35077.2,1007625.19,9,69.13,1,0,1,0,0,0,0,0,0,1,0,0,1
46.0,6,13519.64,1525174.01,7,261.76,1,0,0,0,1,0,0,1,0,0,0,0,0
28.0,57,36709.26,2339875.33,13,85.59,1,0,0,0,1,0,0,1,0,0,1,0,0
50.0,19,49797.33,797027.6,3,74.4,1,0,0,0,0,0,1,1,0,0,1,0,0
23.0,63,40057.11,1117886.41,3,150.01,0,1,0,0,0,0,0,0,1,0,0,0,1
64.0,31,17749.94,2494311.19,9,22.29,1,1,0,0,0,0,0,0,1,0,1,0,0
32.0,10,45129.0,2311406.52,10,115.91,1,0,1,0,0,0,0,0,0,0,0,0,0
49.0,67,3507.81,2913742.71,14,107.35,0,0,0,0,0,1,0,0,0,0,0,0,0
68.0,62,36525.33,2987942.31,4,48.87,0,0,0,0,1,0,0,0,1,1,0,0,1
28.0,3,2142.79,726029.92,2,258.38,1,0,0,0,0,1,0,0,0,0,0,1,0
40.0,18,9553.22,2701847.71,14,116.38,1,1,0,0,0,0,0,0,1,0,0,1,1
43.0,25,49391.7,288073.93,1,294.59,0,0,0,0,0,1,0,1,0,0,0,0,0
51.0,20,18683.36,2130851.63,1,270.01,0,0,0,0,0,0,0,0,1,1,0,0,1
63.0,58,41204.47,664197.67,8,59.25,0,0,0,0,0,0,1,0,1,0,0,0,0
51.0,50,19428.25,904431.91,7,152.03,1,0,0,0,1,0,0,0,1,1,0,0,0
46.0,10,42161.39,2839231.93,5,180.94,1,0,1,0,0,0,0,0,0,1,0,0,0
21.0,21,48306.54,793137.95,13,245.87,1,0,0,0,0,0,1,0,1,0,0,1,0
34.0,29,22341.28,2021167.72,13,265.81,0,0,0,1,0,0,0,0,1,0,0,1,0
52.0,10,28408.11,538494.88,14,187.58,0,0,0,0,0,0,0,0,1,1,0,0,0
30.0,13,31803.34,284702.98,13,11.51,0,0,1,0,0,0,0,1,0,0,0,1,1
58.0,47,46806.91,1021254.49,8,144.9,1,0,0,0,0,0,1,0,1,1,0,0,1
56.0,23,13580.46,1874467.32,4,265.56,0,1,0,0,0,0,0,0,1,0,1,0,0
32.0,50,30951.22,747595.71,13,214.51,1,0,0,1,0,0,0,0,1,0,0,0,0
46.0,4,16911.29,904005.55,11,261.17,0,0,1,0,0,0,0,0,0,0,0,1,0
46.0,67,11629.73,2127645.81,9,202.55,1,1,0,0,0,0,0,1,0,0,0,0,0
28.0,53,5161.1,312874.09,0,14.17,1,0,0,0,0,0,0,1,0,0,0,1,1
69.0,2,31414.83,1343480.75,7,290.43,0,0,0,1,0,0,0,0,1,0,0,0,0
49.0,68,44222.19,2825494.92,2,275.49,1,0,0,0,1,0,0,0,1,0,0,0,1
19.0,65,18218.25,1193930.13,13,38.85,0,1,0,0,0,0,0,0,0,0,0,1,1
64.0,57,28080.76,1305432.08,8,34.69,1,0,0,0,0,0,1,0,1,0,0,1,0
31.0,70,32464.56,2215921.89,10,162.18,0,0,0,0,0,1,0,0,0,0,0,1,0
37.0,7,21317.86,2338139.51,0,227.36,0,0,1,0,0,0,0,0,1,0,0,1,1
39.0,19,45264.04,2309971.14,2,115.27,1,0,0,1,0,0,0,0,0,1,0,0,0
28.0,44,18775.0,2993611.74,0,41.78,0,1,0,0,0,0,0,1,0,0,0,1,0
44.0,63,7125.53,218996.01,0,153.66,1,0,0,0,1,0,0,0,1,0,0,1,1
20.0,65,8057.0,2946848.59,14,101.93,0,0,0,0,0,1,0,0,0,0,0,1,0
34.0,39,44652.02,2850817.9,5,106.18,0,0,1,0,0,0,0,0,0,0,1,0,0
61.0,26,49412.39,2557156.01,12,193.85,0,0,1,0,0,0,0,0,1,0,0,0,0
45.0,44,15157.95,1365106.1,3,265.8,0,1,0,0,0,0,0,0,0,0,0,1,0
46.0,12,8036.53,2613352.6,9,168.02,1,0,0,0,1,0,0,0,1,0,0,1,1
38.0,22,24628.4,666393.07,3,206.59,0,0,0,0,0,0,0,0,1,0,0,0,0
64.0,14,35766.88,2376009.23,4,198.32,0,0,0,0,0,1,0,0,0,0,0,0,0
44.0,30,31007.74,559788.72,14,165.79,1,0,0,0,0,0,0,0,0,1,0,0,0
54.0,44,47604.3,2447009.2,13,93.92,1,0,0,1,0,0,0,0,0,0,0,0,0
37.0,38,41071.12,1845514.75,2,113.96,1,1,0,0,0,0,0,1,0,0,0,0,1
23.0,59,43579.64,298603.68,14,95.4,1,0,0,0,0,1,0,0,1,0,1,0,0
36.0,42,27541.69,2686482.07,15,275.33,1,0,0,1,0,0,0,0,1,1,0,0,1
22.0,52,17036.48,1735981.8,11,248.16,1,0,0,0,0,0,0,1,0,0,1,0,1
20.0,63,35385.06,1970463.59,1,174.22,0,0,0,0,0,1,0,1,0,0,0,0,0
18.0,61,22513.6,854112.56,13,273.76,1,0,1,0,0,0,0,0,0,0,0,1,0
55.0,34,15099.96,2615548.33,9,266.04,0,0,0,1,0,0,0,0,1,1,0,0,1
32.0,39,8461.26,1637876.2,15,278.38,1,0,0,0,1,0,0,1,0,0,0,0,1
51.0,41,26865.84,1266255.25,7,67.31,0,0,0,0,0,0,1,1,0,0,0,0,0
52.0,37,30118.42,1605173.83,10,215.53,0,0,0,0,0,0,0,0,1,0,0,1,0
66.0,65,28870.5,2111422.68,6,183.16,0,0,0,0,0,0,0,0,1,0,0,1,0
42.0,32,6710.87,2086668.39,14,220.42,1,0,0,0,1,0,0,0,1,0,0,1,0
41.0,8,28929.38,1075943.42,9,79.75,1,1,0,0,0,0,0,0,0,1,0,0,1
29.0,18,9252.29,1158848.55,12,208.75,1,0,0,0,0,1,0,1,0,0,1,0,1
35.0,45,33521.99,1688903.39,3,123.54,1,0,0,0,0,1,0,0,0,1,0,0,0
32.0,33,22039.82,2773599.33,1,250.39,0,0,0,1,0,0,0,0,1,0,0,1,0
61.0,5,42590.64,2237563.65,11,238.81,1,1,0,0,0,0,0,0,1,1,0,0,0
33.0,36,39135.02,1174292.88,8,64.2,0,0,1,0,0,0,0,1,0,0,0,1,0
44.0,23,36494.72,1014412.72,7,55.97,0,0,0,0,0,0,1,0,0,0,1,0,0
25.0,40,35336.12,1573291.84,15,215.6,1,1,0,0,0,0,0,0,0,1,0,0,1
63.0,5,28463.91,2610624.15,3,165.59,1,1,0,0,0,0,0,0,0,0,1,0,0
42.0,34,3994.57,30994.33,10,167.6,1,0,0,0,1,0,0,0,1,0,1,0,1
34.0,24,33118.99,2132905.77,4,226.0,0,0,0,1,0,0,0,1,0,0,0,1,0
46.0,17,23879.19,887064.21,13,256.64,1,0,0,0,0,0,0,0,0,1,0,0,0
70.0,71,24008.18,629150.45,9,72.45,0,0,0,0,0,0,0,0,1,1,0,0,0
25.0,22,19572.09,41353.3,5,167.11,1,0,0,0,1,0,0,0,1,0,1,0,0
32.0,15,46524.47,2690288.91,12,248.86,0,0,0,1,0,0,0,0,0,0,0,1,0
44.0,15,13223.11,2737184.17,3,261.97,1,0,0,0,1,0,0,1,0,0,1,0,0
63.0,25,16513.13,188945.24,1,86.94,1,0,0,0,0,0,0,1,0,0,1,0,0
67.0,53,48189.0,1567836.89,4,32.14,0,1,0,0,0,0,0,0,0,0,1,0,1
69.0,21,40697.53,461960.5,10,70.61,1,0,1,0,0,0,0,0,1,0,1,0,0
24.0,66,1690.23,2277269.23,0,283.7,1,0,0,0,0,1,0,0,1,1,0,0,1
44.0,32,45399.27,1997847.46,6,139.28,1,0,0,1,0,0,0,0,0,0,0,0,1
46.0,21,12105.72,894906.78,8,126.15,1,0,0,0,0,0,1,0,1,1,0,0,0
61.0,68,35590.69,355296.04,2,4.91,1,0,0,0,0,0,1,0,1,0,0,1,0
70.0,44,28100.58,2494505.89,5,16.25,1,1,0,0,0,0,0,0,0,0,0,0,1
41.0,66,27303.78,2024386.18,8,200.94,1,0,0,0,1,0,0,0,1,0,1,0,0
20.0,14,36178.14,25425.74,10,177.36,0,0,0,0,1,0,0,0,0,1,0,0,0
37.0,15,11151.89,1885475.98,3,173.08,0,0,0,0,0,0,0,0,0,0,0,0,0
63.0,20,8792.23,2431836.6,5,33.99,1,1,0,0,0,0,0,0,0,0,1,0,0
32.0,34,32943.72,1774350.34,13,106.27,1,0,0,0,0,0,0,0,1,1,0,0,0
42.0,36,15238.38,1277017.46,14,243.9,1,0,0,0,0,0,0,0,0,0,0,0,1
47.0,9,48723.56,1753835.54,2,53.3,0,0,0,0,0,0,1,0,1,1,0,0,1
31.0,71,23124.08,1861037.61,8,264.92,0,0,0,0,0,0,0,0,0,0,0,0,1
24.0,30,6468.25,1921903.7,6,37.32,1,0,0,0,0,1,0,1,0,0,0,1,1
34.0,63,34604.94,2901299.94,6,51.58,0,0,0,0,0,0,0,0,1,1,0,0,0
61.0,35,16001.81,540050.12,3,143.85,1,0,0,0,0,0,1,0,1,1,0,0,0
37.0,13,8280.78,1871163.92,5,283.64,1,0,0,0,0,1,0,0,1,0,0,0,0
53.0,46,21718.34,568039.99,10,99.53,1,0,0,0,1,0,0,1,0,0,0,1,0
26.0,56,48246.89,633820.38,10,197.81,1,0,0,1,0,0,0,0,0,1,0,0,0
55.0,9,21160.1,2009427.36,7,177.01,0,0,1,0,0,0,0,1,0,0,0,1,1
65.0,36,18019.35,2748282.48,14,45.74,0,0,0,0,0,0,0,0,0,0,0,1,1
39.0,3,22780.94,481337.52,15,75.2,1,0,0,0,0,1,0,0,0,1,0,0,0
70.0,19,1593.67,2887584.27,5,279.12,0,0,0,1,0,0,0,0,0,0,1,0,0
70.0,28,7521.98,961520.12,5,56.26,0,0,0,0,0,0,1,0,0,0,0,0,0
19.0,23,42634.06,1176985.56,3,208.81,1,0,0,1,0,0,0,0,0,1,0,0,0
41.0,7,48923.69,465274.07,7,289.44,0,0,1,0,0,0,0,1,0,0,0,1,1
25.0,14,8739.13,1849429.14,13,36.73,1,0,0,1,0,0,0,0,1,0,0,0,0
28.0,46,27240.37,1791279.38,9,120.36,1,0,0,0,0,1,0,1,0,1,0,0,0
30.0,15,48350.34,1329597.88,7,67.96,1,0,0,1,0,0,0,0,1,0,0,0,0
34.0,67,8672.49,1430893.71,8,67.25,1,0,0,1,0,0,0,0,1,0,0,0,0
25.0,15,10129.17,1870812.75,5,36.58,0,0,0,1,0,0,0,0,1,0,0,1,0
38.0,51,46414.0,1752572.12,1,195.22,1,1,0,0,0,0,0,1,0,0,1,0,0
35.0,8,35578.69,1125918.83,15,224.16,0,0,0,0,0,0,0,0,0,0,1,0,0
47.0,69,8446.37,2652922.58,3,203.36,1,0,0,0,0,0,1,0,0,0,0,0,0
35.0,62,20281.14,2004643.27,3,277.47,1,0,1,0,0,0,0,0,1,0,0,1,0
63.0,51,3757.23,620191.96,12,44.56,0,0,0,0,0,0,1,0,0,0,0,1,1
64.0,63,22200.91,963109.47,7,96.63,1,1,0,0,0,0,0,0,0,1,0,0,0
48.0,68,39117.17,2364694.91,4,104.03,0,1,0,0,0,0,0,1,0,0,0,0,0
55.0,16,28144.63,318053.52,3,70.39,0,0,0,0,0,1,0,0,0,1,0,0,0
49.0,24,32724.66,2251944.84,7,43.52,1,1,0,0,0,0,0,0,0,0,0,1,1
28.0,6,17014.19,1079733.11,12,146.52,1,0,0,0,0,0,0,1,0,0,0,0,0
62.0,57,8908.4,1657314.68,2,250.5,1,1,0,0,0,0,0,0,0,0,1,0,0
42.0,31,1642.72,845271.56,1,286.41,1,0,0,1,0,0,0,0,1,0,1,0,0
50.0,6,41244.3,2959437.43,3,39.67,1,0,0,0,0,0,1,1,0,1,0,0,1
55.0,29,32196.07,2717991.67,10,247.12,1,0,0,0,1,0,0,0,0,0,0,0,0
58.0,67,12236.74,2785707.26,0,247.55,0,0,1,0,0,0,0,0,0,0,0,1,0
25.0,3,21503.26,558402.68,15,117.3,0,1,0,0,0,0,0,1,0,1,0,0,0
28.0,28,40270.72,2525861.84,0,33.9,1,0,0,0,0,0,1,0,1,0,1,0,0
39.0,48,27396.31,1608514.32,4,297.01,0,0,0,0,0,1,0,1,0,0,0,1,0
68.0,10,15707.83,2125038.3,12,197.02,0,1,0,0,0,0,0,0,1,0,0,0,0
41.0,33,14092.04,656424.68,10,294.68,1,0,0,0,0,0,0,1,0,0,1,0,0
58.0,67,11663.09,2137394.01,0,145.61,1,1,0,0,0,0,0,0,0,0,0,1,0
34.0,69,41362.76,2743230.4,13,119.16,0,1,0,0,0,0,0,1,0,0,1,0,0
29.0,12,29511.16,806106.75,3,74.91,1,1,0,0,0,0,0,1,0,0,0,0,0
63.0,57,35748.7,703912.76,7,295.09,0,0,0,0,0,1,0,0,1,1,0,0,0
49.0,44,43145.9,317721.57,13,76.72,1,1,0,0,0,0,0,1,0,0,0,1,0
32.0,13,49356.22,804085.99,7,8.11,0,0,1,0,0,0,0,0,1,0,0,1,0
33.0,24,13224.7,1609697.82,1,154.23,0,0,0,0,0,0,1,1,0,0,0,0,0
39.0,44,9864.22,2498985.29,14,113.74,0,0,0,0,0,0,0,0,0,0,1,0,0
45.0,57,23637.92,840006.79,12,79.15,0,1,0,0,0,0,0,1,0,0,1,0,1
37.0,16,2718.49,1865327.45,2,190.75,1,1,0,0,0,0,0,0,0,0,1,0,0
50.0,21,39794.18,1441374.14,13,109.92,1,1,0,0,0,0,0,0,1,0,0,1,0
27.0,51,44304.24,869294.23,12,121.27,0,1,0,0,0,0,0,0,1,0,0,1,0
57.0,21,34615.95,1533525.45,2,7.89,0,0,0,1,0,0,0,0,1,0,1,0,0
49.0,60,14131.76,508047.38,0,177.13,1,0,0,1,0,0,0,0,1,0,0,1,0
67.0,51,7034.62,1920534.79,12,37.5,1,0,0,0,1,0,0,1,0,1,0,0,0
50.0,21,19725.07,351409.85,14,64.93,0,1,0,0,0,0,0,1,0,0,0,0,0
19.0,6,41833.45,2194286.67,15,215.42,0,0,0,0,1,0,0,1,0,0,0,0,0
50.0,65,18043.56,537249.47,13,94.66,0,0,1,0,0,0,0,0,0,0,0,1,0
50.0,58,2678.47,2994486.66,10,49.8,0,0,0,0,1,0,0,1,0,1,0,0,0
58.0,6,14439.74,2471899.42,2,173.65,0,0,0,0,0,0,1,0,0,1,0,0,0
30.0,65,49507.33,1034801.71,7,65.26,1,0,0,1,0,0,0,0,0,0,1,0,0
47.0,34,34156.77,1281483.29,5,82.02,0,0,0,1,0,0,0,1,0,0,0,0,1
50.0,56,45141.89,781277.11,14,186.78,1,1,0,0,0,0,0,0,0,0,0,0,1
30.0,3,38968.4,2302508.11,4,222.22,1,1,0,0,0,0,0,0,1,0,0,0,0
69.0,42,27445.57,1145277.28,9,222.16,1,0,1,0,0,0,0,1,0,0,0,1,0
43.0,62,8285.75,2266780.6,11,145.19,0,0,0,0,0,0,0,1,0,1,0,0,0
39.0,6,18083.58,60112.66,14,136.83,1,0,1,0,0,0,0,0,0,0,1,0,1
56.0,6,29603.27,411184.77,8,236.51,1,0,0,0,0,0,1,1,0,0,0,1,0
19.0,63,43660.99,1098098.13,13,58.72,1,1,0,0,0,0,0,1,0,0,1,0,0
55.0,20,14165.08,331181.06,6,46.51,1,1,0,0,0,0,0,0,0,0,0,1,0
56.0,21,6940.12,1805378.34,5,199.74,0,0,1,0,0,0,0,1,0,0,0,0,1
43.0,2,28382.78,157242.14,4,123.44,0,0,1,0,0,0,0,1,0,0,1,0,1
63.0,56,9648.56,2579990.17,4,213.29,1,0,1,0,0,0,0,1,0,1,0,0,0
67.0,10,30907.73,2285117.46,9,77.72,1,0,0,1,0,0,0,0,0,1,0,0,1
32.0,70,13912.55,652688.16,8,98.14,0,0,0,0,1,0,0,1,0,0,0,1,0
51.0,23,12317.19,1453956.76,12,269.11,0,0,0,0,1,0,0,1,0,0,0,0,0
59.0,30,20559.86,1358180.17,9,127.08,0,1,0,0,0,0,0,1,0,0,0,1,0
61.0,37,30066.4,2175969.52,5,177.7,1,0,0,1,0,0,0,0,1,0,1,0,1
66.0,55,27720.57,1207519.16,11,32.9,0,0,1,0,0,0,0,1,0,1,0,0,0
57.0,49,12991.99,103641.22,10,54.47,1,1,0,0,0,0,0,0,0,1,0,0,0
28.0,34,44664.72,824838.9,3,11.73,1,0,0,1,0,0,0,0,1,1,0,0,0
20.0,44,6384.22,1401256.44,3,127.89,0,0,0,0,0,0,1,0,0,1,0,0,0
23.0,22,2933.91,2923604.19,11,296.69,1,0,0,0,0,0,0,1,0,0,1,0,1
26.0,31,30532.61,2644070.21,3,262.29,0,0,0,1,0,0,0,1,0,1,0,0,0
23.0,7,7046.95,548311.4,10,190.24,1,0,0,0,0,1,0,1,0,0,0,1,1
26.0,21,25739.65,2171211.44,5,258.47,0,1,0,0,0,0,0,0,1,1,0,0,0
56.0,16,47636.89,2810792.29,0,178.66,1,0,0,0,1,0,0,1,0,0,1,0,1
48.0,20,35230.43,31333.88,8,111.26,1,0,0,0,0,1,0,0,0,0,0,0,0
49.0,43,31255.37,2164232.29,13,52.89,0,0,1,0,0,0,0,0,1,0,0,0,1
58.0,44,29165.46,1380703.82,1,196.26,0,0,0,0,0,0,0,0,0,1,0,0,0
67.0,47,9797.42,2042307.41,1,58.72,0,0,0,0,0,0,1,0,0,0,0,0,0
29.0,19,22199.74,1818739.87,4,125.81,0,0,0,0,0,0,0,0,0,0,1,0,0
25.0,48,17783.65,2954073.16,15,247.91,1,0,0,0,0,0,0,0,0,1,0,0,1
25.0,69,47700.64,870002.14,11,39.64,0,0,0,1,0,0,0,0,0,0,1,0,0
67.0,11,12873.69,2359498.23,11,39.58,0,1,0,0,0,0,0,1,0,0,0,0,0
44.0,29,24104.3,707746.47,10,68.1,1,1,0,0,0,0,0,0,0,0,0,0,0
37.0,45,46965.89,1309645.89,3,166.02,0,0,0,0,0,0,0,0,0,1,0,0,0
64.0,68,39669.85,2926265.72,2,76.27,0,0,1,0,0,0,0,1,0,0,0,0,0
24.0,36,48261.25,2299578.21,4,151.46,1,1,0,0,0,0,0,0,1,1,0,0,1
28.0,48,30808.18,950884.66,6,91.29,0,0,0,0,0,0,0,1,0,1,0,0,0
37.0,15,17355.56,1860011.0,9,152.37,0,1,0,0,0,0,0,0,1,0,0,1,0
33.0,44,41505.84,153827.79,1,84.01,0,0,1,0,0,0,0,0,0,0,0,1,0
21.0,67,15281.36,802852.78,12,294.02,0,0,0,0,0,0,1,1,0,0,0,1,0
23.0,40,9073.87,2156579.52,15,148.32,0,0,0,0,0,1,0,0,1,0,1,0,0
39.0,14,35608.15,1712430.24,12,223.35,0,0,0,0,0,0,0,0,1,0,0,0,0
43.0,63,32308.83,1411670.19,5,210.46,1,0,0,0,1,0,0,1,0,0,0,0,0
20.0,51,44068.5,2074173.8,3,147.68,0,0,0,0,1,0,0,1,0,0,0,1,0
58.0,58,48134.31,1198384.38,1,72.42,1,0,0,0,0,0,0,1,0,1,0,0,0
59.0,15,43002.68,83337.65,0,153.7,1,0,0,1,0,0,0,1,0,1,0,0,1
31.0,65,3941.07,1325874.74,7,204.61,1,0,0,1,0,0,0,1,0,1,0,0,0
28.0,55,33561.16,2706876.93,4,138.52,1,0,0,1,0,0,0,0,0,1,0,0,0
35.0,10,39451.89,2570562.31,9,25.5,0,0,0,0,0,1,0,0,0,0,1,0,0
29.0,42,49114.51,1229946.57,15,6.38,0,0,0,0,1,0,0,1,0,0,0,0,0
40.0,11,19358.4,71553.22,1,99.04,0,0,1,0,0,0,0,1,0,0,0,1,0
29.0,16,9324.2,1910740.28,7,45.92,1,0,0,0,0,0,0,0,0,0,1,0,0
30.0,19,42793.72,2224877.31,2,271.95,0,0,0,0,0,1,0,0,1,0,0,0,0
42.0,31,16555.87,886259.51,6,53.57,0,1,0,0,0,0,0,0,0,0,1,0,1
62.0,53,30311.89,1432608.68,1,118.89,0,0,0,0,1,0,0,1,0,1,0,0,0
68.0,8,25186.59,2975611.1,12,213.91,1,0,0,0,0,0,1,0,1,0,1,0,0
36.0,24,20713.99,1731147.32,6,244.81,1,0,0,0,1,0,0,1,0,0,1,0,0
63.0,8,36890.76,1056469.34,14,143.84,0,0,0,0,0,0,1,0,1,1,0,0,0
53.0,48,18712.28,1884329.19,3,55.16,1,0,0,0,0,0,1,1,0,1,0,0,1
62.0,30,34960.68,544166.81,15,82.0,1,0,0,0,0,0,0,0,0,0,0,1,1
25.0,58,1702.09,601760.86,15,126.27,0,0,0,0,0,0,1,1,0,0,0,1,0
46.0,55,16907.72,2775149.52,9,110.01,1,0,0,1,0,0,0,0,0,0,0,0,0
44.0,62,16633.16,721404.12,0,105.25,1,0,0,0,0,1,0,0,1,0,0,1,0
49.0,48,37692.93,935814.19,4,40.42,0,0,1,0,0,0,0,0,0,0,0,1,0
68.0,4,16413.3,1633612.84,11,274.08,1,0,0,0,1,0,0,0,1,0,0,0,0
61.0,37,32033.03,2699579.4,13,9.9,1,1,0,0,0,0,0,1,0,0,1,0,1
35.0,8,34737.7,2345439.42,11,132.56,1,0,0,0,0,1,0,0,0,0,1,0,1
23.0,1,33262.85,136132.84,12,294.12,1,1,0,0,0,0,0,0,1,0,1,0,1
35.0,70,30561.39,2080623.86,13,198.26,1,0,0,0,0,1,0,0,1,1,0,0,0
36.0,47,21267.23,1514664.14,3,107.27,1,0,0,0,1,0,0,0,1,0,0,0,0
39.0,5,25186.59,1429280.76,7,44.68,1,0,1,0,0,0,0,0,1,0,1,0,0
54.0,50,28664.62,2076217.31,0,289.2,1,0,1,0,0,0,0,1,0,0,0,1,1
49.0,24,4121.45,592714.98,1,5.18,0,0,0,0,0,0,0,1,0,0,0,1,0
58.0,47,43915.17,2944558.55,4,204.73,0,0,0,0,0,0,0,1,0,0,0,1,1
20.0,18,41440.44,1937693.06,9,264.16,0,0,0,0,0,1,0,0,1,0,0,0,0
45.0,28,17972.85,1100140.24,9,8.52,0,0,0,0,0,1,0,1,0,0,0,0,1
44.0,5,28774.14,1802605.61,11,217.83,1,1,0,0,0,0,0,0,1,0,0,1,1
68.0,30,46679.16,653330.24,12,299.65,0,0,0,0,0,0,1,0,1,1,0,0,0
52.0,1,14310.2,1903356.39,1,192.25,0,0,0,0,1,0,0,0,1,1,0,0,0
46.0,46,37380.31,89510.34,10,124.99,1,0,0,0,0,0,0,0,0,0,1,0,0
32.0,69,5053.86,1026839.82,15,262.45,1,0,0,0,1,0,0,1,0,0,1,0,0
50.0,31,26645.24,2243813.11,0,166.7,1,1,0,0,0,0,0,1,0,0,1,0,1
24.0,70,44314.49,2424893.66,5,225.08,1,0,0,0,0,0,0,0,0,0,1,0,0
29.0,56,28033.75,762493.64,11,176.75,1,0,0,0,0,0,0,0,0,0,1,0,0
66.0,28,31196.39,1620531.34,12,12.45,0,0,0,0,0,0,1,0,0,0,0,0,1
47.0,16,45474.33,1587836.2,12,64.73,1,0,0,0,1,0,0,0,0,0,0,0,0
38.0,54,36052.67,1267260.86,11,24.55,0,0,0,0,1,0,0,0,1,1,0,0,0
44.0,53,35097.61,689156.78,9,32.9,0,0,0,0,1,0,0,1,0,1,0,0,0
41.0,12,29732.82,2111168.56,3,5.61,1,0,0,0,0,0,1,1,0,0,0,0,0
37.0,20,32016.44,760823.24,14,126.93,0,0,0,0,0,0,0,1,0,1,0,0,0
54.0,34,40381.57,2733522.08,15,54.42,0,1,0,0,0,0,0,0,1,0,0,1,0
21.0,53,48982.42,1587861.37,4,256.85,1,0,0,0,1,0,0,1,0,1,0,0,0
45.0,64,39970.94,2612082.62,2,225.26,0,0,1,0,0,0,0,0,0,0,0,1,0
61.0,23,35669.3,875774.45,14,172.38,0,0,0,0,0,0,1,1,0,0,0,1,0
37.0,27,7641.7,2422202.07,9,147.22,0,0,0,1,0,0,0,1,0,0,1,0,0
41.0,17,41036.94,345422.44,15,77.5,1,1,0,0,0,0,0,0,1,1,0,0,0
67.0,48,37063.72,2301656.87,5,143.01,1,0,1,0,0,0,0,0,0,0,0,1,0
66.0,21,38751.18,1163902.82,3,192.73,1,0,0,0,1,0,0,0,0,1,0,0,0
68.0,50,12323.73,1412620.32,12,234.89,0,0,0,1,0,0,0,0,0,1,0,0,0
49.0,40,45268.74,504587.92,5,25.42,1,1,0,0,0,0,0,1,0,0,0,0,1
58.0,3,5766.79,60789.93,12,212.83,0,0,0,0,0,0,1,0,0,0,0,0,0
53.0,17,13426.99,2000261.49,4,223.08,1,0,0,1,0,0,0,0,0,0,1,0,0
70.0,61,33488.15,1765216.26,10,168.13,0,0,0,0,0,0,0,1,0,1,0,0,0
51.0,50,34012.01,1869172.32,1,65.08,1,0,0,0,0,1,0,0,1,0,0,0,0
53.0,6,16352.9,768730.27,3,162.22,1,0,0,1,0,0,0,1,0,0,0,1,0
19.0,28,35374.47,721636.0,1,151.31,0,0,0,0,0,1,0,0,1,0,0,1,1
32.0,72,20008.6,2491737.45,4,143.24,1,0,1,0,0,0,0,0,1,0,1,0,0
51.0,55,1008.6,2284951.99,2,138.73,0,1,0,0,0,0,0,0,0,0,0,1,1
53.0,58,8967.7,1013686.4,5,34.14,1,0,1,0,0,0,0,0,0,1,0,0,0
23.0,45,44248.3,1915228.12,14,55.68,1,0,1,0,0,0,0,1,0,0,0,1,0
56.0,72,11912.01,2485309.26,10,30.1,0,0,0,0,1,0,0,0,1,0,1,0,0
59.0,19,6532.61,2667044.18,4,73.5,0,0,0,0,0,0,1,1,0,0,1,0,0
68.0,29,34427.83,22389.75,1,79.78,0,0,0,1,0,0,0,0,0,0,0,1,0
68.0,23,22594.62,2441319.87,13,74.28,1,1,0,0,0,0,0,0,1,1,0,0,0
29.0,32,40032.96,1054425.04,9,64.07,0,0,0,0,0,0,0,0,0,0,0,0,0
20.0,10,43210.8,2156542.96,10,220.89,1,0,0,0,0,0,1,0,0,1,0,0,0
62.0,49,42453.45,1117347.09,7,245.75,0,0,0,0,0,0,1,0,0,1,0,0,0
35.0,65,16337.45,1820716.01,5,98.81,0,1,0,0,0,0,0,0,1,1,0,0,1
57.0,29,25771.75,1942113.41,8,92.23,0,0,0,0,0,0,1,0,1,0,0,1,1
38.0,59,32856.94,1217953.35,2,253.37,0,0,0,0,1,0,0,0,0,0,0,0,1
32.0,45,25186.59,1540792.07,15,187.55,0,0,0,0,0,0,1,0,1,1,0,0,0
50.0,67,3013.87,2180308.55,13,88.74,0,0,0,0,1,0,0,0,0,0,0,0,1
52.0,51,25287.55,1431534.28,15,214.37,1,0,0,1,0,0,0,0,0,0,1,0,0
43.0,11,1628.1,46871.55,10,104.03,0,0,0,1,0,0,0,0,0,0,0,0,1
25.0,6,47581.64,43648.07,3,176.38,1,0,1,0,0,0,0,0,1,0,0,1,0
53.0,67,40037.5,1985626.0,10,297.8,0,0,0,0,1,0,0,1,0,0,1,0,0
65.0,62,10408.48,2542476.42,7,91.18,0,0,0,0,0,0,0,1,0,0,1,0,0
47.0,5,15091.02,2356894.24,15,279.23,0,0,0,1,0,0,0,0,1,1,0,0,0
40.0,9,49159.09,934648.9,6,96.88,1,0,0,0,0,0,1,0,1,0,0,0,0
59.0,28,19303.88,1416028.02,7,162.55,1,1,0,0,0,0,0,0,0,0,1,0,1
61.0,38,39402.4,706311.42,8,138.54,0,1,0,0,0,0,0,0,0,0,1,0,0
31.0,43,22893.96,2967503.98,13,235.16,1,0,0,0,0,1,0,1,0,0,0,0,0
31.0,21,43340.7,785216.82,7,19.27,0,0,0,0,1,0,0,0,0,0,0,0,1
19.0,62,35483.92,1251703.47,7,188.51,0,0,0,0,0,0,0,1,0,0,1,0,1
54.0,46,2122.59,2044981.21,15,228.44,1,0,1,0,0,0,0,1,0,0,1,0,0
22.0,70,15425.1,2628672.92,5,142.17,1,0,0,0,0,0,1,0,1,0,0,0,1
55.0,38,28341.62,159169.67,10,32.48,1,0,0,0,1,0,0,0,1,0,0,1,0
62.0,49,46382.53,906553.93,1,74.2,1,0,0,0,0,1,0,0,1,0,0,0,1
58.0,39,5999.46,1709112.61,11,204.22,0,1,0,0,0,0,0,1,0,0,0,1,0
64.0,71,30456.96,1856847.68,6,268.74,1,0,0,0,1,0,0,0,1,0,1,0,0
31.0,30,15806.66,214732.18,3,127.06,1,0,0,0,0,0,1,1,0,1,0,0,0
56.0,21,44577.06,1993915.82,2,168.56,0,0,0,0,0,0,0,0,1,0,0,0,0
42.0,1,38493.31,1586552.77,3,69.29,1,0,0,0,0,0,0,1,0,0,1,0,0
37.0,32,19115.43,2483744.0,3,124.25,1,0,0,1,0,0,0,0,0,0,1,0,0
19.0,8,9188.06,670456.58,2,101.7,1,0,0,0,0,0,1,0,0,1,0,0,0
56.0,69,1563.4,589105.82,8,197.0,1,0,0,0,0,1,0,1,0,0,0,0,0
23.0,30,31435.59,2381044.98,13,295.42,0,0,0,1,0,0,0,1,0,0,1,0,0
34.0,8,20900.07,2113088.04,2,244.18,0,0,0,1,0,0,0,0,0,0,0,1,0
42.0,19,16423.07,2376061.71,1,58.46,1,0,0,1,0,0,0,1,0,1,0,0,0
45.0,59,49289.61,2346892.75,12,173.73,1,0,0,0,1,0,0,1,0,0,0,1,1
19.0,55,23840.96,316482.02,0,20.86,0,0,0,0,0,1,0,0,0,0,0,0,0
52.0,30,37742.12,839356.23,10,74.83,1,1,0,0,0,0,0,1,0,0,0,1,0
54.0,36,9693.21,783954.98,0,52.49,1,0,0,0,0,0,0,0,1,1,0,0,1
22.0,55,1659.31,2804088.91,4,101.33,1,0,0,0,1,0,0,0,0,0,1,0,0
18.0,44,21460.57,1464962.39,11,203.97,1,1,0,0,0,0,0,0,1,1,0,0,0
57.0,27,33617.58,337616.11,11,150.32,1,0,0,0,0,0,0,1,0,0,1,0,1
29.0,54,25823.34,872285.83,4,279.94,1,0,0,0,0,1,0,1,0,0,1,0,0
53.0,48,44632.85,2616345.44,11,64.61,1,0,0,0,0,1,0,0,1,0,0,1,0
62.0,30,22264.99,2541963.8,8,109.9,1,0,0,0,0,0,1,1,0,1,0,0,0
40.0,39,16239.14,2701516.75,3,99.63,1,0,0,0,0,0,0,1,0,1,0,0,0
64.0,13,45886.39,1168643.67,4,71.55,0,0,0,0,0,0,0,0,1,0,1,0,0
48.0,16,20933.31,1925816.18,12,297.96,0,0,0,0,0,1,0,1,0,1,0,0,0
28.0,44,14212.75,838130.89,5,116.78,0,0,0,0,0,0,0,0,0,0,0,0,1
27.0,71,5785.39,546571.87,12,282.21,1,0,1,0,0,0,0,0,1,0,0,0,0
20.0,27,39872.18,70593.72,9,117.75,1,0,0,0,0,0,1,0,1,0,0,1,0
31.0,45,41429.48,674205.64,6,62.02,0,0,0,0,1,0,0,0,1,0,0,1,1
33.0,35,2631.59,1815100.54,8,36.64,1,0,0,0,1,0,0,0,1,1,0,0,1
27.0,28,18573.63,2713109.89,12,256.81,0,1,0,0,0,0,0,0,0,0,0,1,0
46.0,7,37743.95,404594.56,5,10.6,1,0,0,0,1,0,0,0,1,1,0,0,1
27.0,62,47372.71,2754444.63,0,289.35,0,0,0,1,0,0,0,0,1,0,0,1,0
29.0,51,19513.1,1039428.78,7,126.04,0,0,0,0,0,0,0,1,0,0,0,0,0
47.0,46,43730.62,1283351.08,13,74.96,0,0,0,0,1,0,0,0,1,0,1,0,0
58.0,20,20292.3,1098110.73,1,185.62,1,1,0,0,0,0,0,1,0,0,1,0,0
18.0,38,9795.24,1228781.38,15,40.74,0,1,0,0,0,0,0,0,1,0,0,0,0
22.0,61,1168.86,781283.48,8,22.57,1,0,0,1,0,0,0,0,1,0,1,0,1
37.0,32,17178.87,2097321.01,10,248.51,1,1,0,0,0,0,0,0,0,1,0,0,1
25.0,26,19545.28,2275758.42,6,127.98,1,0,0,0,0,1,0,1,0,1,0,0,0
60.0,58,47310.76,2470223.11,6,155.96,1,0,1,0,0,0,0,0,0,0,0,0,0
29.0,39,11097.44,1027162.3,9,53.83,1,0,0,0,0,1,0,1,0,0,0,0,1
18.0,20,19729.3,2295057.54,9,19.37,1,0,0,0,0,0,0,0,1,0,0,0,0
37.0,50,2232.55,1914837.7,11,110.97,1,0,0,0,0,0,0,0,0,0,0,0,0
45.0,52,38413.45,2873958.68,4,152.34,0,0,0,0,0,0,0,1,0,0,1,0,0
60.0,22,45841.92,1277231.57,7,229.86,0,0,0,0,0,0,1,1,0,0,1,0,0
54.0,53,12653.21,2976967.64,9,150.81,0,0,0,0,1,0,0,0,0,0,1,0,1
64.0,66,22020.76,2222480.12,14,234.97,1,0,1,0,0,0,0,1,0,1,0,0,1
54.0,43,6983.52,2329951.88,0,35.51,1,0,0,0,1,0,0,0,1,0,0,1,0
29.0,23,25186.59,81986.06,2,20.12,1,0,1,0,0,0,0,1,0,1,0,0,1
54.0,64,7533.78,1494708.06,8,48.5,1,0,0,0,1,0,0,0,1,0,0,1,0
66.0,9,26644.08,1587368.45,14,231.83,0,0,0,1,0,0,0,1,0,0,0,0,0
66.0,7,36996.48,126597.31,0,228.04,1,0,0,0,0,1,0,0,0,0,0,0,0
61.0,41,28113.8,939833.01,10,43.27,0,1,0,0,0,0,0,0,1,0,1,0,1
45.0,54,13015.76,2867154.32,7,10.27,1,1,0,0,0,0,0,1,0,0,1,0,1
64.0,65,18336.0,1281203.75,5,205.9,0,0,0,0,0,1,0,0,1,0,0,1,0
32.0,2,32290.06,564172.44,11,256.73,1,0,0,1,0,0,0,0,0,0,0,1,0
23.0,4,29898.02,1542449.43,14,226.48,0,0,1,0,0,0,0,1,0,0,1,0,0
61.0,32,7701.96,106127.9,12,61.64,1,0,0,0,0,1,0,1,0,0,0,0,0
37.0,2,42402.52,1550386.16,15,175.55,0,0,0,0,0,0,1,0,1,0,1,0,0
67.0,64,24284.26,1784833.58,14,227.45,1,0,1,0,0,0,0,0,0,0,0,0,0
31.0,14,8956.09,1076294.62,9,77.49,0,1,0,0,0,0,0,0,0,0,0,0,0
19.0,20,7018.5,2288915.71,4,158.79,0,0,0,0,0,0,1,1,0,1,0,0,0
26.0,49,48312.04,411463.66,11,95.02,1,0,0,0,1,0,0,0,1,1,0,0,0
54.0,8,14795.22,2635159.31,5,68.45,0,0,0,0,0,0,1,1,0,0,0,1,1
37.0,63,45521.09,2866557.51,10,290.91,1,0,1,0,0,0,0,1,0,0,0,0,1
43.0,46,21118.68,8697.4,4,273.86,1,0,0,1,0,0,0,0,1,0,1,0,0
46.0,21,19910.15,2528951.37,14,134.25,1,0,0,0,1,0,0,0,0,0,0,0,1
18.0,32,35345.52,1520784.92,8,41.9,0,0,1,0,0,0,0,1,0,0,0,1,1
52.0,8,1484.28,1386909.87,1,218.64,0,0,0,0,1,0,0,1,0,0,0,0,0
23.0,16,17566.39,719843.93,9,77.45,1,0,0,0,0,0,1,0,1,0,0,0,0
54.0,40,15829.64,1344738.5,5,51.39,1,1,0,0,0,0,0,0,1,0,0,1,0
70.0,27,43536.81,2851529.31,11,115.08,0,0,1,0,0,0,0,1,0,0,0,0,0
22.0,18,26927.05,636308.96,3,159.43,0,0,0,1,0,0,0,0,0,1,0,0,1
50.0,35,18863.94,541228.51,15,30.13,0,0,0,0,0,1,0,0,1,0,0,1,1
66.0,52,14037.89,729479.43,2,171.95,1,0,0,0,0,0,1,1,0,1,0,0,0
68.0,15,29934.98,1657743.41,11,5.59,1,0,1,0,0,0,0,0,0,0,0,1,0
31.0,63,8431.98,2791247.95,4,267.67,1,0,0,1,0,0,0,0,1,0,0,0,0
29.0,53,13064.03,1723775.36,1,276.3,1,0,1,0,0,0,0,0,1,1,0,0,0
59.0,66,15387.0,734230.02,2,220.19,1,0,0,0,0,0,1,1,0,1,0,0,0
37.0,31,30787.54,1324154.68,6,140.5,0,0,1,0,0,0,0,0,1,0,1,0,1
70.0,61,19289.49,1174248.39,11,77.21,1,0,0,0,1,0,0,1,0,1,0,0,0
67.0,64,25783.38,144475.56,0,223.49,0,0,0,0,0,0,1,0,1,1,0,0,0
41.0,34,32871.47,1534372.34,1,279.61,0,0,1,0,0,0,0,0,0,0,0,0,0
60.0,55,47857.31,382389.13,2,48.4,1,0,0,0,0,1,0,0,0,1,0,0,1
51.0,59,38477.03,2527520.91,9,140.28,0,1,0,0,0,0,0,0,1,1,0,0,1
42.0,3,20857.58,1649143.91,12,95.26,1,0,1,0,0,0,0,1,0,1,0,0,0
67.0,17,37665.49,2534596.42,13,107.67,0,0,0,0,1,0,0,0,1,0,0,0,0
46.0,46,47535.01,2868353.84,11,122.32,1,0,0,1,0,0,0,1,0,0,0,1,0
56.0,38,25469.65,2829848.93,13,285.59,1,0,0,0,0,1,0,0,1,0,0,0,1
48.0,35,21114.35,305785.86,6,78.33,0,0,0,1,0,0,0,0,0,1,0,0,1
64.0,1,4822.92,2834727.13,3,148.31,1,0,0,0,0,1,0,1,0,0,0,1,0
60.0,29,44726.15,2388262.89,11,285.49,0,0,0,1,0,0,0,0,0,0,0,0,0
67.0,4,13075.28,2334086.03,7,143.34,1,1,0,0,0,0,0,0,0,0,0,0,0
40.0,61,4133.94,274934.98,7,259.22,1,0,0,0,1,0,0,0,0,0,0,1,0
61.0,17,27322.97,542646.53,14,18.57,1,0,0,0,0,0,1,0,1,0,1,0,0
55.0,28,42449.08,2925614.32,0,285.96,0,0,0,1,0,0,0,1,0,1,0,0,0
37.0,50,20925.12,644043.62,4,57.07,0,0,0,0,0,1,0,0,0,0,1,0,0
40.0,8,39370.31,511314.72,15,294.0,1,0,0,0,1,0,0,1,0,1,0,0,0
62.0,34,41983.4,1090243.1,0,53.5,0,0,1,0,0,0,0,1,0,1,0,0,0
69.0,59,23265.77,2740501.81,14,133.87,1,1,0,0,0,0,0,0,0,0,1,0,0
33.0,18,29956.8,1431199.42,12,93.28,0,0,0,0,1,0,0,0,1,0,1,0,0
67.0,59,27161.7,2762148.24,12,130.54,0,0,0,0,1,0,0,0,0,1,0,0,0
59.0,27,47020.6,1006344.65,6,75.91,1,0,0,0,0,0,1,0,0,0,0,1,0
25.0,16,36549.78,683453.29,12,289.63,1,0,0,0,1,0,0,1,0,0,0,1,0
67.0,10,46341.8,1488133.01,3,92.41,1,1,0,0,0,0,0,0,1,0,1,0,0
38.0,22,11780.49,1848353.29,15,196.33,1,1,0,0,0,0,0,1,0,0,1,0,0
18.0,16,16201.61,1177539.5,14,42.1,1,1,0,0,0,0,0,0,1,0,0,0,1
25.0,12,4474.76,1041361.38,11,247.49,0,0,1,0,0,0,0,0,0,0,0,1,0
46.0,51,25495.49,658087.56,7,163.21,0,0,0,0,0,0,1,0,1,0,0,1,0
49.0,1,43822.26,828645.26,15,293.85,1,0,0,0,0,0,1,1,0,1,0,0,0
55.0,27,17015.49,2020988.3,11,127.6,1,0,0,1,0,0,0,0,0,0,0,0,0
22.0,67,7285.82,1112771.25,7,59.44,1,0,0,1,0,0,0,0,1,1,0,0,0
64.0,12,4353.87,243872.34,8,104.46,0,0,1,0,0,0,0,0,1,0,0,0,0
44.0,30,22927.51,418775.39,10,221.35,1,1,0,0,0,0,0,1,0,0,0,1,1
64.0,9,9037.07,1120275.67,5,198.07,1,0,0,0,0,0,0,0,1,1,0,0,1
51.0,53,17959.1,2773884.78,6,233.73,0,0,0,1,0,0,0,0,0,0,0,0,0
18.0,61,41179.01,1140195.63,14,22.97,0,0,0,0,1,0,0,0,1,1,0,0,0
43.0,54,19818.32,186623.02,6,174.53,0,1,0,0,0,0,0,1,0,0,0,0,1
60.0,37,30883.67,1256892.8,4,279.72,0,0,0,0,0,0,0,0,1,0,1,0,1
27.0,65,25605.84,2008108.69,6,33.26,1,0,0,0,1,0,0,0,0,1,0,0,0
47.0,42,36208.13,1782820.42,14,29.21,0,0,0,0,0,1,0,0,0,0,1,0,0
67.0,49,8652.08,840014.87,8,215.26,0,0,0,0,0,0,1,0,1,0,0,0,0
35.0,4,46101.61,2065826.32,11,95.24,1,1,0,0,0,0,0,0,1,1,0,0,1
34.0,64,32538.01,1893720.0,13,197.92,1,0,0,0,0,1,0,0,0,0,0,0,0
43.0,51,14276.73,520658.04,11,164.07,1,0,1,0,0,0,0,1,0,0,0,0,0
25.0,72,7039.43,490624.29,10,295.83,0,0,0,0,0,0,1,0,0,0,1,0,0
64.0,60,8336.55,1643813.33,3,266.83,1,0,0,0,0,0,1,0,1,1,0,0,1
57.0,31,39350.48,1980018.49,12,203.74,0,0,0,0,1,0,0,0,1,0,0,1,0
66.0,72,29817.39,2885922.2,1,79.24,0,0,0,0,0,1,0,1,0,0,0,0,1
29.0,58,19657.16,1268682.24,7,79.31,0,0,0,0,0,0,1,0,0,0,1,0,0
44.0,4,17312.14,2295993.02,6,264.79,1,0,0,1,0,0,0,0,0,0,0,1,0
25.0,22,42932.14,353979.64,5,176.02,0,1,0,0,0,0,0,1,0,0,1,0,1
42.0,3,43863.36,2669379.04,6,237.0,1,0,0,1,0,0,0,0,0,0,1,0,1
63.0,47,25186.59,1901157.09,11,135.51,1,0,0,0,1,0,0,1,0,0,1,0,0
21.0,38,26702.66,1888945.84,15,31.82,1,0,0,0,0,0,0,0,0,0,0,0,0
50.0,33,41005.95,431615.69,2,100.47,0,0,0,0,1,0,0,1,0,0,0,1,1
18.0,48,37717.42,123553.27,5,49.18,0,1,0,0,0,0,0,1,0,0,0,0,0
36.0,65,20615.93,2105840.17,9,234.77,0,0,0,0,0,0,1,1,0,0,0,0,0
48.0,26,5054.2,355584.09,13,210.45,1,0,0,0,0,1,0,0,1,1,0,0,0
33.0,8,38656.51,385275.6,15,27.44,0,0,0,0,0,1,0,0,1,0,0,1,1
31.0,50,9266.35,566562.94,15,186.79,0,0,1,0,0,0,0,0,1,1,0,0,0
70.0,38,1802.47,297750.72,6,262.37,0,0,0,0,1,0,0,0,0,0,1,0,0
65.0,10,42321.83,1878050.6,6,209.51,0,1,0,0,0,0,0,1,0,0,0,1,1
22.0,42,29334.44,1268904.39,12,153.82,0,0,1,0,0,0,0,0,0,0,0,1,0
44.0,37,44691.64,801957.8,12,94.25,1,0,0,0,0,0,1,0,0,0,0,0,1
43.0,26,24744.82,1325044.45,4,266.24,1,0,0,0,0,0,0,1,0,0,1,0,0
45.0,12,46397.57,2533199.31,2,127.42,1,0,0,0,1,0,0,0,1,0,0,0,1
19.0,49,18344.62,2781602.82,1,256.76,1,0,0,0,0,0,0,0,0,1,0,0,0
67.0,14,36501.58,1464991.05,12,235.12,0,1,0,0,0,0,0,0,0,0,1,0,0
23.0,46,15748.34,1702424.98,6,245.05,1,0,0,0,0,0,0,0,0,0,0,0,0
26.0,35,1057.02,775313.79,3,296.95,0,0,0,0,0,0,0,0,1,0,0,0,0
44.0,29,19607.48,1543233.13,1,224.88,1,1,0,0,0,0,0,1,0,0,0,0,0
58.0,12,37150.51,2245618.22,12,11.18,1,1,0,0,0,0,0,1,0,0,1,0,0
42.0,44,8351.18,1478951.1,7,62.42,1,0,0,0,1,0,0,0,0,1,0,0,0
65.0,66,25735.3,909708.34,1,11.52,0,0,0,0,0,0,0,1,0,0,0,1,0
30.0,2,11403.75,1748192.87,5,57.78,0,0,1,0,0,0,0,0,1,0,0,0,1
26.0,59,4656.58,2840234.81,3,19.37,1,1,0,0,0,0,0,1,0,0,1,0,0
70.0,17,31255.15,2664511.64,8,150.98,0,0,0,0,0,0,1,0,0,0,0,1,1
30.0,10,47646.41,2308880.93,4,9.43,1,0,0,0,0,0,0,0,0,0,0,0,0
48.0,18,16224.51,832247.85,15,142.3,1,1,0,0,0,0,0,1,0,0,1,0,0
58.0,22,29451.64,728470.72,3,269.75,1,0,1,0,0,0,0,0,0,1,0,0,1
28.0,58,47726.57,2516418.88,7,224.82,0,0,0,0,0,1,0,0,1,0,0,0,1
21.0,53,32873.68,548045.84,2,283.24,1,1,0,0,0,0,0,0,1,0,1,0,0
51.0,1,33982.55,1818805.87,13,68.77,1,0,0,0,0,0,0,0,1,0,0,0,0
55.0,61,9767.5,1319595.18,12,159.79,1,0,0,0,0,1,0,0,1,0,1,0,0
63.0,31,25137.87,1406619.47,8,96.26,0,1,0,0,0,0,0,0,0,1,0,0,0
21.0,31,18987.05,1366357.49,7,148.65,1,1,0,0,0,0,0,0,0,1,0,0,1
55.0,66,24076.89,2700350.69,13,167.57,0,0,0,0,0,0,1,1,0,0,1,0,0
36.0,19,40240.5,265847.28,11,11.82,1,0,0,0,0,0,1,0,0,0,0,1,0
23.0,53,23574.25,2349789.84,13,70.74,0,0,0,0,0,0,0,1,0,1,0,0,0
51.0,22,4079.68,2505862.95,11,211.73,1,0,0,0,0,1,0,0,0,0,0,0,0
35.0,23,45371.54,2828917.06,7,232.11,1,0,0,0,0,1,0,1,0,1,0,0,0
30.0,15,27695.98,1360536.87,9,171.27,0,1,0,0,0,0,0,1,0,0,0,0,1
58.0,26,46300.22,1502695.25,4,81.98,0,0,0,0,0,0,0,0,1,1,0,0,1
40.0,3,29045.37,2884077.09,0,122.12,1,1,0,0,0,0,0,1,0,1,0,0,0
36.0,20,4412.18,1378060.93,10,29.72,0,0,0,0,0,0,1,1,0,0,0,0,0
62.0,40,28090.6,1513127.68,9,286.0,1,0,1,0,0,0,0,1,0,1,0,0,0
28.0,39,29211.21,1000101.68,12,260.73,1,0,0,1,0,0,0,1,0,0,0,0,0
18.0,72,11502.65,99724.21,8,20.62,1,0,0,1,0,0,0,1,0,0,0,0,0
41.0,18,24080.43,1301998.38,1,50.78,0,1,0,0,0,0,0,0,1,1,0,0,1
24.0,41,23512.63,1966998.48,0,174.75,1,0,0,0,0,1,0,1,0,1,0,0,0
42.0,70,31520.93,2071388.0,5,70.5,0,0,0,0,0,0,1,1,0,0,0,0,1
38.0,27,13721.09,24493.4,0,280.39,1,0,0,0,1,0,0,1,0,0,1,0,1
32.0,15,29505.67,2404153.06,15,226.92,0,0,0,0,1,0,0,0,0,1,0,0,1
18.0,37,12806.65,1479784.76,9,82.71,0,0,0,1,0,0,0,0,0,0,0,1,0
29.0,58,22875.82,1564632.36,9,2.82,1,0,1,0,0,0,0,0,1,1,0,0,1
24.0,5,7012.58,2885422.35,12,240.03,0,0,0,1,0,0,0,1,0,0,1,0,0
32.0,7,2827.73,856961.17,9,127.8,1,1,0,0,0,0,0,1,0,0,1,0,0
38.0,41,16708.78,2286147.71,14,193.07,1,0,1,0,0,0,0,0,0,1,0,0,0
36.0,10,14454.02,1726454.86,6,86.81,1,0,0,0,1,0,0,1,0,1,0,0,0
46.0,62,20939.86,2103891.39,13,43.72,1,0,0,0,0,1,0,0,1,0,0,1,0
42.0,26,48137.15,1256363.27,6,202.92,1,0,0,0,0,0,1,1,0,1,0,0,0
50.0,68,26589.24,841226.58,12,135.65,0,0,0,0,0,0,1,0,1,0,1,0,1
66.0,24,28105.66,1640647.23,0,71.32,1,1,0,0,0,0,0,0,0,0,0,1,1
49.0,41,47138.45,1127948.73,9,42.15,0,0,0,1,0,0,0,0,1,1,0,0,0
66.0,65,46136.21,672618.98,12,174.56,0,1,0,0,0,0,0,0,1,0,0,1,1
52.0,17,44321.49,2518512.26,4,217.94,1,0,0,0,0,0,1,0,1,0,0,1,1
61.0,24,5801.74,1430115.63,2,85.88,0,0,0,0,1,0,0,0,1,0,1,0,0
55.0,27,32080.57,2542710.64,12,220.81,1,0,0,0,0,0,1,0,1,0,1,0,1
43.0,7,40596.85,1424724.59,12,55.75,0,0,1,0,0,0,0,0,1,0,0,0,0
28.0,12,41943.16,1672609.1,10,102.19,0,0,0,0,0,1,0,0,1,0,1,0,0
52.0,3,29317.45,2985864.32,11,223.72,0,0,0,0,0,1,0,0,1,0,0,0,0
25.0,10,1857.28,2854755.12,13,198.38,1,0,0,0,0,0,0,0,1,0,1,0,0
63.0,33,48711.93,818711.16,1,81.89,0,0,0,0,0,0,1,0,0,0,1,0,0
31.0,46,24137.64,2606622.88,15,37.52,1,0,0,0,0,0,1,0,1,0,0,0,0
27.0,59,20286.2,1174258.43,10,13.7,0,0,0,0,0,1,0,0,1,0,0,0,0
19.0,52,20352.49,218389.97,14,251.54,0,0,0,0,0,0,0,1,0,0,0,0,1
63.0,6,21783.39,1729464.14,4,23.47,0,0,1,0,0,0,0,1,0,0,0,1,0
26.0,2,12866.86,2931270.32,4,35.34,0,0,0,1,0,0,0,1,0,0,0,0,0
20.0,29,17039.35,2923069.49,1,72.08,1,0,0,0,0,0,1,0,1,0,0,1,0
38.0,40,49282.52,383763.81,5,134.26,1,0,0,0,0,1,0,0,0,0,0,1,0
43.0,61,19040.23,2314853.82,6,237.15,0,1,0,0,0,0,0,0,0,0,0,0,0
25.0,68,26809.53,2409484.97,0,75.0,0,0,0,0,0,0,1,1,0,0,0,0,1
65.0,68,42566.42,1109390.63,2,163.51,1,1,0,0,0,0,0,1,0,0,0,0,1
19.0,29,26843.96,1977492.57,3,28.02,1,0,1,0,0,0,0,0,1,0,1,0,1
23.0,62,16898.22,1467037.64,1,139.89,1,0,0,0,0,0,1,0,0,0,1,0,1
45.0,60,26663.8,687539.83,9,54.11,1,0,0,0,0,1,0,0,0,0,0,0,0
70.0,41,6590.23,2284986.52,10,64.15,0,0,1,0,0,0,0,1,0,1,0,0,0
46.0,65,7370.34,791944.36,4,110.68,0,0,1,0,0,0,0,0,0,0,0,0,0
43.0,64,35011.27,1024641.02,12,228.64,1,0,0,1,0,0,0,1,0,1,0,0,0
42.0,63,45955.57,574105.12,15,223.45,1,0,0,0,0,0,1,1,0,0,1,0,0
29.0,48,36558.23,2159217.55,15,125.08,1,1,0,0,0,0,0,0,1,0,1,0,0
22.0,20,4656.05,1378878.54,3,36.48,1,1,0,0,0,0,0,1,0,1,0,0,0
51.0,37,20741.88,1332902.9,10,84.93,1,0,0,0,0,0,1,0,1,0,1,0,0
65.0,64,1125.13,1815665.79,1,152.1,1,0,0,0,0,0,0,0,0,0,0,0,1
54.0,5,26049.13,476004.02,14,260.95,0,0,0,1,0,0,0,0,0,1,0,0,0
32.0,34,10467.02,2694970.9,10,290.51,0,0,0,1,0,0,0,1,0,1,0,0,0
61.0,39,43539.19,1398001.32,0,191.6,0,0,0,1,0,0,0,1,0,0,0,1,0
53.0,67,6112.42,1102747.94,7,105.86,1,1,0,0,0,0,0,0,1,0,1,0,0
32.0,62,1070.24,384438.37,1,208.34,1,0,1,0,0,0,0,0,1,1,0,0,1
60.0,24,23106.16,508022.84,3,101.53,1,0,0,0,0,1,0,0,0,1,0,0,0
65.0,3,8616.23,2761479.14,11,188.02,0,0,0,0,0,0,0,0,0,1,0,0,1
40.0,71,37161.33,1372568.02,15,73.89,1,0,0,1,0,0,0,1,0,0,1,0,0
23.0,67,46076.8,2167940.84,9,80.83,1,1,0,0,0,0,0,1,0,1,0,0,0
63.0,50,3054.96,246146.48,4,23.49,0,1,0,0,0,0,0,0,1,1,0,0,1
67.0,29,20383.52,1932176.31,1,126.62,1,0,1,0,0,0,0,1,0,0,0,0,0
61.0,32,49843.93,2764949.98,9,185.83,0,0,0,0,0,0,1,0,1,0,0,0,0
60.0,39,36900.93,903390.54,8,236.85,0,0,0,0,0,0,1,0,0,0,0,1,0
62.0,9,47706.19,1739525.8,1,243.29,1,0,0,0,0,1,0,0,0,1,0,0,0
38.0,14,9040.08,2820956.22,5,297.74,0,0,0,0,0,1,0,1,0,0,1,0,1
40.0,68,11847.06,2159371.05,6,27.24,1,0,0,1,0,0,0,0,1,0,0,1,0
60.0,64,8585.75,191664.88,5,148.45,0,0,0,0,0,1,0,1,0,0,0,1,0
33.0,20,15816.08,1139317.76,10,156.89,1,0,0,1,0,0,0,1,0,0,0,1,0
64.0,28,36494.82,261889.4,10,241.56,0,0,0,0,0,0,0,0,1,1,0,0,0
70.0,14,9082.39,2584646.2,14,80.64,1,0,0,0,0,1,0,1,0,0,0,1,0
32.0,44,26687.47,1866879.79,11,21.74,0,0,1,0,0,0,0,0,1,0,1,0,0
42.0,39,14191.29,2869363.33,12,94.81,0,0,0,1,0,0,0,0,1,0,0,0,1
53.0,28,41630.59,64170.21,3,295.19,0,0,1,0,0,0,0,1,0,0,0,0,0
28.0,64,1323.03,1272146.67,0,269.93,1,1,0,0,0,0,0,0,1,1,0,0,0
68.0,32,11932.63,317570.48,1,119.18,1,0,0,1,0,0,0,0,0,0,1,0,0
32.0,9,30656.8,1054711.03,14,263.01,0,1,0,0,0,0,0,0,0,0,1,0,1
21.0,28,5738.81,489851.04,11,10.79,1,0,0,0,1,0,0,0,0,0,1,0,0
38.0,17,23849.3,989737.31,9,94.95,0,0,1,0,0,0,0,0,0,1,0,0,0
30.0,55,22374.16,2458689.7,11,218.32,1,0,0,0,1,0,0,1,0,0,1,0,1
39.0,10,42773.63,486294.48,9,67.21,0,0,0,1,0,0,0,0,0,0,0,0,0
36.0,6,31644.46,1423625.95,11,60.32,1,1,0,0,0,0,0,0,0,0,1,0,0
51.0,48,32345.4,2765141.49,13,258.68,0,0,0,1,0,0,0,0,0,0,1,0,1
31.0,67,47638.57,2996343.97,5,185.17,0,0,0,0,1,0,0,0,0,1,0,0,0
21.0,41,49135.66,755670.15,7,296.72,0,0,0,1,0,0,0,1,0,0,0,1,0
65.0,60,33016.34,2807026.67,13,41.27,0,0,0,0,0,0,0,0,0,0,0,1,0
70.0,42,26578.07,787859.1,14,107.48,1,0,0,0,0,0,1,0,1,1,0,0,0
69.0,71,30788.08,1243517.85,2,94.05,0,0,0,0,1,0,0,0,1,1,0,0,0
63.0,28,19739.74,2634381.22,6,264.16,1,0,0,1,0,0,0,1,0,1,0,0,0
44.0,13,49385.37,2359597.43,14,77.33,1,1,0,0,0,0,0,1,0,1,0,0,0
46.0,15,35546.04,2573175.23,8,106.68,0,0,0,1,0,0,0,1,0,0,1,0,0
64.0,36,15259.33,2401768.75,3,43.71,1,1,0,0,0,0,0,0,0,0,1,0,0
45.0,15,3830.55,709007.71,10,232.84,1,0,0,0,0,0,1,1,0,0,0,1,0
52.0,56,25186.59,1678591.37,6,72.07,1,0,0,1,0,0,0,0,0,1,0,0,0
25.0,4,11040.74,1158825.9,6,21.43,0,0,0,0,0,1,0,1,0,1,0,0,0
33.0,52,12412.74,1381834.35,12,131.1,1,0,0,0,0,1,0,0,1,0,1,0,1
59.0,10,21337.23,466099.12,11,118.05,1,0,0,0,0,0,1,0,1,1,0,0,0
53.0,45,11527.45,950723.84,9,54.11,0,0,0,0,1,0,0,0,0,0,0,0,0
47.0,29,31914.61,2573653.13,8,40.95,0,1,0,0,0,0,0,1,0,0,1,0,0
35.0,53,11351.48,2693187.44,2,269.07,1,0,0,0,0,1,0,0,1,0,0,0,0
19.0,29,10205.95,1832408.49,10,21.29,0,0,0,0,0,0,0,0,0,0,1,0,1
66.0,23,24090.61,1497310.43,0,30.69,1,0,0,0,1,0,0,0,1,0,1,0,0
30.0,57,44544.76,2139954.87,7,74.27,1,1,0,0,0,0,0,1,0,0,1,0,0
21.0,50,23946.97,1828515.48,3,285.9,1,0,0,0,0,0,1,0,0,0,0,1,0
43.0,21,21278.59,2951106.64,1,26.53,0,0,0,0,0,1,0,0,1,0,0,1,1
42.0,43,29326.65,574315.93,4,244.99,1,0,1,0,0,0,0,1,0,0,1,0,0
47.0,10,13603.47,1349888.96,3,267.72,0,0,0,1,0,0,0,0,0,0,1,0,0
28.0,30,18318.39,2755130.3,0,113.98,0,0,0,0,0,0,1,0,1,0,1,0,0
24.0,51,11477.93,2744637.49,15,88.87,1,1,0,0,0,0,0,0,1,0,1,0,0
48.0,33,29018.69,1488563.81,11,203.54,0,1,0,0,0,0,0,0,0,1,0,0,0
61.0,18,35171.99,408752.96,6,211.09,0,1,0,0,0,0,0,1,0,1,0,0,1
27.0,22,34011.23,2445799.11,3,234.21,0,1,0,0,0,0,0,0,0,1,0,0,0
56.0,64,13486.07,1757569.73,7,249.34,0,0,0,1,0,0,0,0,1,0,0,1,0
30.0,21,39202.76,2320632.22,8,81.25,0,0,0,0,1,0,0,0,1,0,0,0,0
48.0,1,13541.73,1390258.28,15,206.4,1,0,0,0,0,0,0,0,1,0,1,0,0
24.0,15,8365.27,615632.35,7,41.34,0,0,1,0,0,0,0,1,0,1,0,0,0
66.0,36,18140.63,76848.28,0,153.71,1,0,0,1,0,0,0,0,1,1,0,0,0
59.0,47,30289.46,1679619.12,7,184.25,1,1,0,0,0,0,0,0,1,1,0,0,1
59.0,54,7958.09,487333.31,4,49.36,1,0,0,1,0,0,0,0,0,0,1,0,1
53.0,32,25186.59,565475.94,0,23.88,1,0,0,0,0,0,1,0,1,0,1,0,0
37.0,58,43290.33,1311735.36,8,59.23,1,0,0,0,0,0,0,0,0,0,0,0,0
21.0,46,15363.89,1329020.83,8,126.76,1,1,0,0,0,0,0,0,1,0,0,1,0
24.0,54,23060.12,826789.34,6,266.46,0,0,1,0,0,0,0,0,0,0,0,0,0
18.0,33,12187.21,400107.01,14,160.04,0,1,0,0,0,0,0,0,0,0,1,0,0
61.0,39,18701.82,2835133.49,6,224.8,0,0,0,0,0,0,0,0,0,0,0,0,0
62.0,23,2076.56,399263.64,10,53.07,1,0,1,0,0,0,0,0,0,1,0,0,1
59.0,43,47734.7,1055563.89,0,32.69,0,0,0,0,0,0,0,1,0,0,0,0,1
64.0,55,21378.62,918079.64,8,72.65,0,0,1,0,0,0,0,0,1,1,0,0,0
30.0,2,39654.64,2599682.0,0,94.85,0,0,0,0,1,0,0,1,0,0,0,0,0
39.0,66,7989.53,1233137.03,12,164.88,1,0,0,0,0,1,0,0,1,1,0,0,0
38.0,38,40805.4,376510.28,14,264.49,0,0,0,0,1,0,0,0,0,0,0,0,0
39.0,29,43147.22,35731.78,11,128.4,1,0,0,1,0,0,0,0,1,0,0,1,0
45.0,67,36058.38,2167239.06,6,156.12,0,0,0,1,0,0,0,0,0,0,0,0,1
26.0,71,25186.59,2144930.77,8,2.38,1,0,1,0,0,0,0,0,1,0,1,0,0
43.0,36,9192.66,1256262.1,8,10.96,1,1,0,0,0,0,0,0,0,0,1,0,0
26.0,29,24347.61,383292.46,15,26.05,1,0,0,0,0,1,0,0,1,1,0,0,0
32.0,37,31385.37,1118043.27,4,210.0,0,0,0,0,0,0,1,0,1,0,1,0,0
27.0,45,30213.46,1771697.94,11,146.37,0,0,0,0,0,0,1,0,1,1,0,0,0
41.0,16,43191.01,2113309.11,12,58.7,1,1,0,0,0,0,0,0,0,0,0,1,0
59.0,31,11568.88,239328.48,15,178.19,0,1,0,0,0,0,0,0,1,0,1,0,0
25.0,34,25186.59,1671140.87,5,163.84,1,0,0,0,1,0,0,0,0,0,1,0,0
41.0,50,13415.55,831991.61,1,27.55,1,0,0,0,0,0,1,1,0,1,0,0,0
33.0,65,44685.95,1853712.53,1,192.48,0,0,1,0,0,0,0,0,1,0,0,1,0
66.0,62,47110.33,1946179.67,9,230.38,0,0,0,0,0,0,0,0,0,0,0,1,1
43.0,43,28911.88,2732258.09,8,86.68,0,0,0,1,0,0,0,0,0,0,0,0,0
44.0,56,25567.22,1234083.23,12,206.56,1,0,0,0,0,0,0,0,0,1,0,0,0
54.0,15,30663.89,1615084.03,0,60.72,1,0,0,0,1,0,0,1,0,1,0,0,1
21.0,48,31199.07,808304.29,9,227.26,0,0,0,0,0,0,1,0,0,0,0,1,0
67.0,49,9344.93,863238.29,11,273.62,1,0,0,0,0,1,0,1,0,1,0,0,0
41.0,44,34634.13,142871.18,11,133.12,0,1,0,0,0,0,0,1,0,0,1,0,0
36.0,10,23165.2,861776.48,13,74.14,1,0,0,0,0,1,0,0,0,0,1,0,0
53.0,20,26351.72,196166.93,4,120.35,0,0,0,0,0,1,0,0,1,0,1,0,1
56.0,70,2485.51,2891927.79,13,75.77,0,0,0,0,0,0,1,1,0,1,0,0,0
27.0,8,38463.27,1874668.39,6,1.37,1,0,1,0,0,0,0,0,0,0,0,0,1
42.0,45,41935.97,523579.94,11,195.49,0,0,0,0,1,0,0,1,0,0,0,0,0
35.0,34,31351.66,354715.25,9,13.72,0,1,0,0,0,0,0,0,0,0,0,1,0
36.0,51,37687.46,1113517.25,5,63.91,1,0,0,0,0,0,0,0,0,1,0,0,0
53.0,4,26612.59,926403.74,5,217.01,0,0,1,0,0,0,0,1,0,0,0,1,0
27.0,39,31299.32,841368.07,5,200.05,1,0,0,0,0,0,0,0,0,1,0,0,0
50.0,24,20334.01,1407247.15,12,22.93,0,0,0,1,0,0,0,1,0,0,0,0,0
67.0,55,39801.84,2739057.16,7,198.36,1,0,0,0,1,0,0,0,0,0,1,0,1
22.0,26,23945.28,1706310.51,6,279.24,0,0,1,0,0,0,0,0,1,1,0,0,0
64.0,25,34330.43,1566088.36,4,23.28,0,0,1,0,0,0,0,0,1,0,0,0,1
66.0,36,31450.04,2420612.56,9,125.29,0,0,0,0,0,0,0,1,0,0,0,0,0
52.0,71,35413.41,17053.71,1,219.1,0,1,0,0,0,0,0,1,0,0,0,0,0
61.0,58,39475.58,596170.08,9,200.65,1,0,0,1,0,0,0,1,0,0,1,0,0
51.0,12,26122.96,1491076.87,5,68.73,1,0,0,0,0,0,0,1,0,0,0,0,0
50.0,1,40840.23,2117400.64,15,49.76,1,0,1,0,0,0,0,0,1,0,0,1,0
38.0,50,25365.6,1457659.44,9,235.49,1,0,0,0,1,0,0,1,0,0,0,0,0
34.0,25,47875.08,495329.36,14,286.92,1,0,1,0,0,0,0,0,0,0,0,0,0
39.0,5,37880.92,2790298.54,4,230.51,1,0,0,0,0,0,1,0,0,1,0,0,1
65.0,68,9385.94,989352.07,3,289.0,1,0,0,0,1,0,0,1,0,1,0,0,0
54.0,6,41649.64,2365705.97,9,181.89,0,0,0,0,1,0,0,0,0,1,0,0,1
32.0,26,28027.8,2674782.94,10,278.8,0,0,1,0,0,0,0,1,0,0,0,0,0
52.0,55,25186.59,1042615.89,4,207.44,0,1,0,0,0,0,0,0,0,0,0,0,0
45.0,39,36222.13,2536708.79,8,272.76,0,0,0,0,1,0,0,0,0,0,0,1,0
24.0,9,5135.15,2133767.18,11,49.32,1,0,0,0,0,0,1,1,0,0,1,0,0
49.0,45,20353.06,2713321.11,12,244.85,1,0,0,0,0,0,0,1,0,0,0,0,0
28.0,14,26346.49,757675.55,1,59.83,1,1,0,0,0,0,0,0,1,0,1,0,0
27.0,55,42111.67,2794176.43,5,9.2,0,1,0,0,0,0,0,1,0,0,0,0,0
26.0,9,36737.93,200592.9,14,155.76,1,1,0,0,0,0,0,0,1,0,1,0,1
31.0,15,19098.64,2382045.5,10,96.16,0,0,0,0,1,0,0,1,0,1,0,0,0
30.0,37,33018.2,1309816.74,8,14.02,1,1,0,0,0,0,0,0,0,0,0,0,0
42.0,50,29268.63,537780.45,11,294.11,1,0,1,0,0,0,0,0,1,0,0,1,0
19.0,72,7176.58,242811.85,9,200.27,1,1,0,0,0,0,0,0,0,0,1,0,1
52.0,21,12508.08,1171694.8,12,270.64,1,0,0,0,0,0,1,1,0,1,0,0,1
24.0,57,17714.99,1171025.15,15,299.73,0,0,0,1,0,0,0,1,0,0,0,1,0
38.0,19,10578.69,693722.37,4,118.2,0,0,0,0,0,0,1,1,0,1,0,0,1
35.0,58,8356.56,650468.62,11,77.17,1,0,0,0,1,0,0,1,0,0,0,0,0
20.0,6,3851.69,1201545.32,10,55.98,0,1,0,0,0,0,0,0,1,0,0,1,0
59.0,4,43782.03,1233291.08,5,155.04,1,1,0,0,0,0,0,0,1,0,1,0,0
56.0,43,15158.23,1329882.57,14,182.22,1,0,1,0,0,0,0,1,0,0,1,0,1
58.0,42,15225.71,2606934.36,9,142.25,1,0,0,0,0,0,0,0,0,0,0,1,0
66.0,3,11105.18,1835707.25,11,116.79,1,1,0,0,0,0,0,0,1,0,1,0,0
28.0,1,24294.47,66197.33,3,51.31,0,0,0,0,0,1,0,0,0,1,0,0,0
56.0,55,25186.59,1559702.23,4,133.12,1,0,0,0,0,0,1,1,0,0,0,1,0
41.0,15,11205.79,2288541.63,7,26.49,1,0,0,0,1,0,0,0,1,0,1,0,0
63.0,47,30819.95,173960.85,11,259.65,0,0,0,1,0,0,0,0,1,1,0,0,0
36.0,46,36427.0,1270710.6,0,15.02,1,1,0,0,0,0,0,0,1,0,1,0,0
21.0,58,19318.16,1356374.38,0,114.81,0,0,0,1,0,0,0,0,0,1,0,0,1
43.0,71,29687.13,2862291.25,9,30.94,1,1,0,0,0,0,0,1,0,0,0,0,1
55.0,39,25612.79,1429673.44,3,232.72,1,0,0,0,1,0,0,1,0,1,0,0,0
59.0,3,10581.87,2250951.29,12,94.51,1,0,0,0,0,0,0,0,1,0,1,0,1
49.0,30,36770.54,912191.63,13,34.82,1,0,0,0,0,0,1,0,1,1,0,0,0
56.0,35,40271.2,2339023.42,9,159.92,1,0,0,0,1,0,0,1,0,0,1,0,0
62.0,57,32790.86,971373.79,2,274.97,1,0,0,1,0,0,0,0,0,0,0,1,0
44.0,29,16870.91,1292920.64,4,272.68,0,1,0,0,0,0,0,0,1,0,0,1,0
53.0,50,46412.83,1441049.42,10,75.65,1,0,0,1,0,0,0,0,0,0,0,0,0
57.0,62,23312.56,2779457.09,9,216.18,0,0,0,0,0,0,1,0,0,1,0,0,1
54.0,52,14028.05,165093.38,7,10.05,0,0,0,0,0,1,0,1,0,0,0,0,0
50.0,14,21003.5,594617.12,0,40.42,1,0,0,0,1,0,0,1,0,0,0,1,1
53.0,35,34911.68,2118699.52,4,150.34,0,0,0,1,0,0,0,0,0,1,0,0,0
20.0,28,42450.66,1734845.09,13,69.4,1,0,0,1,0,0,0,0,0,1,0,0,1
26.0,58,18472.2,758336.51,4,239.68,0,0,0,0,0,0,1,1,0,0,0,0,0
25.0,30,12398.6,871156.66,1,279.39,1,0,0,0,0,1,0,0,1,0,0,0,1
50.0,7,31698.16,1105091.91,12,2.3,0,1,0,0,0,0,0,0,0,1,0,0,0
23.0,39,46139.54,1353789.11,4,70.64,0,0,0,0,0,1,0,0,1,1,0,0,0
58.0,69,9981.37,2454991.83,7,132.43,1,0,0,1,0,0,0,0,0,1,0,0,1
56.0,35,40347.95,46377.35,9,169.36,0,0,0,0,0,0,1,1,0,0,0,0,0
21.0,52,24353.75,2694569.12,6,274.85,1,1,0,0,0,0,0,0,1,0,1,0,0
30.0,14,40176.11,1242016.2,11,267.67,1,0,0,0,0,1,0,1,0,0,0,1,0
66.0,63,25771.52,695340.07,1,191.51,1,0,0,0,0,1,0,0,0,0,0,1,0
19.0,36,19489.06,1527696.04,12,77.96,1,0,0,0,0,1,0,1,0,0,0,0,0
22.0,24,35140.31,1980711.78,13,235.2,1,0,0,0,0,0,0,0,1,1,0,0,1
61.0,40,45130.74,139032.9,5,61.59,0,1,0,0,0,0,0,1,0,0,0,1,1
44.0,29,16692.33,2148753.17,15,289.59,0,0,0,0,0,1,0,0,1,0,0,1,0
49.0,53,23576.66,2283479.76,9,2.75,0,0,0,0,0,0,0,1,0,0,0,1,0
38.0,22,12240.63,502715.94,12,171.36,1,0,0,0,1,0,0,1,0,0,0,1,0
25.0,72,9987.06,507804.88,10,27.43,0,0,0,0,0,0,1,0,1,1,0,0,0
55.0,15,39116.62,615334.74,10,122.87,0,0,0,0,0,1,0,0,1,0,0,0,0
25.0,69,10832.54,2390902.99,0,190.85,0,1,0,0,0,0,0,0,1,1,0,0,0
67.0,64,39872.59,819649.15,14,207.19,0,0,0,0,0,0,0,0,0,1,0,0,0
20.0,4,22031.64,2388827.83,15,235.89,0,0,0,0,0,0,0,1,0,0,0,1,1
61.0,18,49757.39,1623868.96,9,178.4,1,0,0,0,1,0,0,0,1,0,0,1,0
20.0,42,10669.73,2302678.13,9,76.14,1,0,1,0,0,0,0,0,0,1,0,0,1
39.0,30,5555.92,1663250.76,2,266.89,0,0,0,0,0,0,1,0,0,1,0,0,0
23.0,15,4696.22,1010627.85,10,243.52,1,0,1,0,0,0,0,0,1,1,0,0,0
19.0,70,41935.48,2732588.86,10,48.86,1,1,0,0,0,0,0,0,1,0,1,0,0
40.0,55,22451.04,2147310.51,15,248.13,0,0,0,0,0,0,1,0,1,0,0,1,1
61.0,53,1153.09,1454744.13,5,291.82,0,0,0,0,1,0,0,0,0,0,0,0,0
19.0,16,43863.8,1914098.29,13,191.53,1,1,0,0,0,0,0,0,0,0,0,0,0
55.0,34,43969.13,1849450.85,8,85.26,0,0,0,0,0,0,1,1,0,0,0,0,0
34.0,27,40514.42,1077558.07,0,182.37,1,0,0,0,0,0,1,0,0,0,1,0,0
52.0,13,13167.61,1274196.38,11,103.42,1,0,1,0,0,0,0,0,1,0,1,0,0
51.0,27,19264.88,958179.05,5,203.11,0,1,0,0,0,0,0,1,0,0,0,0,0
40.0,69,37501.39,2998556.8,1,163.9,1,0,0,0,1,0,0,1,0,0,0,0,0
47.0,31,24978.3,1742293.04,8,278.92,1,0,0,0,1,0,0,1,0,0,0,0,0
69.0,3,8537.5,280705.69,12,185.75,1,1,0,0,0,0,0,1,0,1,0,0,1
25.0,30,12897.11,1559726.02,1,64.98,0,1,0,0,0,0,0,0,1,0,0,1,0
39.0,21,48656.89,154636.08,11,217.81,0,0,0,0,0,0,0,1,0,0,1,0,0
61.0,6,8399.64,869512.88,2,90.96,0,0,0,1,0,0,0,0,1,0,1,0,0
53.0,32,36577.96,1340653.54,11,82.44,0,0,1,0,0,0,0,0,0,1,0,0,0
22.0,42,24422.9,1605140.11,1,118.14,1,1,0,0,0,0,0,0,1,0,1,0,0
30.0,62,37681.48,2928663.29,10,4.59,0,1,0,0,0,0,0,1,0,0,0,0,1
46.0,32,33394.55,2946754.06,3,290.77,0,0,0,1,0,0,0,0,0,0,1,0,0
48.0,39,22519.19,298717.76,3,160.17,0,0,0,1,0,0,0,0,0,1,0,0,0
64.0,64,18341.63,1616707.35,9,232.27,0,0,0,0,0,0,1,0,0,0,0,1,0
33.0,30,37963.6,2452242.64,0,78.1,1,0,0,0,0,1,0,1,0,0,0,0,1
59.0,63,16833.92,716949.9,7,224.24,1,0,0,0,1,0,0,0,1,0,1,0,0
47.0,31,39600.8,2252936.48,15,170.58,1,0,1,0,0,0,0,0,1,0,0,0,0
33.0,40,34312.31,2636464.07,4,127.82,0,0,0,0,0,0,1,1,0,0,0,1,0
29.0,33,29305.79,1989149.75,11,291.23,0,1,0,0,0,0,0,1,0,0,1,0,0
34.0,63,19071.24,986471.53,7,148.66,1,0,0,1,0,0,0,0,0,0,0,0,0
33.0,25,11048.99,2769781.3,12,197.58,0,0,0,0,0,0,0,0,1,1,0,0,0
29.0,36,35810.57,2651142.68,5,5.59,0,0,0,0,1,0,0,1,0,1,0,0,0
25.0,24,25186.59,2148896.83,13,91.14,1,0,0,0,0,0,1,1,0,0,0,1,0
37.0,58,48556.57,1094186.0,1,266.72,1,0,0,0,0,0,0,0,1,0,0,1,1
20.0,39,48958.65,2376729.61,6,227.93,0,0,0,0,1,0,0,0,0,0,0,1,0
33.0,46,7380.91,951746.4,9,161.49,0,0,0,0,0,1,0,0,0,0,1,0,0
47.0,10,6092.83,762593.79,14,270.15,0,0,0,0,0,1,0,0,0,0,0,1,1
62.0,32,21223.12,1547465.09,14,146.38,1,0,0,0,0,0,0,0,1,0,1,0,0
40.0,36,48220.48,2991420.0,14,170.39,1,0,0,1,0,0,0,1,0,0,0,0,0
45.0,28,20615.23,2413944.21,8,115.26,1,0,0,0,0,0,1,1,0,1,0,0,1
68.0,16,18826.3,2190729.23,6,186.39,1,0,0,0,0,0,1,1,0,0,0,0,1
57.0,16,35475.67,1358778.18,10,96.38,0,0,0,0,0,1,0,1,0,1,0,0,1
22.0,18,9757.83,939290.28,4,116.26,1,0,0,0,1,0,0,0,1,0,0,1,1
37.0,8,18802.85,2568422.79,15,289.93,1,0,0,0,0,0,0,0,0,0,0,0,0
57.0,70,15274.06,1705359.68,3,34.28,0,0,0,1,0,0,0,0,0,0,0,0,0
61.0,1,30475.2,2440698.58,10,32.47,0,1,0,0,0,0,0,0,0,0,0,1,0
18.0,62,8974.89,1465822.36,13,13.95,0,0,0,0,0,0,1,0,0,0,0,0,1
47.0,38,27886.36,2263102.69,7,96.69,1,1,0,0,0,0,0,1,0,0,1,0,0
38.0,45,43019.78,2603884.47,5,120.07,0,0,0,1,0,0,0,1,0,1,0,0,1
37.0,58,26194.36,1177213.13,12,29.26,0,0,0,0,0,1,0,0,1,0,0,1,0
23.0,1,34491.33,45640.86,15,165.19,1,0,0,0,0,0,1,0,0,0,1,0,1
39.0,32,4687.15,768505.07,4,175.41,1,0,0,0,0,0,1,1,0,0,1,0,0
35.0,8,23001.27,2745170.55,6,225.56,0,0,0,0,0,0,0,1,0,0,0,1,1
25.0,40,5649.77,2064189.07,15,292.81,1,1,0,0,0,0,0,1,0,0,0,0,0
56.0,56,30373.62,2212970.06,10,186.19,0,0,0,0,0,1,0,0,0,1,0,0,1
49.0,63,14771.66,979239.4,2,34.38,0,0,0,0,0,0,0,1,0,0,1,0,1
50.0,36,15076.03,2105312.59,8,27.47,1,0,1,0,0,0,0,0,0,0,0,0,0
70.0,57,4761.57,1940615.03,3,233.49,0,1,0,0,0,0,0,0,0,0,0,1,0
33.0,45,16201.66,539229.12,11,195.45,1,1,0,0,0,0,0,0,1,0,0,1,0
29.0,2,25827.18,2906228.88,3,49.41,1,0,1,0,0,0,0,0,1,1,0,0,0
55.0,68,29648.35,1065306.65,14,76.75,1,0,0,1,0,0,0,0,0,0,0,1,0
69.0,50,4266.61,991214.49,7,225.32,0,0,0,1,0,0,0,0,0,1,0,0,0
51.0,29,32921.5,1110638.82,5,170.28,1,0,0,0,0,0,1,0,0,0,0,1,0
31.0,10,24954.91,279700.25,13,175.92,1,0,0,0,1,0,0,1,0,0,0,1,0
53.0,27,27308.49,1876765.73,10,63.79,0,0,0,0,0,0,0,1,0,0,1,0,1
50.0,15,41807.04,719679.61,0,189.09,0,0,0,0,1,0,0,1,0,0,0,0,0
40.0,60,17769.1,2410921.71,1,231.42,0,0,0,0,0,0,1,0,1,0,1,0,0
67.0,31,9528.5,1185497.76,8,265.69,0,0,0,0,1,0,0,0,0,1,0,0,0
62.0,21,28038.7,1378382.65,15,221.28,1,1,0,0,0,0,0,1,0,0,1,0,0
19.0,60,47306.07,1941034.05,5,173.34,1,1,0,0,0,0,0,1,0,0,0,1,0
58.0,58,26375.61,2286804.05,6,202.3,1,0,1,0,0,0,0,0,1,0,0,1,0
38.0,41,41763.7,697190.34,10,146.05,0,0,1,0,0,0,0,0,1,0,0,0,1
19.0,46,38094.57,2899051.52,8,68.84,0,0,0,0,0,0,1,0,0,1,0,0,1
44.0,45,26398.21,1868853.03,2,264.78,1,0,0,0,0,0,1,0,0,0,0,1,1
26.0,26,32730.18,21887.68,4,160.25,0,0,0,0,0,1,0,1,0,0,0,0,0
18.0,51,20927.33,1249788.52,4,178.7,0,0,0,0,0,0,1,1,0,0,0,0,1
28.0,36,27000.81,1313269.37,9,297.04,1,1,0,0,0,0,0,1,0,0,0,1,0
20.0,52,25857.0,2428449.1,13,295.52,1,0,0,0,1,0,0,1,0,0,0,1,0
69.0,51,35746.41,918893.62,6,176.31,0,0,0,0,0,0,0,1,0,1,0,0,1
40.0,3,21089.08,997023.42,12,11.15,0,0,0,0,0,1,0,0,1,0,0,0,0
43.0,14,5888.59,216129.81,1,119.45,0,0,0,0,0,1,0,0,0,0,0,0,1
21.0,49,39646.77,854220.34,3,281.25,1,0,0,0,0,1,0,0,1,0,0,0,0
35.0,1,34557.8,2152300.3,10,87.2,1,0,0,0,0,0,1,0,0,1,0,0,0
23.0,57,25186.59,1906096.97,14,299.78,1,0,0,0,0,0,1,0,0,0,0,0,0
52.0,17,22007.09,248775.29,3,26.21,1,1,0,0,0,0,0,0,0,0,1,0,0
39.0,50,4832.08,348508.21,11,170.87,1,0,0,0,0,0,0,0,1,0,1,0,0
60.0,14,6959.33,1133893.26,7,155.12,0,1,0,0,0,0,0,1,0,0,0,0,0
32.0,59,38892.66,2232554.5,9,77.35,0,0,0,0,0,0,0,0,0,0,1,0,0
39.0,3,4320.11,2499590.24,15,284.63,0,1,0,0,0,0,0,0,0,0,1,0,0
54.0,40,45483.48,48799.01,2,186.13,1,0,0,0,1,0,0,0,1,1,0,0,1
69.0,66,14800.86,990386.68,1,69.84,1,0,0,0,0,0,1,0,1,0,0,0,0
59.0,34,45045.07,1275664.28,8,115.83,1,0,0,1,0,0,0,1,0,1,0,0,1
29.0,9,38901.84,2733842.77,11,216.65,0,0,0,1,0,0,0,1,0,0,0,0,0
64.0,21,43688.85,1506712.64,10,90.01,1,0,0,0,0,0,1,0,0,0,0,1,0
66.0,25,11487.94,812753.79,3,264.0,1,0,0,0,0,1,0,0,1,0,1,0,0
59.0,44,30188.98,1173190.96,8,50.54,0,0,0,0,0,0,1,1,0,1,0,0,0
55.0,25,5585.87,1312121.15,5,80.09,1,0,0,0,0,0,1,1,0,1,0,0,1
35.0,9,10911.76,2011637.64,0,44.32,0,0,0,0,0,0,1,1,0,0,0,1,0
62.0,62,16185.21,128057.91,13,32.15,1,0,0,0,0,1,0,0,1,0,0,1,0
52.0,26,37299.82,1171407.73,10,90.79,1,0,0,0,0,0,0,0,1,0,1,0,1
47.0,57,2211.0,1941431.14,2,299.75,0,0,0,0,1,0,0,0,1,0,1,0,0
41.0,37,45252.75,853550.33,6,29.2,0,0,0,1,0,0,0,0,1,0,0,0,0
59.0,16,4469.37,1777294.26,8,64.69,0,0,1,0,0,0,0,0,1,0,0,0,1
47.0,37,19448.02,1075050.4,7,82.21,0,0,0,1,0,0,0,0,0,0,0,1,1
31.0,24,4973.39,2277369.0,11,186.12,0,0,0,1,0,0,0,0,0,0,1,0,0
23.0,26,38679.42,186490.1,4,223.86,0,0,0,0,0,1,0,0,1,0,1,0,0
20.0,20,7924.43,2754296.13,11,225.83,1,1,0,0,0,0,0,0,0,0,0,1,1
33.0,9,25186.59,518979.58,12,3.58,1,0,0,0,0,0,1,0,1,0,0,1,0
24.0,29,26980.88,479848.52,7,195.9,0,0,0,0,0,0,1,0,0,1,0,0,0
69.0,31,47475.17,2522725.62,1,189.59,1,0,0,0,0,0,1,0,0,0,0,1,0
31.0,19,15227.68,2608502.35,2,155.78,0,1,0,0,0,0,0,1,0,1,0,0,0
26.0,20,23261.49,283455.07,7,114.38,1,0,0,0,0,1,0,0,1,0,0,0,1
32.0,27,35018.1,2726613.19,8,239.44,0,0,0,0,1,0,0,0,0,0,0,1,0
38.0,44,41763.75,823527.11,9,103.82,1,0,0,0,1,0,0,0,0,0,0,1,1
52.0,35,21646.5,1857771.95,7,69.77,1,0,0,0,0,1,0,1,0,0,0,1,0
19.0,71,44729.19,210437.5,3,93.72,1,0,1,0,0,0,0,0,0,1,0,0,0
44.0,22,6781.37,1145080.0,12,132.45,1,0,0,0,1,0,0,1,0,0,0,1,0
19.0,15,35725.55,1354920.2,5,65.0,1,0,0,0,0,1,0,0,0,0,0,1,0
52.0,13,18061.75,1801480.58,10,182.66,0,0,0,0,1,0,0,1,0,0,1,0,0
35.0,4,5965.44,1578189.55,4,265.38,0,0,0,0,0,0,1,1,0,0,1,0,1
31.0,56,19946.56,1387171.42,11,179.04,0,0,0,0,0,0,0,0,1,0,1,0,0
37.0,23,44130.57,2879122.43,14,134.55,1,0,0,0,0,1,0,0,1,0,0,1,0
35.0,34,49046.16,559143.22,3,239.26,0,0,0,1,0,0,0,0,0,0,1,0,0
27.0,17,20247.19,478192.72,8,224.66,1,0,0,0,1,0,0,0,1,0,0,0,0
42.0,28,44434.4,2141690.09,9,110.75,1,0,0,0,1,0,0,0,1,0,1,0,0
19.0,14,25973.07,228282.9,2,181.64,1,1,0,0,0,0,0,0,1,0,0,1,0
42.0,34,36133.74,1451259.91,0,219.22,0,0,1,0,0,0,0,0,0,0,1,0,0
50.0,57,3223.2,1454739.09,12,74.39,1,0,0,0,0,0,0,0,0,0,1,0,0
53.0,55,28308.29,933525.87,6,110.52,0,1,0,0,0,0,0,0,1,0,1,0,0
48.0,66,4437.93,2791679.01,9,32.63,0,0,0,0,0,0,1,0,1,0,0,0,0
31.0,37,14162.28,851217.59,7,296.32,1,0,0,1,0,0,0,0,0,0,0,0,1
18.0,68,28773.9,868883.65,10,26.68,1,0,1,0,0,0,0,0,1,1,0,0,0
63.0,26,40551.02,706728.39,12,51.41,0,1,0,0,0,0,0,1,0,0,0,1,1
33.0,61,28483.79,441635.17,2,144.47,0,0,0,0,0,1,0,0,0,0,0,0,0
63.0,67,46873.39,1095213.11,2,259.72,0,0,0,0,1,0,0,0,0,0,0,0,0
69.0,52,40706.29,2044257.34,13,107.41,0,0,0,0,1,0,0,1,0,0,0,0,0
20.0,18,8655.77,2227777.77,5,230.81,0,0,1,0,0,0,0,0,1,0,0,1,0
52.0,53,20058.97,2441189.65,15,203.13,0,0,0,0,1,0,0,1,0,1,0,0,0
58.0,63,33755.79,596643.95,14,191.96,1,0,0,0,0,1,0,0,1,0,0,1,1
23.0,53,46981.9,111719.9,1,253.66,0,1,0,0,0,0,0,0,1,0,1,0,0
42.0,27,49398.08,2924184.15,5,5.24,0,1,0,0,0,0,0,0,0,1,0,0,0
30.0,31,38396.14,47925.9,4,278.82,0,0,0,0,1,0,0,0,0,0,1,0,1
70.0,1,29114.7,2882233.12,13,248.94,0,0,0,0,1,0,0,0,1,0,0,0,0
51.0,6,38073.87,2487299.18,6,281.42,1,0,0,0,0,0,1,1,0,0,0,1,0
25.0,11,14388.58,2736663.91,14,238.28,1,0,0,1,0,0,0,0,0,0,1,0,0
38.0,34,14896.55,1164621.21,8,263.7,0,0,1,0,0,0,0,0,1,1,0,0,0
51.0,63,33063.12,595619.99,8,61.72,0,1,0,0,0,0,0,0,0,0,1,0,0
21.0,53,43719.94,1821358.74,0,96.45,0,0,1,0,0,0,0,0,0,0,1,0,0
42.0,18,48520.66,2225047.26,6,95.25,1,0,0,0,0,0,1,0,0,0,0,0,0
32.0,21,17725.4,396928.89,2,33.64,1,1,0,0,0,0,0,1,0,0,1,0,0
21.0,19,40031.13,2393876.44,3,219.14,1,0,0,0,0,0,1,1,0,0,1,0,0
62.0,4,42725.01,629736.99,1,41.72,1,0,0,0,0,0,1,0,1,0,0,0,0
29.0,29,31535.49,1477573.49,0,16.7,1,0,0,0,0,0,0,1,0,1,0,0,0
49.0,25,18032.0,2570164.94,9,232.86,1,0,0,0,1,0,0,0,1,0,0,0,0
49.0,56,31335.34,584306.41,13,271.49,0,0,0,0,0,1,0,0,1,0,1,0,0
45.0,63,29638.0,729444.52,15,229.47,1,0,0,0,0,0,0,0,0,0,0,1,1
30.0,27,30719.75,192999.61,2,247.78,1,0,1,0,0,0,0,0,0,0,0,0,0
48.0,60,31343.75,444109.26,9,179.09,0,0,0,0,0,1,0,1,0,0,0,0,0
31.0,49,42505.85,443844.83,8,266.44,1,0,1,0,0,0,0,0,1,0,1,0,0
37.0,65,9333.99,614265.37,0,149.51,0,0,0,0,1,0,0,0,1,0,0,1,0
35.0,38,18997.4,862170.19,14,296.51,1,0,0,0,0,1,0,0,0,1,0,0,0
46.0,52,29714.08,2445875.18,2,31.92,0,0,0,0,0,0,0,0,0,0,0,1,0
23.0,1,14883.06,2747712.77,10,242.95,0,0,1,0,0,0,0,0,0,0,0,0,1
49.0,40,48929.5,1221810.42,4,192.78,0,0,0,0,0,0,0,1,0,0,0,1,1
46.0,21,13894.36,388985.81,2,174.61,0,0,0,0,1,0,0,0,1,1,0,0,1
60.0,15,24011.82,675310.73,3,218.02,0,0,0,0,0,1,0,0,1,0,0,1,0
19.0,50,43990.89,2209936.9,3,252.25,1,0,0,0,0,1,0,0,1,0,0,1,0
40.0,48,4923.12,2033889.43,0,259.0,1,1,0,0,0,0,0,0,0,0,0,1,0
36.0,32,41213.71,2901785.87,15,53.44,0,0,0,0,0,0,1,1,0,0,0,0,0
48.0,49,28979.41,48393.6,5,59.91,0,0,0,0,0,0,1,1,0,0,1,0,0
68.0,68,2558.3,2253522.49,10,5.83,0,0,0,0,0,0,0,0,0,0,1,0,0
22.0,45,45242.73,1519851.83,11,40.42,1,0,0,0,0,1,0,1,0,0,0,1,0
36.0,32,2920.64,2708565.47,6,79.9,0,0,1,0,0,0,0,1,0,0,0,0,0
51.0,4,26245.67,1730619.19,11,216.59,0,0,0,0,0,0,0,0,1,0,0,0,0
27.0,65,3402.53,1342769.83,6,143.25,0,0,0,0,0,0,0,0,0,0,0,0,0
42.0,71,4488.8,1999222.58,12,227.61,0,0,0,1,0,0,0,0,0,0,1,0,0
19.0,65,44473.01,2501402.71,5,146.47,1,0,0,0,0,1,0,0,0,0,0,0,1
28.0,18,38525.45,851083.16,6,167.12,0,0,0,0,0,0,1,0,0,0,0,1,0
67.0,54,10650.12,327043.5,13,34.21,0,0,0,0,0,1,0,0,1,0,1,0,0
48.0,47,31402.93,1301889.26,2,233.19,1,0,0,0,1,0,0,1,0,0,0,0,0
32.0,6,39939.3,647487.02,4,227.68,0,0,0,0,0,0,0,1,0,0,0,1,0
26.0,66,44589.94,1291475.82,13,92.96,0,0,0,1,0,0,0,0,1,0,1,0,0
40.0,9,23947.04,2973189.28,15,99.24,1,0,0,1,0,0,0,1,0,0,0,0,0
36.0,68,44977.49,1724495.67,13,66.68,1,0,0,0,0,0,1,0,0,1,0,0,0
26.0,23,25884.65,2082332.67,6,244.34,1,0,0,0,0,0,1,0,1,0,0,1,0
52.0,43,34723.17,2035395.63,9,224.36,0,0,0,0,0,0,1,0,1,1,0,0,0
38.0,51,48972.44,2462999.0,4,183.14,0,0,0,0,1,0,0,0,0,0,1,0,0
26.0,72,12561.64,2832665.15,13,72.41,1,0,0,1,0,0,0,0,0,0,0,0,1
45.0,25,9257.54,1978160.2,9,52.38,1,0,1,0,0,0,0,0,0,0,0,1,0
63.0,35,17758.92,1430903.46,1,16.03,1,0,0,0,1,0,0,1,0,0,0,1,0
68.0,17,9055.55,956903.68,15,14.64,0,1,0,0,0,0,0,0,0,0,0,1,0
24.0,18,14923.98,1084021.53,5,56.95,0,0,0,0,0,0,0,0,1,1,0,0,0
33.0,27,37406.28,1006769.42,6,31.06,1,0,0,0,0,0,1,1,0,0,0,0,0
33.0,15,24398.68,976774.15,10,167.28,0,0,0,1,0,0,0,1,0,0,0,0,0
50.0,69,19377.02,2085401.89,1,108.07,1,0,0,0,0,0,0,0,1,0,0,0,0
21.0,15,19067.48,1765188.54,9,134.04,0,0,0,0,0,1,0,1,0,1,0,0,0
21.0,42,10531.97,609975.16,7,178.63,0,0,0,0,1,0,0,0,0,0,1,0,0
56.0,34,22923.16,2909029.93,4,198.07,0,1,0,0,0,0,0,0,0,1,0,0,0
57.0,48,31607.14,1286037.92,10,194.81,0,0,0,1,0,0,0,0,0,0,1,0,0
34.0,8,7818.59,1700428.77,7,79.0,1,0,0,0,1,0,0,0,0,1,0,0,0
54.0,10,48667.83,2109289.9,14,243.08,0,0,0,0,1,0,0,1,0,0,0,0,0
56.0,5,22720.78,1842963.74,2,275.4,0,0,1,0,0,0,0,0,1,0,0,0,0
69.0,48,47450.08,936600.05,1,95.47,1,0,0,0,0,0,0,1,0,0,0,0,0
46.0,26,7598.29,2394131.19,6,6.1,0,0,1,0,0,0,0,0,1,1,0,0,0
69.0,23,38593.58,334910.15,4,269.85,1,0,0,0,1,0,0,0,1,0,0,1,0
53.0,62,31264.26,1709142.52,4,277.14,1,1,0,0,0,0,0,0,0,1,0,0,0
55.0,13,41183.14,823585.08,12,16.23,0,0,0,1,0,0,0,1,0,0,1,0,1
56.0,9,30433.22,1849208.29,7,2.48,0,0,0,1,0,0,0,0,0,1,0,0,1
67.0,20,48179.0,657890.48,12,245.11,1,0,0,0,0,1,0,1,0,0,1,0,0
54.0,57,31719.66,2317737.97,8,91.14,1,0,0,0,0,0,0,1,0,1,0,0,0
69.0,24,39445.6,686471.31,14,274.46,1,0,0,0,0,0,1,0,0,0,0,1,0
52.0,33,44001.51,2671724.44,15,65.81,0,0,0,0,0,0,1,1,0,0,0,1,0
24.0,20,36014.59,2585356.94,13,258.49,1,0,0,1,0,0,0,0,0,0,0,0,0
44.0,60,26687.6,1090368.39,7,21.52,1,0,0,0,1,0,0,0,1,0,0,1,0
45.0,48,14368.04,1160531.77,15,78.93,1,0,0,0,1,0,0,0,0,1,0,0,0
39.0,64,42870.14,2106002.86,9,291.97,0,0,1,0,0,0,0,1,0,0,0,1,0
31.0,30,24548.33,275668.75,1,70.13,1,0,0,0,0,0,0,1,0,0,0,0,0
24.0,17,31414.7,247353.64,9,40.77,0,0,1,0,0,0,0,0,1,1,0,0,0
54.0,14,4882.1,413290.97,10,257.26,0,0,0,0,0,0,1,0,1,0,1,0,1
39.0,19,25370.21,1689613.63,6,36.22,1,0,0,1,0,0,0,0,1,1,0,0,0
22.0,71,35209.72,451261.9,10,30.14,0,0,0,0,0,1,0,0,0,0,0,0,0
19.0,59,29619.52,836463.76,4,97.7,1,0,0,0,1,0,0,0,0,0,0,1,0
44.0,67,22979.19,1942499.67,13,190.96,0,0,0,1,0,0,0,1,0,0,0,1,0
38.0,44,11947.94,51793.21,6,213.51,0,1,0,0,0,0,0,0,1,1,0,0,0
55.0,32,16173.84,544808.64,2,264.49,1,0,0,1,0,0,0,0,1,0,1,0,1
32.0,11,35330.59,2790142.34,3,162.73,1,1,0,0,0,0,0,0,0,0,1,0,0
38.0,2,11985.34,1992414.98,6,118.63,1,0,1,0,0,0,0,1,0,0,1,0,0
27.0,68,31464.6,920125.59,1,108.29,0,0,1,0,0,0,0,0,1,0,1,0,0
40.0,17,29897.14,140683.76,1,254.22,0,0,0,0,0,0,1,0,0,1,0,0,1
56.0,40,48550.46,1760216.18,0,217.42,1,0,0,1,0,0,0,0,0,0,0,1,0
22.0,46,3978.31,672484.6,0,271.72,1,0,0,1,0,0,0,0,1,0,1,0,0
18.0,4,6298.01,2880725.44,11,289.25,0,1,0,0,0,0,0,0,1,1,0,0,0
30.0,38,25798.09,2062448.06,0,90.72,0,0,1,0,0,0,0,1,0,1,0,0,0
38.0,63,26828.38,2922501.04,5,159.37,0,1,0,0,0,0,0,0,1,1,0,0,1
43.0,29,2956.46,2547452.2,12,189.91,1,0,1,0,0,0,0,0,0,0,1,0,0
67.0,19,41466.92,1451667.11,4,49.99,0,1,0,0,0,0,0,0,1,0,1,0,0
62.0,29,25241.45,2010341.63,14,16.95,1,0,1,0,0,0,0,0,1,1,0,0,0
38.0,35,17985.54,2437261.05,9,260.46,0,1,0,0,0,0,0,1,0,1,0,0,0
70.0,70,16623.83,1736644.55,7,161.12,0,0,0,0,0,1,0,0,0,1,0,0,0
35.0,23,43208.95,189155.07,4,171.66,1,0,1,0,0,0,0,0,1,0,0,1,0
54.0,46,10639.91,1413986.71,0,166.92,1,0,0,0,0,0,0,0,0,0,0,1,0
62.0,44,8860.47,396067.13,11,226.73,1,1,0,0,0,0,0,1,0,0,0,0,0
49.0,48,11445.75,2145966.09,7,44.51,0,0,0,1,0,0,0,0,0,0,0,0,0
53.0,52,31626.1,2043483.6,5,184.6,0,0,0,0,0,0,1,0,1,0,1,0,0
34.0,8,40735.61,2978760.04,7,141.37,0,1,0,0,0,0,0,0,1,0,0,1,0
52.0,55,17217.96,1888285.36,12,269.19,1,0,0,0,0,0,0,1,0,0,0,0,1
66.0,66,9499.64,2401413.14,1,156.37,0,1,0,0,0,0,0,1,0,1,0,0,0
28.0,40,11250.51,808522.11,9,282.94,1,0,0,0,0,0,1,1,0,1,0,0,0
38.0,31,31340.01,1023372.29,7,106.62,1,0,0,1,0,0,0,0,0,0,1,0,0
69.0,48,13055.73,2751487.64,5,290.1,1,0,0,0,0,0,0,0,0,0,1,0,0
70.0,61,43986.73,2266800.82,0,262.67,0,0,0,1,0,0,0,0,0,0,0,0,0
43.0,52,6090.68,1967531.18,12,175.69,0,0,1,0,0,0,0,0,0,1,0,0,0
21.0,38,2586.06,765812.94,0,106.76,1,0,0,0,0,1,0,1,0,0,1,0,0
51.0,36,5330.53,2097240.9,9,113.4,0,0,0,0,0,0,1,0,0,0,1,0,0
69.0,55,42436.51,2660857.12,11,232.05,1,0,0,0,0,1,0,0,0,0,0,1,1
65.0,13,32910.25,696238.98,4,174.61,1,0,0,0,1,0,0,0,0,0,0,0,0
35.0,37,47929.49,2119841.22,6,121.07,0,0,1,0,0,0,0,0,0,0,1,0,1
57.0,47,17478.53,1184113.39,3,191.18,1,0,0,0,0,0,1,1,0,0,0,0,0
52.0,71,11421.23,360708.4,13,220.24,1,1,0,0,0,0,0,1,0,1,0,0,0
58.0,22,28536.79,2291564.73,12,7.85,0,0,0,0,0,1,0,0,1,0,0,0,1
46.0,39,27353.59,505574.68,9,27.87,1,1,0,0,0,0,0,0,1,0,1,0,1
69.0,58,29960.18,762424.34,4,29.25,1,0,0,1,0,0,0,0,0,0,0,1,1
46.0,30,18029.16,2349911.41,9,70.35,1,0,0,0,0,0,0,0,0,0,0,0,0
55.0,18,1288.95,2227687.69,2,128.67,1,0,0,0,0,1,0,1,0,0,0,0,0
59.0,18,2716.55,766278.28,1,241.29,1,0,0,0,1,0,0,0,1,1,0,0,0
38.0,39,33527.5,2823189.02,1,105.98,1,1,0,0,0,0,0,0,0,0,0,1,1
59.0,26,26639.64,649779.25,13,6.23,1,0,0,0,0,0,1,0,1,0,0,0,0
30.0,71,41229.55,2980898.53,4,145.53,0,0,0,0,0,1,0,0,1,0,0,1,0
66.0,7,15720.08,2215010.12,3,298.99,0,0,0,0,0,1,0,0,1,0,1,0,1
58.0,69,40958.14,1180560.53,1,105.36,1,0,0,0,0,0,0,1,0,0,0,1,0
34.0,65,21849.08,395395.87,15,288.42,1,0,0,0,0,0,0,0,0,0,1,0,0
26.0,46,5738.22,964927.32,4,31.3,0,0,0,0,0,0,1,0,0,1,0,0,0
58.0,18,48917.67,585246.84,9,52.76,0,0,0,0,0,0,0,1,0,1,0,0,0
18.0,13,26084.86,1867409.56,8,217.51,0,1,0,0,0,0,0,1,0,1,0,0,1
19.0,25,31844.45,1073781.18,7,150.86,0,0,0,0,0,0,1,1,0,0,1,0,0
65.0,8,33869.06,888546.75,8,229.77,0,0,0,0,0,0,1,0,1,0,0,0,0
46.0,32,18758.2,2272613.91,8,259.2,1,0,0,1,0,0,0,0,1,0,1,0,0
50.0,17,37628.89,695645.31,7,76.07,0,0,0,0,1,0,0,0,0,0,0,1,0
27.0,48,43643.06,1762733.51,8,205.17,0,0,0,0,0,1,0,0,0,0,0,1,1
67.0,63,19972.16,587815.3,3,182.67,0,0,0,1,0,0,0,0,1,0,1,0,0
57.0,40,33193.04,2145821.83,7,258.6,1,0,0,0,1,0,0,0,1,1,0,0,0
38.0,15,38099.07,1877238.84,13,129.6,1,0,0,0,0,0,1,1,0,1,0,0,0
45.0,6,10316.17,2395469.78,1,16.51,1,0,0,0,0,1,0,0,1,0,0,1,1
28.0,63,17297.21,210148.74,8,172.68,1,0,0,0,0,0,0,0,0,0,0,1,0
51.0,8,6331.0,634265.82,12,287.7,1,0,0,0,1,0,0,0,0,0,0,0,0
25.0,32,30508.21,467608.78,8,5.37,1,0,0,0,0,0,1,1,0,0,0,0,0
39.0,45,40245.95,575730.91,10,72.84,0,0,0,0,0,0,1,1,0,0,0,0,0
25.0,52,30931.09,313527.17,2,95.5,1,0,0,1,0,0,0,0,0,0,0,1,1
66.0,13,9809.41,1688435.29,5,229.99,1,0,0,1,0,0,0,0,1,0,0,0,0
32.0,24,27772.06,1782327.06,11,97.66,0,0,0,0,0,0,0,0,1,0,0,1,1
34.0,40,41911.77,2531251.82,6,72.49,1,0,1,0,0,0,0,0,0,0,0,1,1
40.0,14,15833.52,1256125.84,2,194.92,0,1,0,0,0,0,0,0,1,0,1,0,0
41.0,70,41799.92,1599492.22,15,14.88,0,0,1,0,0,0,0,0,1,0,0,0,1
62.0,62,39446.54,2973955.66,4,52.01,1,0,1,0,0,0,0,0,0,0,1,0,1
36.0,61,2065.3,1597876.02,0,123.0,0,0,0,0,0,1,0,0,0,0,1,0,1
22.0,1,12733.29,1722860.38,10,107.32,0,0,0,0,0,1,0,1,0,0,0,0,0
49.0,66,27604.18,2987772.66,2,104.8,0,0,0,0,0,0,0,0,0,0,0,1,1
61.0,32,36163.25,2982417.5,11,33.46,0,0,0,0,0,1,0,1,0,0,0,1,0
18.0,13,44146.0,1274971.18,7,108.89,1,0,0,0,1,0,0,1,0,0,0,1,0
40.0,33,32411.07,1906665.75,2,239.6,0,0,0,0,0,0,0,0,1,0,0,0,1
54.0,32,19636.86,1445003.51,7,124.74,1,0,0,0,0,0,0,0,0,0,0,1,1
25.0,56,10046.73,2163542.78,8,176.27,0,0,0,0,0,0,1,0,1,0,1,0,1
30.0,24,38241.76,2815467.63,5,49.91,0,0,0,0,0,0,1,0,0,1,0,0,0
25.0,4,11132.3,932429.63,6,21.84,0,0,0,0,0,0,1,0,0,0,0,0,0
40.0,23,35076.1,2457531.14,5,264.11,1,1,0,0,0,0,0,0,1,1,0,0,1
44.0,29,9879.37,1966272.55,7,100.08,1,0,0,0,1,0,0,1,0,0,1,0,0
18.0,21,5461.64,844153.48,13,105.75,1,0,0,0,1,0,0,0,0,1,0,0,0
62.0,30,13303.91,2392912.48,6,263.43,0,0,0,0,0,0,1,1,0,0,1,0,0
68.0,20,14961.56,1284263.39,15,212.62,0,0,1,0,0,0,0,0,1,1,0,0,0
41.0,16,32713.25,365589.54,9,227.12,0,1,0,0,0,0,0,0,1,1,0,0,0
52.0,67,8883.29,2980281.99,0,204.92,0,0,1,0,0,0,0,0,0,0,0,1,1
41.0,49,46585.04,1279810.77,2,32.63,1,0,0,1,0,0,0,0,1,1,0,0,0
34.0,58,28163.72,1626949.88,2,287.44,0,0,0,0,1,0,0,0,0,0,1,0,0
22.0,44,25055.65,2424845.38,14,272.83,1,0,0,0,1,0,0,0,0,0,1,0,0
37.0,25,22300.03,2882824.02,2,71.63,0,0,1,0,0,0,0,0,0,0,1,0,0
38.0,23,28763.47,2619299.11,3,241.39,1,1,0,0,0,0,0,0,0,0,0,0,1
57.0,59,2099.9,1577534.36,12,123.41,1,0,0,0,1,0,0,0,0,0,1,0,0
48.0,1,49514.23,1639359.75,0,205.45,0,0,1,0,0,0,0,0,1,0,0,0,0
63.0,15,25186.59,846256.38,13,50.52,0,0,0,0,0,0,0,0,0,0,1,0,0
53.0,52,2724.56,1391094.62,10,162.03,1,0,0,0,0,0,0,1,0,0,0,0,0
28.0,58,29908.9,2840782.45,14,38.86,0,0,0,0,0,1,0,0,0,1,0,0,0
69.0,41,22416.86,2182188.13,1,161.31,0,1,0,0,0,0,0,0,0,1,0,0,1
32.0,44,2177.85,40571.59,11,73.83,1,0,1,0,0,0,0,0,0,0,1,0,0
36.0,4,46297.01,353937.81,4,136.29,1,0,0,0,0,1,0,0,1,0,0,0,0
24.0,68,1517.78,2771814.75,10,200.72,1,0,0,0,0,0,0,1,0,0,0,1,0
68.0,7,29315.71,2546914.39,5,263.25,1,1,0,0,0,0,0,1,0,0,0,1,0
45.0,46,48127.75,1461062.57,8,50.42,0,0,0,0,0,1,0,1,0,0,0,1,0
68.0,9,12642.62,1852849.95,1,268.09,1,0,0,0,0,0,1,0,1,1,0,0,1
60.0,33,13454.77,872489.8,13,117.62,1,1,0,0,0,0,0,0,1,1,0,0,1
22.0,33,1020.73,2379528.1,11,253.3,1,0,0,1,0,0,0,0,0,0,0,0,1
22.0,4,4251.21,1811935.75,8,154.25,0,0,0,0,0,0,1,0,1,0,1,0,0
47.0,65,3199.53,2086002.99,6,258.8,1,0,0,0,0,1,0,1,0,1,0,0,0
49.0,34,41310.16,1127854.96,8,199.18,0,0,1,0,0,0,0,1,0,0,1,0,1
25.0,64,42000.14,1294161.83,3,153.11,1,0,0,0,0,0,1,0,1,0,0,1,0
27.0,25,36608.3,627007.84,6,94.45,1,0,0,0,0,0,1,0,1,0,0,1,1
55.0,55,18284.51,2844417.37,0,290.7,0,0,0,0,0,1,0,1,0,0,1,0,1
64.0,9,41241.47,2839938.28,7,240.47,1,0,1,0,0,0,0,1,0,0,0,0,0
49.0,17,27448.95,2454164.99,6,114.97,1,0,1,0,0,0,0,1,0,0,0,1,0
65.0,21,15911.2,2806987.58,6,50.85,0,0,0,0,0,0,0,1,0,0,0,0,0
45.0,60,22426.56,1997657.52,1,234.08,1,0,0,1,0,0,0,1,0,0,0,1,0
34.0,13,4222.62,707782.35,9,296.99,1,0,1,0,0,0,0,0,1,1,0,0,0
48.0,3,47300.53,2281830.51,15,84.41,1,0,0,0,1,0,0,0,1,0,0,1,0
25.0,68,31336.7,979202.25,14,274.84,1,0,0,0,1,0,0,0,0,0,0,0,0
57.0,4,36830.47,1324242.66,8,38.49,0,0,0,1,0,0,0,0,0,1,0,0,0
42.0,7,34152.59,826678.74,10,285.71,1,1,0,0,0,0,0,0,0,0,0,1,0
26.0,26,33719.75,1273747.64,7,223.86,0,0,0,0,0,1,0,0,1,1,0,0,0
19.0,24,1845.79,2039555.51,0,104.63,1,1,0,0,0,0,0,0,0,1,0,0,0
32.0,10,26743.19,336278.63,10,92.08,0,0,0,0,1,0,0,0,0,0,0,1,1
67.0,13,41263.8,320094.75,0,193.39,1,0,1,0,0,0,0,0,1,0,1,0,1
20.0,44,3181.42,2052891.19,13,178.46,0,0,0,1,0,0,0,1,0,0,1,0,0
66.0,39,47852.12,2339845.59,4,275.76,1,1,0,0,0,0,0,0,1,0,0,0,0
53.0,19,21783.82,1656642.72,1,230.11,0,1,0,0,0,0,0,0,1,0,0,0,0
21.0,51,15204.88,549014.84,0,162.57,0,0,0,0,0,1,0,1,0,0,0,1,0
31.0,19,27059.25,1295116.76,9,278.34,1,0,0,0,0,0,1,0,0,1,0,0,0
58.0,52,40259.5,2275735.69,11,178.23,0,0,0,0,1,0,0,0,1,1,0,0,0
58.0,47,24263.0,2058770.64,12,255.06,1,0,1,0,0,0,0,0,1,0,1,0,0
42.0,30,32610.18,334047.11,10,252.44,1,0,0,1,0,0,0,1,0,0,1,0,1
67.0,46,25495.81,2907595.81,7,275.84,1,1,0,0,0,0,0,0,1,1,0,0,0
27.0,21,31932.34,673974.82,11,21.21,1,0,0,0,0,1,0,0,0,1,0,0,0
38.0,48,7763.51,665066.57,12,175.56,1,0,0,0,0,0,1,1,0,0,0,0,0
53.0,62,2894.51,1382272.46,3,141.05,0,0,0,0,1,0,0,0,1,1,0,0,1
29.0,58,7708.17,985093.17,1,147.67,1,0,0,0,1,0,0,0,0,1,0,0,1
44.0,18,15006.07,2952038.04,13,138.51,1,0,0,0,0,1,0,0,0,0,0,1,0
57.0,59,13414.45,234086.87,4,251.4,1,0,0,1,0,0,0,0,1,1,0,0,1
19.0,48,31143.59,922785.38,11,96.21,1,1,0,0,0,0,0,0,0,0,1,0,0
30.0,63,23338.58,1151252.87,10,139.36,1,0,0,1,0,0,0,1,0,0,1,0,0
70.0,12,2901.79,1482909.69,12,61.0,1,0,0,0,0,1,0,0,0,0,0,0,1
49.0,34,2708.43,54137.25,12,76.26,0,0,0,0,0,1,0,1,0,0,0,0,0
48.0,61,5438.81,251674.58,11,198.47,0,0,0,1,0,0,0,1,0,0,0,1,0
33.0,53,18300.98,777139.88,5,35.96,1,0,0,0,0,0,0,1,0,0,0,0,0
49.0,25,1302.96,1664236.23,7,57.16,0,0,0,0,0,0,1,0,1,1,0,0,0
49.0,62,25205.38,2304475.85,14,158.88,1,0,0,0,1,0,0,0,0,1,0,0,0
51.0,4,18672.81,2061053.57,14,14.09,1,0,0,0,0,0,0,0,1,0,0,1,0
28.0,13,28216.62,1703239.61,6,38.95,1,0,1,0,0,0,0,0,1,0,1,0,0
27.0,42,36320.44,1194712.35,6,259.14,1,0,0,0,1,0,0,1,0,1,0,0,0
32.0,49,13297.67,2612730.03,0,254.0,1,0,0,0,1,0,0,0,1,1,0,0,1
34.0,56,8697.1,1382018.77,2,104.99,0,0,0,0,0,0,1,0,0,0,0,1,0
57.0,47,14624.62,901262.15,2,105.05,0,0,1,0,0,0,0,0,1,0,1,0,0
35.0,8,1086.4,1889858.67,6,281.02,0,1,0,0,0,0,0,0,1,0,0,0,0
26.0,55,6880.63,2077884.41,11,8.73,0,0,1,0,0,0,0,1,0,1,0,0,0
42.0,18,37790.69,1198418.38,13,174.51,1,1,0,0,0,0,0,1,0,0,1,0,0
44.0,35,11917.54,89289.13,1,179.62,0,0,1,0,0,0,0,0,1,0,0,1,1
31.0,32,49720.68,286923.84,9,236.58,1,0,0,1,0,0,0,1,0,0,0,1,0
42.0,24,9223.74,2537568.68,6,285.57,0,0,0,0,0,1,0,0,1,0,1,0,1
67.0,7,39649.81,174361.02,15,107.39,0,0,1,0,0,0,0,0,0,0,0,1,0
44.0,13,35547.18,1778098.9,8,131.91,0,0,0,0,0,0,0,0,0,0,0,0,0
69.0,69,16784.47,555209.61,15,201.72,0,0,0,0,0,0,0,1,0,0,1,0,0
47.0,42,17206.22,690634.24,0,290.21,1,0,0,0,0,0,1,0,0,0,0,0,0
37.0,31,28614.03,823635.21,11,267.35,0,0,0,0,0,1,0,0,0,0,0,1,0
38.0,26,42766.33,119682.7,13,200.45,0,0,0,0,0,1,0,0,1,0,0,0,0
61.0,32,19923.16,535819.65,1,257.16,1,1,0,0,0,0,0,1,0,0,0,0,0
49.0,52,3997.81,1953247.45,10,26.48,1,0,0,0,1,0,0,0,0,0,0,0,0
68.0,20,19346.54,1498657.82,5,113.76,0,0,0,0,0,0,1,1,0,0,0,0,0
63.0,40,11158.32,2393000.61,1,4.91,1,0,0,0,0,0,0,1,0,0,1,0,0
66.0,59,47021.14,188420.11,13,54.06,1,0,0,0,0,0,0,1,0,0,0,1,0
38.0,14,35166.44,2667250.4,11,189.52,1,1,0,0,0,0,0,0,0,0,0,1,1
52.0,44,3490.8,2989213.6,1,265.78,0,0,0,0,0,0,0,1,0,1,0,0,1
49.0,48,15356.44,52141.22,4,190.2,1,0,0,0,0,0,0,1,0,0,0,0,0
47.0,43,3460.58,2903082.0,6,199.58,0,1,0,0,0,0,0,0,1,0,0,0,0
56.0,16,41670.82,711408.83,3,32.04,0,0,0,0,0,0,0,0,1,1,0,0,0
66.0,35,45408.52,2079166.7,12,199.79,0,0,0,0,1,0,0,0,1,1,0,0,0
29.0,53,6501.7,880987.91,15,136.85,0,0,0,1,0,0,0,0,1,0,0,0,0
58.0,34,22574.21,1567829.57,5,195.78,1,0,0,0,0,0,1,1,0,0,0,1,0
64.0,3,46662.28,1533703.44,11,98.53,0,0,0,0,1,0,0,0,1,1,0,0,0
35.0,68,8115.37,1086510.91,15,174.86,1,0,0,0,1,0,0,0,1,0,0,0,0
38.0,5,15303.28,2154052.57,2,127.8,0,0,0,1,0,0,0,0,0,0,0,1,1
30.0,10,15909.46,1800911.26,3,168.03,1,0,0,0,0,1,0,0,1,0,1,0,0
38.0,52,2472.86,1527289.63,3,44.98,0,0,0,0,0,0,1,0,1,1,0,0,0
25.0,29,2777.39,2948603.74,14,119.35,1,0,0,0,1,0,0,0,0,1,0,0,0
63.0,31,47686.85,2820327.93,3,112.91,0,0,0,0,0,0,0,1,0,0,0,1,0
57.0,66,25186.59,2866530.36,11,221.18,0,0,0,1,0,0,0,1,0,0,1,0,0
63.0,69,16025.77,2644565.26,0,212.22,1,0,0,0,0,1,0,0,0,0,0,1,0
24.0,37,19555.06,769190.24,12,272.75,0,0,0,0,0,0,1,0,0,1,0,0,0
40.0,27,36027.3,1053178.21,3,189.98,0,0,1,0,0,0,0,1,0,0,1,0,0
61.0,33,18959.34,697008.59,3,95.05,0,1,0,0,0,0,0,0,1,0,0,0,1
49.0,68,12160.26,2958599.78,5,235.18,1,0,0,0,0,0,0,0,0,1,0,0,0
28.0,59,5990.03,462222.3,8,149.6,0,0,0,1,0,0,0,0,0,0,0,1,0
39.0,64,36717.72,1102702.71,9,58.85,0,1,0,0,0,0,0,0,0,0,0,1,0
39.0,44,9847.69,601138.05,15,224.48,1,0,0,0,0,1,0,1,0,0,0,1,0
60.0,49,4412.77,674244.17,5,40.63,1,0,0,0,0,1,0,1,0,0,0,1,0
42.0,53,21920.77,745028.21,5,54.27,1,0,1,0,0,0,0,1,0,0,0,1,1
39.0,49,2938.98,1920813.67,6,227.87,1,0,0,0,1,0,0,1,0,1,0,0,0
45.0,66,48284.9,232767.86,6,231.27,1,0,0,0,1,0,0,1,0,0,1,0,0
46.0,63,31737.36,1719726.97,15,237.44,0,0,0,0,0,0,1,0,1,0,0,1,0
30.0,25,8482.14,2458762.28,0,88.7,0,0,0,1,0,0,0,0,1,0,0,1,0
35.0,4,9450.25,2300738.71,7,260.11,0,0,0,1,0,0,0,1,0,0,0,0,0
19.0,51,28921.6,457759.24,0,217.08,1,0,0,0,0,1,0,1,0,0,0,0,1
46.0,11,18471.72,2744621.55,14,250.36,0,0,0,0,0,0,1,1,0,0,1,0,1
38.0,17,38939.07,2311420.69,8,212.87,1,1,0,0,0,0,0,0,0,1,0,0,0
32.0,66,27744.52,20881.02,13,174.3,1,0,0,0,1,0,0,0,0,1,0,0,1
69.0,70,22233.36,2213434.03,13,33.71,0,0,0,0,1,0,0,1,0,0,1,0,0
44.0,69,48186.03,2213577.93,14,213.57,1,0,0,0,0,1,0,1,0,0,1,0,0
67.0,29,20145.72,1492964.16,3,207.45,1,0,0,1,0,0,0,0,0,0,1,0,0
48.0,72,20629.94,142717.34,8,94.43,0,0,0,0,0,1,0,0,0,0,0,1,0
32.0,20,33622.85,1741818.29,7,221.01,1,0,0,1,0,0,0,0,0,1,0,0,0
68.0,27,40664.45,2298411.55,8,165.59,1,0,0,0,0,0,1,0,0,0,1,0,1
40.0,8,31684.53,816267.8,14,168.26,0,0,1,0,0,0,0,0,0,0,0,0,0
41.0,61,35231.9,2002869.31,13,110.91,1,1,0,0,0,0,0,1,0,0,0,1,0
61.0,28,19273.65,1065008.95,5,35.92,1,0,0,0,0,0,0,1,0,0,0,1,0
30.0,70,24495.34,1723695.22,8,65.86,0,0,1,0,0,0,0,0,0,0,0,1,0
39.0,3,10654.72,1156774.42,3,230.88,0,0,1,0,0,0,0,1,0,0,0,1,0
60.0,69,34332.08,914765.59,2,82.16,0,0,0,1,0,0,0,0,0,0,1,0,0
54.0,7,11851.15,2568463.85,2,1.67,0,0,0,1,0,0,0,0,0,0,0,1,1
50.0,60,1061.58,2262745.59,7,299.11,1,0,0,1,0,0,0,0,0,0,0,0,0
20.0,4,46754.34,1039620.16,1,63.99,1,0,1,0,0,0,0,1,0,0,0,0,0
36.0,5,15994.75,1306721.77,11,196.96,0,0,0,0,0,1,0,1,0,0,1,0,0
40.0,11,10634.97,2076651.74,5,278.15,1,1,0,0,0,0,0,1,0,0,0,1,0
46.0,15,14139.19,2434180.95,8,180.31,1,0,0,0,0,1,0,1,0,0,0,0,0
47.0,64,17191.94,2054602.08,14,239.91,0,0,0,1,0,0,0,0,1,1,0,0,0
56.0,13,24252.77,1625090.08,8,292.94,0,0,0,0,1,0,0,0,0,0,0,1,0
61.0,7,4398.23,2863385.57,7,258.25,1,0,0,0,0,1,0,0,0,0,1,0,0
64.0,6,3580.98,2323560.14,7,167.81,0,1,0,0,0,0,0,1,0,1,0,0,0
42.0,56,15352.63,351197.62,0,109.75,0,0,0,0,1,0,0,1,0,0,0,1,1
54.0,64,15492.54,1676626.6,15,145.26,0,1,0,0,0,0,0,0,1,1,0,0,0
64.0,50,6764.67,1231622.14,15,252.71,1,0,0,1,0,0,0,0,0,0,0,1,0
25.0,30,20834.79,2385832.23,15,256.15,0,0,0,0,0,1,0,0,0,0,0,1,0
59.0,22,14917.4,138765.79,10,253.91,1,0,0,0,0,0,0,1,0,0,0,0,1
33.0,25,2276.72,1235117.09,6,179.57,1,0,0,0,0,0,1,1,0,1,0,0,0
25.0,28,44400.32,958237.56,13,143.61,1,0,0,1,0,0,0,0,1,1,0,0,0
18.0,39,44414.93,427852.02,14,94.09,0,0,1,0,0,0,0,0,0,0,1,0,0
61.0,67,11249.93,1139518.33,0,2.0,0,0,0,0,0,0,0,0,1,0,1,0,0
22.0,5,8980.74,2020036.83,8,229.58,0,0,1,0,0,0,0,0,0,1,0,0,0
20.0,65,27817.35,1088225.27,2,83.82,0,1,0,0,0,0,0,1,0,0,0,0,0
18.0,15,31906.92,1742119.69,0,99.57,0,0,1,0,0,0,0,0,1,0,0,0,0
21.0,67,47919.59,1780471.33,7,253.2,1,0,0,0,0,0,0,1,0,0,0,1,0
57.0,40,19490.07,1763397.83,6,16.62,1,0,0,0,0,0,0,0,0,0,1,0,0
52.0,69,31291.82,1590947.99,1,278.36,1,0,0,1,0,0,0,0,0,0,1,0,0
49.0,43,44030.87,355379.77,13,1.41,0,0,0,0,1,0,0,0,1,0,1,0,0
59.0,1,23047.74,659275.5,6,281.81,1,0,0,1,0,0,0,1,0,0,0,1,0
51.0,22,6994.94,2401200.89,4,136.97,1,1,0,0,0,0,0,0,0,0,0,0,1
60.0,62,19494.92,1509584.64,14,31.53,0,0,1,0,0,0,0,0,0,0,1,0,0
42.0,26,7691.78,2119698.57,6,202.57,0,0,0,0,1,0,0,0,1,0,0,1,0
27.0,18,1815.33,1711877.7,9,268.86,1,0,0,0,0,1,0,0,1,1,0,0,0
38.0,48,37826.1,120877.31,15,131.98,1,0,0,0,0,0,1,1,0,0,0,0,0
63.0,9,12682.76,2389660.24,11,207.72,0,0,0,0,0,0,0,0,1,1,0,0,0
56.0,1,1098.35,197650.96,6,293.83,0,0,0,0,1,0,0,0,0,0,1,0,0
44.0,9,43749.19,2829806.28,1,72.97,0,0,0,0,0,1,0,1,0,0,0,1,1
44.0,23,25186.59,650053.88,1,246.31,0,0,0,0,1,0,0,1,0,0,0,0,0
19.0,45,12704.13,1539656.4,14,89.28,1,0,0,1,0,0,0,1,0,0,1,0,1
58.0,2,13876.71,195446.19,6,128.47,1,0,0,0,0,1,0,0,0,0,0,0,1
65.0,14,12786.36,2685322.47,2,85.25,0,0,0,0,0,0,1,0,1,0,0,1,0
30.0,38,10533.25,2939921.06,3,134.36,1,0,0,0,0,0,0,1,0,0,0,1,1
26.0,40,42220.09,443146.05,14,2.52,1,1,0,0,0,0,0,0,0,0,1,0,0
69.0,63,9346.25,890880.69,13,91.73,0,1,0,0,0,0,0,0,1,0,0,0,0
53.0,16,28530.88,52543.89,6,134.14,1,0,0,0,1,0,0,1,0,0,0,1,0
39.0,6,4788.69,2361961.65,13,190.04,1,0,0,0,0,1,0,0,1,0,0,0,0
59.0,3,47526.55,937835.68,1,191.57,1,0,0,0,1,0,0,0,1,0,0,0,1
43.0,14,30562.38,1768568.22,12,175.55,0,0,1,0,0,0,0,0,1,1,0,0,0
29.0,66,45254.47,122459.41,1,88.62,0,0,0,0,0,0,1,0,0,0,1,0,0
34.0,67,20496.01,2147803.5,8,284.27,1,0,0,0,0,0,0,1,0,0,1,0,0
31.0,31,40722.93,1590564.87,10,118.2,0,0,0,0,1,0,0,1,0,0,0,0,1
31.0,33,42829.07,2176315.84,0,65.85,0,0,1,0,0,0,0,1,0,1,0,0,0
51.0,1,35444.52,2369745.12,15,166.8,0,0,0,0,0,1,0,0,0,0,0,0,1
70.0,44,5554.43,272282.38,11,224.93,1,0,0,0,0,0,1,0,1,0,1,0,0
37.0,15,1787.92,1736385.9,11,4.66,1,0,0,0,0,0,0,0,0,0,1,0,0
28.0,37,9259.42,1951582.38,2,83.63,0,1,0,0,0,0,0,1,0,0,0,0,0
33.0,27,6786.74,1552572.67,9,247.67,1,0,1,0,0,0,0,0,1,0,0,0,0
68.0,48,36531.75,551316.15,3,152.6,1,0,0,0,0,1,0,0,0,0,0,0,1
48.0,27,28293.33,2387813.87,4,123.14,1,0,0,0,0,0,1,0,0,0,1,0,0
23.0,12,26771.59,2992387.69,14,279.34,1,0,1,0,0,0,0,0,0,0,0,0,0
36.0,67,13390.5,2907964.41,2,27.77,1,0,0,0,1,0,0,0,0,0,0,0,1
54.0,30,8575.77,2333701.05,8,185.06,0,0,0,1,0,0,0,0,1,0,0,1,0
21.0,66,11120.85,1257232.63,4,103.31,1,1,0,0,0,0,0,0,0,0,1,0,0
64.0,7,20613.57,1015214.99,6,22.18,1,0,0,0,1,0,0,0,1,0,0,0,0
21.0,34,37267.02,210294.67,14,64.91,1,0,0,0,1,0,0,0,0,1,0,0,0
37.0,32,13471.31,1251777.48,13,188.75,0,0,0,0,0,1,0,1,0,0,1,0,0
27.0,39,35232.04,472365.55,10,9.45,0,0,0,0,0,1,0,0,0,0,0,0,0
41.0,43,25084.08,766732.47,12,178.08,0,0,0,0,0,0,1,0,0,0,0,0,1
52.0,43,44386.6,2676200.89,6,287.1,1,0,0,0,0,1,0,1,0,0,0,1,1
43.0,3,12412.81,2905734.27,10,238.73,0,0,1,0,0,0,0,0,1,0,0,1,0
54.0,46,23091.98,2845934.21,8,104.33,0,1,0,0,0,0,0,0,0,0,1,0,1
55.0,32,5736.57,584100.28,1,42.32,0,0,0,0,1,0,0,0,0,0,0,1,0
38.0,43,17422.5,2703178.15,2,140.05,0,0,0,0,0,0,1,1,0,0,0,1,0
57.0,3,25837.14,428808.38,3,118.49,1,1,0,0,0,0,0,0,1,0,1,0,0
56.0,63,36904.27,1525442.32,7,291.55,0,0,0,0,0,1,0,1,0,1,0,0,0
38.0,40,10705.78,1932771.78,0,296.97,0,0,0,0,0,1,0,0,0,0,0,0,0
27.0,18,11686.51,1390088.28,8,123.76,1,0,1,0,0,0,0,0,1,0,0,0,1
55.0,67,31947.31,2855753.12,4,45.49,1,0,0,0,0,1,0,0,0,0,0,1,0
63.0,62,19740.43,1002972.11,3,273.27,0,0,0,0,1,0,0,1,0,0,0,0,0
21.0,10,24622.65,1584496.1,12,238.27,1,0,0,0,0,0,0,0,0,0,0,1,1
62.0,52,41970.61,230972.56,7,153.87,0,0,0,0,1,0,0,1,0,0,1,0,0
37.0,46,25455.08,2557412.62,13,110.24,1,0,0,0,1,0,0,1,0,0,1,0,1
34.0,55,32972.47,1243023.37,8,135.0,1,0,0,0,0,1,0,0,1,0,1,0,0
24.0,46,33181.98,2103093.69,2,270.66,0,1,0,0,0,0,0,1,0,0,0,0,0
21.0,60,40376.99,2048325.66,13,56.21,1,0,0,0,0,1,0,0,1,0,0,1,0
46.0,26,32268.83,2030407.36,3,242.23,0,1,0,0,0,0,0,0,1,0,0,1,1
31.0,27,4175.68,1523280.14,0,6.44,1,1,0,0,0,0,0,0,1,0,0,0,1
20.0,38,17766.48,836168.78,14,276.25,0,1,0,0,0,0,0,0,1,0,1,0,0
41.0,22,49476.49,1877158.2,11,150.59,1,0,0,0,0,0,1,0,1,1,0,0,0
54.0,26,10629.0,2885565.55,13,68.8,1,0,0,1,0,0,0,1,0,0,0,1,0
33.0,69,29749.72,2502678.02,2,1.85,1,0,0,0,0,1,0,1,0,0,0,1,0
69.0,35,42304.09,330760.85,9,168.3,1,0,0,0,0,0,1,0,1,0,0,0,0
21.0,66,29741.37,74446.27,4,74.1,1,0,0,0,1,0,0,1,0,1,0,0,0
41.0,51,19241.24,1499419.21,14,189.75,0,0,0,0,0,0,1,0,1,0,1,0,0
51.0,18,4931.2,2328608.91,12,85.07,1,0,1,0,0,0,0,1,0,0,0,1,1
47.0,43,18721.58,945138.15,7,27.32,0,0,0,0,0,0,0,0,1,0,0,0,1
35.0,12,9921.31,2105208.64,15,152.01,0,1,0,0,0,0,0,0,0,1,0,0,1
36.0,3,48082.28,2796104.19,13,169.78,0,0,0,0,0,1,0,0,0,0,0,0,0
48.0,7,36036.56,1379658.6,0,136.32,1,0,1,0,0,0,0,0,1,1,0,0,1
36.0,6,37719.77,736258.17,0,137.95,0,0,0,0,0,1,0,1,0,0,0,0,0
66.0,45,22362.49,2753684.8,2,177.31,1,0,0,0,0,0,0,0,1,1,0,0,0
63.0,39,6388.28,1419430.57,15,158.38,0,0,1,0,0,0,0,1,0,0,0,1,0
36.0,51,14069.11,1226478.72,8,40.64,0,0,0,0,0,1,0,0,1,1,0,0,0
39.0,9,13725.84,1063317.91,8,59.93,0,0,0,0,1,0,0,0,1,0,1,0,0
41.0,23,24852.19,1271935.77,0,43.4,0,1,0,0,0,0,0,1,0,0,0,1,0
62.0,12,23588.01,2022605.27,3,208.3,0,0,1,0,0,0,0,1,0,0,1,0,0
29.0,62,22237.0,1303990.28,11,159.05,1,0,0,0,1,0,0,0,1,0,0,1,0
47.0,40,25302.9,976050.55,7,129.53,0,1,0,0,0,0,0,0,0,1,0,0,0
55.0,54,49364.13,2232194.81,1,239.7,0,0,0,1,0,0,0,0,0,0,0,1,1
70.0,7,15619.33,612899.42,15,98.41,1,0,0,0,1,0,0,0,0,0,0,0,0
48.0,17,31148.19,609791.51,3,170.86,1,0,0,0,0,0,1,0,0,1,0,0,0
53.0,50,12735.88,2090824.43,15,23.25,1,0,0,0,0,1,0,0,0,0,0,0,0
36.0,24,23863.71,2600786.06,6,223.58,0,1,0,0,0,0,0,1,0,0,0,0,0
65.0,2,10802.41,727426.46,6,208.86,0,0,1,0,0,0,0,0,0,0,0,0,0
62.0,33,28351.42,577419.3,4,240.91,0,0,0,0,0,0,0,1,0,0,0,0,0
53.0,21,13985.58,2012566.11,6,265.46,0,0,1,0,0,0,0,0,0,0,1,0,1
47.0,53,2802.66,1864303.55,5,227.65,0,0,0,0,0,0,1,1,0,1,0,0,0
66.0,46,40948.28,1344520.78,1,253.5,0,0,0,0,0,1,0,0,0,0,0,0,0
50.0,45,7284.5,292102.62,8,104.35,1,0,0,0,0,0,1,0,0,0,1,0,0
35.0,9,19033.9,279897.37,4,103.66,1,0,1,0,0,0,0,1,0,0,0,1,0
69.0,6,24381.7,2333138.66,1,283.35,0,0,0,0,0,1,0,1,0,0,0,0,1
66.0,51,22191.52,1358048.51,5,274.46,0,0,0,0,0,0,0,0,1,0,0,0,0
45.0,35,36557.62,2574611.44,9,165.0,0,1,0,0,0,0,0,0,0,0,1,0,0
64.0,53,30242.05,1726327.29,4,110.6,0,0,0,0,0,1,0,0,0,0,0,1,0
28.0,19,15473.19,1858120.73,1,259.93,0,0,0,0,1,0,0,1,0,0,0,1,0
62.0,69,3533.45,2802912.35,12,97.7,1,0,0,0,0,1,0,1,0,0,1,0,1
50.0,25,38612.16,498024.6,9,46.94,1,0,0,0,0,0,1,0,0,0,0,0,0
34.0,11,18273.83,1631357.57,9,192.21,0,0,0,0,0,0,1,0,0,1,0,0,0
23.0,17,44596.51,179125.11,6,13.74,1,0,0,0,0,0,1,1,0,0,1,0,0
21.0,36,20357.78,1079980.52,9,114.35,0,0,0,0,0,0,0,1,0,1,0,0,1
37.0,21,36165.27,448555.01,12,242.49,0,0,0,0,0,1,0,0,0,0,0,0,0
65.0,18,47038.67,567568.71,1,89.27,0,0,0,0,0,1,0,1,0,0,0,0,0
64.0,60,32906.47,2804710.19,15,279.46,1,0,0,1,0,0,0,1,0,0,0,1,1
44.0,18,21260.96,1833994.17,6,286.79,1,0,0,0,0,0,0,0,0,0,0,0,1
32.0,1,28802.56,2677013.61,13,244.93,0,1,0,0,0,0,0,0,1,0,0,1,1
23.0,14,27628.81,1333342.95,5,296.31,1,1,0,0,0,0,0,1,0,0,0,1,0
64.0,8,29656.18,1794941.82,11,159.7,1,1,0,0,0,0,0,0,1,0,0,0,0
44.0,66,8194.18,101123.06,11,171.19,0,1,0,0,0,0,0,1,0,0,0,1,1
28.0,51,35226.98,1411159.19,3,251.01,1,1,0,0,0,0,0,0,1,0,0,0,0
56.0,60,8107.12,1694349.74,3,148.35,1,0,1,0,0,0,0,1,0,0,0,1,1
26.0,34,1716.23,55249.25,15,122.61,0,0,0,0,0,0,1,0,1,0,0,1,0
43.0,36,31614.22,2369520.08,11,184.81,0,0,0,0,0,0,0,0,1,0,0,0,0
33.0,62,6728.77,889791.84,5,197.64,1,0,1,0,0,0,0,1,0,1,0,0,0
22.0,1,38750.17,1360198.79,8,225.52,0,0,0,0,0,0,0,0,1,0,1,0,0
69.0,42,43432.33,1609212.7,9,200.79,1,0,0,1,0,0,0,0,0,0,0,0,1
27.0,1,47292.1,2976630.47,5,223.97,0,0,0,0,0,1,0,0,0,0,0,1,1
67.0,54,33559.37,302056.52,5,202.69,0,0,0,0,1,0,0,0,0,0,1,0,0
20.0,47,24618.73,1668062.29,10,144.65,0,0,0,0,0,0,1,0,1,1,0,0,1
30.0,39,18261.77,1594129.47,0,41.35,0,0,0,1,0,0,0,1,0,0,0,0,0
60.0,30,25055.33,211384.54,4,235.85,1,0,1,0,0,0,0,0,1,0,0,1,0
66.0,7,10327.26,1903645.39,14,10.2,0,0,0,0,1,0,0,1,0,0,0,1,0
47.0,22,18072.71,864129.03,0,297.76,0,0,0,0,0,1,0,0,1,0,0,0,0
62.0,50,36178.6,315785.06,10,248.71,0,0,0,1,0,0,0,1,0,0,0,1,0
23.0,45,11653.73,540032.58,13,201.6,1,0,0,0,0,1,0,0,1,0,1,0,0
34.0,72,13939.29,2471691.68,8,290.02,1,0,0,0,0,1,0,0,1,0,0,1,0
62.0,10,37717.08,316853.66,9,184.13,0,0,0,0,0,0,0,0,0,0,1,0,0
68.0,14,9713.96,1403447.53,3,17.87,0,0,0,0,1,0,0,0,1,0,1,0,0
70.0,46,13048.49,589843.0,1,168.26,0,0,0,0,0,0,0,0,0,0,0,0,0
36.0,6,1859.83,491147.99,8,83.88,0,0,0,0,0,1,0,1,0,0,0,1,0
59.0,21,36282.53,621106.72,5,111.47,0,0,0,1,0,0,0,1,0,0,1,0,0
52.0,62,31277.27,1480884.89,13,138.42,0,0,0,0,0,1,0,0,0,0,0,1,0
63.0,19,35024.89,717176.32,10,232.61,1,0,1,0,0,0,0,0,1,0,1,0,1
43.0,62,11502.06,294715.19,12,151.38,0,1,0,0,0,0,0,1,0,1,0,0,1
68.0,53,34681.44,2405195.6,9,142.93,0,0,0,0,0,0,0,0,1,0,0,0,1
22.0,24,30222.45,1621765.1,2,91.29,0,0,0,0,1,0,0,0,1,0,0,0,0
46.0,56,18940.03,474776.69,12,162.42,0,0,0,1,0,0,0,0,1,0,0,0,0
54.0,62,22453.46,1416932.4,11,75.27,0,0,0,0,0,0,0,1,0,0,1,0,0
37.0,34,28828.1,209745.69,1,79.04,0,0,0,0,0,1,0,1,0,1,0,0,0
66.0,22,25171.32,1743387.44,5,227.42,1,0,1,0,0,0,0,0,1,0,1,0,0
38.0,68,32449.58,1024212.93,9,103.42,1,0,0,0,0,0,1,0,0,0,0,0,0
27.0,57,9868.0,315067.95,5,16.37,1,0,1,0,0,0,0,0,0,0,1,0,0
22.0,10,27494.79,555013.33,13,103.76,1,0,0,0,0,1,0,0,0,0,0,0,0
53.0,66,23063.69,1040379.6,11,191.93,1,0,1,0,0,0,0,0,1,0,0,1,0
23.0,8,23590.0,2420190.33,11,244.38,1,0,0,0,0,0,1,0,0,0,1,0,0
43.0,38,23999.72,525398.31,8,288.62,0,0,1,0,0,0,0,1,0,0,0,1,0
21.0,62,44192.13,333444.34,4,224.12,0,0,0,0,0,0,1,0,0,0,1,0,0
56.0,28,41112.74,1550237.32,10,129.23,0,0,0,0,0,1,0,0,0,0,0,0,0
56.0,10,31848.93,1678297.41,14,90.44,0,0,0,0,0,0,1,0,1,0,0,1,0
67.0,45,36107.86,275272.75,14,39.76,0,0,0,0,0,0,0,1,0,0,1,0,0
44.0,65,3097.33,857031.02,11,188.68,0,0,0,0,0,0,0,1,0,0,0,0,0
18.0,67,37455.59,791978.29,8,153.46,1,0,0,0,0,0,1,0,0,0,1,0,1
41.0,9,24822.07,562733.72,12,203.63,0,0,0,1,0,0,0,0,1,0,0,1,1
53.0,5,16569.63,950336.19,15,71.9,1,0,0,0,1,0,0,0,1,0,1,0,1
23.0,10,7849.07,116139.99,4,97.77,1,0,0,1,0,0,0,0,0,0,1,0,1
58.0,12,4685.23,1956391.6,1,88.34,0,0,0,0,0,0,1,1,0,0,0,1,0
63.0,58,3199.4,2965519.0,0,239.5,0,0,0,0,1,0,0,1,0,0,0,0,1
61.0,21,8928.01,1903970.07,8,52.2,0,0,0,0,0,0,0,1,0,0,1,0,0
48.0,21,2477.05,1086423.97,9,182.93,0,0,0,0,1,0,0,0,1,0,1,0,1
37.0,65,36899.47,2005391.35,6,16.36,0,0,0,0,0,0,1,0,0,1,0,0,0
41.0,3,13182.09,1716690.18,2,165.31,0,0,0,0,0,0,0,0,1,1,0,0,1
42.0,69,19068.28,2541040.0,14,20.11,0,0,0,0,1,0,0,1,0,0,0,0,0
53.0,64,41313.09,1867514.31,11,53.59,1,0,0,0,1,0,0,0,1,0,0,1,0
38.0,49,6618.22,1904058.68,5,34.79,0,0,0,1,0,0,0,1,0,0,0,0,0
47.0,72,41944.11,668884.24,9,104.67,0,0,0,0,1,0,0,0,0,0,0,0,0
41.0,17,32337.48,1249803.58,3,103.78,1,0,0,0,0,1,0,1,0,0,0,0,1
61.0,32,25186.59,1036526.1,13,248.1,0,0,0,0,0,0,1,0,0,0,1,0,0
59.0,70,6772.55,39218.44,8,68.48,0,1,0,0,0,0,0,0,1,0,1,0,0
47.0,21,5483.14,943275.78,14,26.83,1,1,0,0,0,0,0,0,1,0,0,0,0
39.0,7,17440.2,1460756.06,1,181.45,0,1,0,0,0,0,0,0,1,0,0,0,1
45.0,7,7876.76,1801546.66,13,206.55,0,0,0,0,0,0,1,1,0,1,0,0,1
24.0,27,14117.8,2804034.0,10,89.15,0,1,0,0,0,0,0,0,0,0,0,1,0
52.0,8,3594.83,721145.71,11,181.24,0,0,0,1,0,0,0,0,1,0,0,0,0
45.0,28,30155.41,461524.83,14,233.04,0,0,0,0,0,0,1,0,1,1,0,0,1
31.0,66,8118.53,2608989.84,11,104.92,0,0,0,0,0,1,0,0,0,0,0,0,0
27.0,71,38079.88,2825833.24,3,158.08,1,0,0,0,0,0,0,1,0,0,0,1,1
33.0,47,11690.57,1466422.97,0,44.84,0,0,0,0,0,1,0,0,1,0,0,0,1
33.0,10,40100.85,350073.6,6,8.07,0,0,0,0,0,0,1,1,0,0,0,1,0
48.0,33,10304.22,1458737.96,13,294.43,1,0,0,0,0,0,1,1,0,0,1,0,0
59.0,7,36346.96,332782.76,3,90.62,1,0,0,0,1,0,0,1,0,0,0,1,0
42.0,3,17320.66,2650140.81,4,84.39,0,0,0,0,1,0,0,0,1,0,0,0,0
30.0,14,29572.88,2125909.56,14,292.0,1,0,0,0,1,0,0,0,1,1,0,0,0
23.0,44,2894.43,727205.37,11,218.74,0,0,1,0,0,0,0,0,0,0,1,0,0
61.0,46,25266.98,2660638.63,0,176.0,0,0,0,1,0,0,0,0,0,1,0,0,0
26.0,61,8285.71,1915515.68,1,210.1,1,0,0,0,0,0,1,1,0,0,0,0,0
62.0,36,24829.69,2860023.69,11,213.27,0,1,0,0,0,0,0,0,1,0,1,0,0
53.0,13,7926.6,2941537.15,3,229.24,0,0,0,0,0,0,1,1,0,1,0,0,1
60.0,16,22417.37,14828.96,1,21.09,1,0,0,0,1,0,0,0,0,0,0,0,0
37.0,5,6420.42,365041.56,13,124.44,1,0,0,0,0,0,1,1,0,1,0,0,0
35.0,38,11777.62,1643032.38,13,89.24,1,0,0,0,0,0,0,1,0,0,0,1,0
60.0,50,30158.87,2867779.36,15,22.1,1,0,0,0,0,0,1,0,1,0,0,1,0
38.0,38,48856.37,2982729.74,12,124.37,0,0,0,0,0,1,0,1,0,0,0,0,0
21.0,56,23010.05,1704386.77,0,185.24,1,1,0,0,0,0,0,1,0,1,0,0,1
67.0,63,34671.51,525535.46,9,54.37,1,0,0,0,0,0,0,0,1,0,0,0,0
50.0,48,27431.81,493334.81,0,92.2,1,0,0,0,0,0,0,0,1,1,0,0,1
44.0,59,25419.54,2292753.99,5,192.11,1,0,0,0,0,0,1,0,0,0,1,0,1
24.0,44,4170.51,1777853.35,1,174.22,1,0,1,0,0,0,0,0,1,0,0,0,1
23.0,55,8070.57,1648577.83,2,260.77,0,0,0,0,1,0,0,1,0,0,0,0,0
32.0,55,44269.83,1399965.95,4,237.58,1,0,0,1,0,0,0,0,0,1,0,0,1
35.0,1,21098.05,2176778.21,15,289.72,0,0,0,1,0,0,0,0,0,0,0,0,0
49.0,8,31102.29,2574872.27,2,179.56,1,1,0,0,0,0,0,0,0,0,1,0,1
28.0,4,26883.43,912359.45,5,209.84,1,0,0,1,0,0,0,0,0,1,0,0,0
37.0,53,19565.24,666648.71,6,258.29,1,0,0,1,0,0,0,1,0,1,0,0,0
41.0,58,20003.01,2012246.5,9,252.16,1,0,0,0,1,0,0,1,0,1,0,0,1
32.0,37,28217.79,2744623.61,5,215.9,1,0,0,0,1,0,0,1,0,0,1,0,0
65.0,49,7915.95,1047731.53,1,150.58,1,0,1,0,0,0,0,1,0,0,1,0,0
24.0,67,19975.69,820982.42,8,82.69,1,0,0,0,0,1,0,0,0,0,0,0,0
38.0,19,22901.8,682213.32,1,263.29,1,1,0,0,0,0,0,1,0,1,0,0,0
59.0,1,49271.18,767200.27,5,233.22,0,0,0,1,0,0,0,0,0,0,1,0,0
43.0,29,18221.28,409125.36,8,251.53,1,0,1,0,0,0,0,0,1,0,0,1,0
61.0,33,25186.59,1792350.79,8,43.1,0,1,0,0,0,0,0,1,0,0,0,0,1
31.0,52,7733.36,846074.08,1,95.13,1,0,0,0,0,0,0,0,1,0,1,0,0
54.0,41,4208.59,1846758.36,8,128.04,0,0,0,1,0,0,0,0,1,0,1,0,0
38.0,23,43705.56,253681.89,15,251.67,1,0,0,1,0,0,0,1,0,0,1,0,0
35.0,5,36806.01,350793.09,7,267.97,1,0,0,0,1,0,0,0,0,0,0,0,0
22.0,71,16557.47,1610745.07,13,86.18,1,0,0,0,0,0,1,0,1,0,1,0,1
20.0,57,25724.32,1537035.18,6,206.24,0,1,0,0,0,0,0,1,0,0,1,0,1
40.0,6,7651.47,818172.23,12,24.27,0,0,0,1,0,0,0,0,1,0,0,1,0
43.0,49,35650.85,2482256.9,10,123.46,0,1,0,0,0,0,0,0,1,0,0,1,0
54.0,22,4446.2,565206.26,7,146.51,0,0,0,0,0,1,0,1,0,0,0,1,0
41.0,4,38094.62,1085180.07,9,229.92,1,0,1,0,0,0,0,0,1,0,1,0,0
66.0,72,27794.99,1668757.56,7,267.7,1,0,1,0,0,0,0,0,0,0,0,1,0
36.0,64,14663.68,2602297.25,0,101.85,1,0,0,0,0,0,1,0,0,1,0,0,1
68.0,37,43266.14,1258560.17,8,158.79,0,0,0,1,0,0,0,0,1,0,0,1,0
42.0,31,49317.52,1198809.86,5,194.59,1,0,0,0,0,1,0,0,1,0,0,1,0
38.0,37,13463.11,1740714.6,0,99.28,0,0,0,0,1,0,0,1,0,0,1,0,0
29.0,45,40506.06,953502.77,0,295.68,0,0,0,1,0,0,0,0,0,1,0,0,0
58.0,8,37758.15,2128973.89,12,262.86,0,1,0,0,0,0,0,0,1,0,0,1,0
50.0,40,37612.32,749844.34,6,89.62,0,0,0,0,0,0,0,0,0,0,1,0,1
67.0,5,47904.54,2470472.01,9,152.88,0,0,1,0,0,0,0,0,1,1,0,0,1
70.0,28,24844.24,820698.47,1,70.02,1,1,0,0,0,0,0,1,0,0,0,1,0
21.0,9,34034.23,2978139.98,5,154.84,0,0,0,0,0,0,1,1,0,0,1,0,0
59.0,2,41369.99,952805.11,12,205.32,0,0,1,0,0,0,0,0,0,1,0,0,0
24.0,63,24497.29,2637084.29,4,26.57,1,0,0,0,1,0,0,0,0,0,0,1,0
39.0,51,24590.13,1195081.08,4,261.17,0,0,1,0,0,0,0,0,1,1,0,0,1
50.0,31,16614.08,741934.25,9,178.53,0,0,0,0,0,0,0,0,1,1,0,0,0
34.0,7,39260.46,682358.94,14,296.89,1,0,0,0,0,1,0,0,1,0,1,0,0
41.0,30,34623.59,2551322.89,11,8.65,1,0,0,1,0,0,0,0,0,0,0,0,0
51.0,58,23105.86,929715.19,5,249.62,1,0,0,0,0,0,0,1,0,1,0,0,0
45.0,3,21547.5,1018996.21,13,237.8,0,0,0,0,0,1,0,1,0,1,0,0,0
60.0,51,4556.89,594994.2,10,40.72,1,0,0,0,0,0,0,0,0,1,0,0,1
58.0,56,1318.56,2884167.53,15,101.26,1,0,0,1,0,0,0,1,0,1,0,0,0
56.0,10,26915.8,738008.1,7,265.55,1,0,1,0,0,0,0,0,0,1,0,0,0
39.0,61,21457.15,746093.64,4,156.02,0,0,0,0,0,0,1,0,1,0,0,0,0
66.0,50,40005.8,2831974.18,7,120.98,1,0,0,1,0,0,0,0,0,0,1,0,0
34.0,47,27590.05,2703192.07,4,271.74,0,0,0,1,0,0,0,1,0,0,0,0,0
51.0,1,46898.6,750488.1,9,28.91,0,0,0,0,0,1,0,0,0,0,1,0,0
23.0,57,10610.9,2594853.08,14,142.46,1,1,0,0,0,0,0,0,0,0,0,0,0
63.0,38,49517.37,753220.52,5,196.06,0,0,1,0,0,0,0,0,0,0,1,0,1
23.0,62,15598.04,257970.17,7,182.95,0,0,0,1,0,0,0,0,0,0,0,1,0
51.0,70,32478.77,2461982.24,1,80.02,1,0,0,0,0,0,1,1,0,1,0,0,0
18.0,65,25590.83,2315816.68,6,169.43,0,1,0,0,0,0,0,0,1,0,1,0,0
27.0,62,18619.24,887528.03,2,212.86,1,0,1,0,0,0,0,1,0,0,1,0,0
38.0,56,7826.15,274966.26,8,175.88,0,0,0,0,1,0,0,1,0,1,0,0,1
22.0,67,7606.87,623284.46,9,205.65,0,0,0,0,0,0,0,0,1,0,0,1,1
19.0,17,35863.79,2314314.43,6,77.57,1,0,0,1,0,0,0,1,0,1,0,0,0
39.0,8,19504.43,2894419.71,14,250.02,1,0,0,0,0,0,1,0,1,0,1,0,0
65.0,60,48103.6,780711.21,2,135.46,0,0,1,0,0,0,0,0,1,0,1,0,0
19.0,40,16956.78,2455685.11,14,296.18,0,0,0,0,0,0,1,0,0,1,0,0,0
27.0,62,49192.66,687658.31,7,7.96,1,0,0,0,0,0,1,1,0,0,0,0,0
51.0,41,11065.74,2040403.17,9,114.71,0,0,0,0,0,1,0,0,1,1,0,0,1
33.0,12,6037.9,255422.34,1,54.96,0,0,0,0,0,0,0,1,0,0,1,0,0
65.0,54,16315.92,1757960.44,9,167.13,0,0,0,0,1,0,0,1,0,0,1,0,0
68.0,11,44393.65,811223.72,11,73.72,0,0,1,0,0,0,0,0,1,0,1,0,0
56.0,60,26570.75,2777908.62,7,221.51,1,0,0,1,0,0,0,0,0,0,0,1,1
39.0,68,7646.86,872803.91,6,264.68,1,0,0,0,1,0,0,0,1,1,0,0,0
29.0,46,10922.45,1198329.88,11,64.05,1,0,0,1,0,0,0,0,0,0,0,1,1
41.0,38,16251.77,2522833.94,4,49.04,1,1,0,0,0,0,0,0,1,1,0,0,0
64.0,61,29918.17,1317632.37,3,262.73,1,0,0,0,0,0,1,0,1,0,0,1,0
57.0,17,17286.57,719044.69,10,109.02,1,1,0,0,0,0,0,0,0,0,0,0,0
55.0,66,37605.65,1644895.24,9,130.94,0,0,0,0,0,1,0,0,0,0,1,0,0
27.0,72,31198.38,2520773.63,11,67.07,1,0,0,0,0,0,1,1,0,0,1,0,1
52.0,36,43817.36,1302366.95,13,128.17,0,0,0,0,0,0,0,0,1,1,0,0,0
68.0,7,25547.13,403001.03,9,70.16,0,0,0,0,1,0,0,1,0,0,1,0,0
66.0,16,17227.64,1152345.3,0,200.11,0,0,0,1,0,0,0,1,0,0,0,1,1
49.0,14,49817.31,2863653.02,12,150.16,1,0,0,0,0,1,0,0,0,0,0,0,0
24.0,25,18426.03,220704.75,3,236.63,0,0,0,0,0,0,0,0,0,0,0,1,1
38.0,4,22001.53,1228293.29,5,94.51,1,0,0,1,0,0,0,1,0,0,0,1,0
37.0,29,40647.23,1945846.24,14,152.17,0,0,0,0,1,0,0,0,0,1,0,0,0
43.0,56,5343.18,240160.59,5,78.6,0,0,1,0,0,0,0,0,1,0,1,0,0
21.0,6,19938.02,1038132.88,1,280.41,1,0,0,0,0,1,0,0,0,0,0,1,0
63.0,1,5199.79,2822032.17,8,157.06,0,1,0,0,0,0,0,0,0,1,0,0,0
69.0,39,7825.99,96753.9,12,52.87,0,1,0,0,0,0,0,0,1,0,0,1,0
39.0,1,1227.4,2256466.93,12,82.56,0,0,0,1,0,0,0,0,0,0,0,1,0
32.0,63,1467.67,2524918.02,0,25.79,0,0,0,1,0,0,0,1,0,0,0,1,1
57.0,57,19634.11,834796.87,3,9.32,1,0,0,1,0,0,0,1,0,1,0,0,0
38.0,67,40649.03,648069.54,3,158.25,0,0,0,0,0,1,0,1,0,0,0,0,0
32.0,65,29763.21,2744888.58,1,101.8,0,0,0,0,1,0,0,0,0,0,0,1,0
39.0,65,32110.79,2293185.08,7,289.17,1,0,1,0,0,0,0,0,0,0,0,1,0
69.0,21,26443.21,344575.23,10,52.23,0,1,0,0,0,0,0,0,0,1,0,0,0
45.0,30,41169.86,640530.78,1,238.38,0,0,0,0,0,0,0,1,0,0,1,0,0
31.0,33,44138.56,1865958.69,1,95.48,0,0,0,0,0,0,1,0,0,0,0,0,0
44.0,48,42637.3,1261153.7,14,67.84,0,0,0,0,0,1,0,0,1,1,0,0,0
58.0,22,40794.47,1515002.24,1,290.92,1,0,0,0,0,1,0,0,0,0,1,0,0
57.0,54,9952.94,2854869.59,14,240.97,0,0,0,0,1,0,0,1,0,1,0,0,0
45.0,4,30099.94,1263605.21,0,189.56,1,1,0,0,0,0,0,0,1,1,0,0,1
43.0,55,29526.0,2645637.58,12,209.44,0,0,1,0,0,0,0,0,1,0,0,0,1
66.0,44,26869.26,1983930.43,4,297.42,0,0,0,0,1,0,0,1,0,0,0,0,0
19.0,12,24559.83,369250.28,10,178.37,0,0,0,0,0,0,0,0,1,0,0,0,0
44.0,52,5369.35,2234798.57,15,31.47,1,1,0,0,0,0,0,0,1,0,0,0,0
20.0,65,6006.0,1563026.18,3,20.39,0,0,0,0,1,0,0,0,1,0,1,0,0
25.0,65,45211.8,679166.26,1,200.32,0,1,0,0,0,0,0,0,1,0,0,1,1
61.0,10,31879.14,872200.22,0,197.62,1,1,0,0,0,0,0,0,1,1,0,0,0
50.0,18,13853.54,1674210.61,0,224.7,1,0,0,0,0,1,0,0,0,0,0,0,0
59.0,47,14685.72,1807098.96,1,33.52,1,0,1,0,0,0,0,1,0,0,0,1,0
69.0,66,30899.55,2904688.33,0,283.53,1,0,0,0,0,1,0,1,0,0,1,0,0
52.0,49,20939.81,2564886.81,8,165.8,0,0,0,0,0,0,1,0,0,0,0,0,0
23.0,72,22624.88,621488.66,14,195.22,0,0,1,0,0,0,0,0,0,1,0,0,0
56.0,22,3971.85,2323106.25,1,11.42,0,1,0,0,0,0,0,1,0,0,0,1,1
69.0,26,7798.22,29833.97,2,288.33,0,0,0,0,1,0,0,1,0,0,0,0,0
40.0,9,20274.17,393776.34,8,169.21,1,0,0,0,0,0,0,0,0,1,0,0,1
42.0,21,35284.63,603102.75,4,169.45,0,0,1,0,0,0,0,0,0,0,0,1,0
67.0,63,3353.24,1793612.06,13,283.12,0,0,0,0,0,0,1,0,1,1,0,0,0
60.0,6,17393.33,588081.59,12,278.88,0,1,0,0,0,0,0,0,0,0,1,0,1
36.0,14,35058.53,1098992.46,7,66.87,0,0,0,0,0,0,0,0,0,0,0,0,0
22.0,33,39810.49,732125.45,6,279.4,1,0,0,1,0,0,0,0,1,0,0,0,0
68.0,71,10320.81,1015562.79,14,221.25,0,0,0,0,0,1,0,0,1,1,0,0,0
28.0,24,36842.87,2827642.08,15,6.65,0,0,0,0,0,1,0,1,0,0,0,1,1
29.0,51,47815.17,2992142.18,13,72.71,0,0,1,0,0,0,0,1,0,0,0,0,1
27.0,2,45433.8,2058737.71,5,124.48,1,0,1,0,0,0,0,0,0,1,0,0,0
25.0,15,39679.43,1719062.08,12,175.26,1,0,1,0,0,0,0,0,1,0,1,0,0
41.0,35,35904.01,2126801.3,1,210.7,0,0,0,0,0,0,0,0,1,0,0,0,0
45.0,36,12521.78,2316098.34,15,63.85,0,0,0,0,0,1,0,1,0,1,0,0,0
58.0,39,32061.26,2218343.17,13,251.17,0,0,0,0,1,0,0,1,0,0,0,1,1
53.0,4,32520.43,250268.12,12,253.87,1,0,0,0,0,0,1,0,0,0,0,0,1
54.0,64,20934.25,934328.79,3,190.86,0,0,0,0,0,0,1,0,1,0,0,0,0
38.0,6,25157.76,1033576.99,8,276.41,0,1,0,0,0,0,0,1,0,0,1,0,1
25.0,57,35007.4,1110917.15,6,244.08,0,0,0,1,0,0,0,0,0,1,0,0,0
26.0,30,47652.98,1036219.77,2,67.27,1,0,0,0,1,0,0,0,0,0,0,1,0
64.0,67,15470.0,2362341.43,5,239.8,0,0,0,0,0,1,0,0,0,0,1,0,0
32.0,15,13071.79,2244075.98,7,286.01,0,1,0,0,0,0,0,1,0,0,1,0,0
65.0,17,30488.54,18777.91,7,42.14,1,1,0,0,0,0,0,1,0,0,1,0,0
63.0,18,7409.16,892662.66,7,293.63,1,0,1,0,0,0,0,1,0,1,0,0,0
57.0,19,29544.11,1872872.63,12,8.47,0,0,0,1,0,0,0,1,0,1,0,0,0
35.0,69,5353.72,365195.54,7,157.13,1,0,0,0,0,1,0,1,0,0,0,0,0
59.0,24,25038.61,218238.89,9,232.39,0,0,0,1,0,0,0,0,1,1,0,0,1
37.0,48,31400.3,2486052.37,14,237.34,1,0,0,0,1,0,0,0,1,0,1,0,0
23.0,30,4435.37,1360789.4,5,220.67,1,0,0,1,0,0,0,0,1,1,0,0,1
29.0,15,11140.7,2567783.67,10,159.28,0,1,0,0,0,0,0,0,1,0,0,1,0
19.0,47,17433.34,2471540.42,14,195.64,0,0,0,1,0,0,0,0,0,0,0,0,0
24.0,44,19061.34,2680644.71,9,210.28,0,0,0,1,0,0,0,0,0,0,1,0,0
33.0,27,34129.13,149582.32,10,148.87,1,0,0,0,0,0,1,0,1,0,0,0,0
20.0,64,26922.05,562459.55,2,179.11,0,0,0,0,0,1,0,1,0,1,0,0,0
62.0,41,19723.32,891948.78,8,254.06,0,0,0,0,0,1,0,0,1,0,0,0,0
20.0,68,23083.14,413010.01,13,94.55,0,1,0,0,0,0,0,0,1,0,0,0,0
44.0,5,1635.86,1458982.11,13,157.44,0,0,0,0,0,0,0,0,0,1,0,0,1
67.0,53,38755.74,2397935.79,13,3.54,0,0,0,1,0,0,0,1,0,0,0,0,0
60.0,8,3009.23,2853789.52,2,206.54,1,0,0,1,0,0,0,0,0,1,0,0,0
57.0,22,41636.56,2669274.53,11,59.42,0,0,1,0,0,0,0,1,0,0,1,0,0
55.0,7,27508.83,1374723.36,11,144.82,0,0,0,0,0,1,0,0,0,0,0,0,1
50.0,22,26863.14,1911290.85,14,63.85,1,0,0,1,0,0,0,0,1,0,0,1,1
45.0,46,35524.35,695934.89,3,8.04,0,0,0,0,0,1,0,1,0,0,0,1,0
18.0,30,43118.42,1212011.95,15,145.48,0,0,0,1,0,0,0,0,0,0,1,0,0
25.0,16,47189.66,2614191.87,14,128.03,0,0,0,0,0,0,1,0,1,1,0,0,0
54.0,5,27625.12,92446.58,9,128.12,0,1,0,0,0,0,0,0,0,1,0,0,0
49.0,67,8382.25,1600614.02,0,63.43,0,0,0,0,0,1,0,0,0,0,0,0,0
65.0,23,44052.92,2619030.9,1,284.21,1,0,0,0,1,0,0,0,0,0,0,0,0
60.0,61,2992.93,370419.57,5,2.05,1,1,0,0,0,0,0,0,1,0,0,1,1
54.0,5,40559.52,2947725.87,13,267.57,1,0,1,0,0,0,0,1,0,0,0,1,0
21.0,23,34340.66,42112.43,12,221.33,0,1,0,0,0,0,0,0,0,1,0,0,1
47.0,25,45331.65,2658929.43,13,52.45,1,0,0,1,0,0,0,0,1,0,0,1,0
23.0,8,44975.69,1064249.36,11,142.19,0,0,1,0,0,0,0,0,0,1,0,0,0
63.0,21,3604.55,402408.29,0,296.67,0,1,0,0,0,0,0,1,0,0,1,0,1
36.0,2,30862.87,476287.73,11,193.47,0,0,1,0,0,0,0,0,0,0,1,0,0
49.0,22,7108.9,2105030.26,8,39.09,1,0,0,0,1,0,0,0,1,0,0,1,0
26.0,72,4844.96,2612805.43,7,137.84,1,1,0,0,0,0,0,0,0,0,0,0,1
29.0,72,22965.58,1924993.73,1,140.99,1,0,0,0,0,1,0,0,0,0,0,1,0
28.0,68,5782.28,2786531.29,13,240.88,0,0,0,0,0,1,0,1,0,0,0,1,0
63.0,64,36667.22,2528223.99,1,274.93,1,0,0,0,0,0,0,1,0,0,0,1,0
33.0,19,48478.09,32050.26,7,25.59,0,0,0,1,0,0,0,1,0,0,0,0,0
18.0,53,28909.56,2009941.84,11,94.9,1,0,1,0,0,0,0,0,0,0,0,1,0
62.0,52,12523.27,917380.89,10,90.23,1,0,0,0,0,0,0,0,1,0,0,0,0
70.0,47,42317.11,1366227.54,7,298.82,0,0,0,0,0,0,0,0,0,0,0,1,1
38.0,54,42802.07,286622.09,0,168.21,0,0,0,0,0,0,1,0,0,0,0,0,0
47.0,44,36906.51,849886.99,13,264.07,1,0,1,0,0,0,0,0,0,0,0,0,0
30.0,7,31141.48,1899894.47,4,128.38,1,0,0,0,0,0,0,0,0,0,0,0,0
51.0,1,43521.83,659054.48,14,217.09,1,0,0,0,0,0,1,1,0,0,0,0,1
21.0,63,9001.29,1944372.32,10,86.69,0,0,0,0,0,0,0,1,0,0,0,0,1
45.0,39,46648.41,2769481.35,15,273.62,0,0,0,1,0,0,0,1,0,0,1,0,0
55.0,19,47412.95,19796.21,1,137.09,1,0,0,0,1,0,0,1,0,1,0,0,0
48.0,31,43727.63,2358383.31,0,241.31,1,0,0,0,0,0,1,0,1,1,0,0,0
44.0,24,13282.44,1925750.05,2,77.49,0,0,0,0,1,0,0,0,0,0,0,0,1
22.0,69,43050.74,144665.12,14,208.39,1,0,1,0,0,0,0,0,0,1,0,0,0
42.0,65,25384.27,2371550.58,12,122.14,0,0,0,1,0,0,0,0,0,0,0,0,0
20.0,33,30151.58,677440.5,2,10.4,0,0,0,0,0,0,1,0,1,0,0,1,0
50.0,59,42189.43,801132.52,12,124.49,0,0,1,0,0,0,0,0,1,0,1,0,0
21.0,33,2449.56,285079.47,9,165.46,0,0,0,0,0,0,0,1,0,0,0,1,0
42.0,32,18784.19,1605467.55,15,46.38,0,0,0,0,0,1,0,0,0,0,0,1,0
37.0,59,25186.59,1497180.1,8,55.99,0,1,0,0,0,0,0,0,0,0,0,0,0
51.0,41,40883.78,1044787.65,9,139.99,1,0,1,0,0,0,0,0,1,0,0,1,1
43.0,12,42585.71,510417.65,0,103.48,0,0,0,0,1,0,0,0,0,0,1,0,0
22.0,11,9291.58,2514670.9,10,132.78,0,0,0,1,0,0,0,0,1,0,0,1,0
52.0,19,35588.44,2629753.4,1,138.79,1,0,0,1,0,0,0,1,0,0,1,0,1
45.0,54,8178.66,1624035.93,8,42.88,0,0,1,0,0,0,0,0,1,0,1,0,0
46.0,57,39469.8,736454.87,13,55.18,1,0,0,0,0,0,0,0,0,0,0,0,1
26.0,42,13011.17,292849.65,4,254.6,0,1,0,0,0,0,0,0,1,0,1,0,0
69.0,71,37153.07,2606289.78,8,49.65,1,0,0,0,1,0,0,0,1,0,0,1,1
55.0,31,23295.08,292677.9,5,200.11,1,0,1,0,0,0,0,1,0,0,0,0,1
67.0,52,49326.91,44474.21,9,126.14,0,0,1,0,0,0,0,0,0,0,1,0,0
23.0,2,29414.8,1410845.74,9,290.5,0,0,0,0,0,1,0,0,0,0,1,0,0
36.0,38,31996.39,2195156.71,2,20.77,0,0,0,1,0,0,0,1,0,1,0,0,0
61.0,32,19040.01,1375323.33,7,249.29,0,0,0,0,1,0,0,0,1,0,0,0,1
28.0,10,36991.49,158974.77,12,147.94,1,1,0,0,0,0,0,0,1,1,0,0,0
19.0,8,25249.4,2071637.19,8,2.6,1,0,0,1,0,0,0,0,0,0,1,0,0
64.0,20,1885.27,1928786.2,1,79.83,1,0,1,0,0,0,0,0,1,1,0,0,0
61.0,20,30820.5,2046181.54,8,122.9,0,1,0,0,0,0,0,1,0,0,0,1,0
61.0,9,41692.52,637551.46,3,94.94,1,0,0,1,0,0,0,0,0,0,0,1,0
26.0,72,12603.29,2388116.74,7,109.37,0,0,0,0,0,0,1,0,1,0,1,0,0
38.0,15,11832.12,1440108.79,4,275.08,0,0,0,1,0,0,0,1,0,1,0,0,0
41.0,63,30835.42,1611376.67,12,108.92,1,0,0,0,0,0,0,1,0,1,0,0,0
51.0,21,41080.98,1639760.88,5,126.23,0,0,0,1,0,0,0,0,0,0,0,0,0
39.0,5,13231.4,863985.28,3,228.58,1,0,0,0,0,0,0,0,0,0,0,1,0
20.0,35,46680.87,754151.64,4,238.36,0,0,0,0,1,0,0,0,1,0,0,1,0
29.0,68,46441.98,19274.56,11,26.14,1,0,0,1,0,0,0,0,1,0,0,0,0
45.0,48,10826.3,1192847.97,0,211.52,0,1,0,0,0,0,0,0,1,0,0,1,0
47.0,62,13925.44,1457883.44,14,145.29,1,0,0,0,0,0,0,1,0,1,0,0,0
43.0,35,35329.34,2229697.22,11,41.02,1,0,0,0,0,0,0,1,0,1,0,0,0
65.0,70,47634.92,204547.75,2,80.15,0,0,1,0,0,0,0,0,1,0,0,1,0
38.0,21,35784.25,2772348.29,13,14.47,0,0,0,0,1,0,0,0,0,0,0,0,0
45.0,39,22800.1,795555.61,3,108.71,1,0,0,1,0,0,0,1,0,0,1,0,0
43.0,34,9281.07,1103328.47,0,77.37,0,0,0,0,0,1,0,1,0,0,1,0,0
50.0,15,23589.48,149845.58,12,115.25,0,1,0,0,0,0,0,0,1,0,1,0,0
38.0,6,30731.62,1961143.55,2,174.52,0,0,1,0,0,0,0,0,0,0,1,0,1
52.0,66,17216.64,2128223.78,3,219.97,1,0,0,0,1,0,0,1,0,1,0,0,0
69.0,56,26002.63,2786729.7,15,182.0,1,0,0,0,0,0,0,0,0,0,1,0,0
51.0,49,7380.49,1013802.86,15,203.83,0,1,0,0,0,0,0,1,0,1,0,0,1
58.0,1,23157.22,775819.35,13,259.83,0,0,0,1,0,0,0,0,0,1,0,0,1
68.0,65,5448.02,2179629.08,15,262.27,1,0,0,0,0,1,0,0,0,0,1,0,0
64.0,28,3405.35,2121868.66,13,258.36,0,0,0,0,0,0,1,1,0,0,1,0,0
35.0,20,43004.76,2811686.55,8,46.8,1,0,0,0,0,0,1,0,0,0,1,0,0
28.0,48,11049.0,619929.28,2,76.07,0,0,0,0,1,0,0,1,0,0,0,1,1
40.0,72,29182.61,2117351.4,10,151.2,0,0,0,0,0,1,0,1,0,0,0,1,1
65.0,65,8300.16,205271.39,15,108.26,0,1,0,0,0,0,0,0,0,0,0,0,1
39.0,51,13863.85,1443702.48,2,40.37,1,0,1,0,0,0,0,1,0,1,0,0,0
34.0,43,18705.63,362575.38,3,87.04,1,1,0,0,0,0,0,0,0,0,1,0,0
22.0,49,8040.15,1961172.23,8,292.65,1,0,0,0,0,1,0,1,0,0,0,1,0
61.0,25,3252.15,1806392.95,8,104.73,1,0,0,0,0,0,0,0,0,0,0,0,0
28.0,41,43980.83,151254.64,0,126.26,0,0,0,0,0,0,1,1,0,1,0,0,0
47.0,71,1579.81,962255.38,14,2.91,0,0,0,0,1,0,0,1,0,1,0,0,1
32.0,64,4004.73,1188125.73,7,216.11,1,0,0,1,0,0,0,0,1,1,0,0,1
44.0,61,40448.54,747940.51,9,124.65,0,1,0,0,0,0,0,1,0,0,0,1,1
52.0,12,14818.41,120816.78,12,31.84,0,0,0,0,0,0,1,1,0,0,1,0,0
50.0,69,36418.19,959871.58,0,290.6,1,0,1,0,0,0,0,0,0,0,1,0,0
37.0,14,8165.06,2378911.58,1,233.45,0,0,0,0,1,0,0,0,0,1,0,0,0
33.0,34,12626.81,1083526.72,9,218.12,0,0,0,1,0,0,0,0,0,1,0,0,1
51.0,48,29066.05,973492.42,10,287.4,1,1,0,0,0,0,0,0,0,0,0,0,1
19.0,61,49443.16,2825550.65,4,122.84,0,0,1,0,0,0,0,0,1,0,0,0,0
52.0,35,4598.78,129684.0,10,215.84,0,0,0,1,0,0,0,0,1,1,0,0,0
57.0,65,20627.18,2303028.15,12,62.66,0,0,0,0,0,0,0,0,0,0,0,0,0
45.0,59,3110.97,1451865.33,14,209.44,1,0,0,0,0,0,1,0,0,0,0,1,0
64.0,36,10762.1,2833665.21,10,5.21,1,0,0,0,0,0,0,0,0,1,0,0,1
56.0,19,45466.08,1183444.88,13,38.77,0,0,0,0,0,0,1,0,0,0,0,0,0
23.0,42,5726.55,2125586.8,15,128.15,0,0,1,0,0,0,0,1,0,1,0,0,0
26.0,69,42985.94,214456.42,15,4.62,0,0,0,0,0,0,0,0,0,0,1,0,0
37.0,19,9712.36,2786673.41,11,139.13,1,0,0,0,0,0,1,1,0,0,0,1,1
18.0,39,43227.46,1036905.29,12,157.31,1,0,0,0,1,0,0,0,0,1,0,0,0
25.0,69,27363.08,1574393.7,5,186.86,1,0,1,0,0,0,0,0,1,0,1,0,1
40.0,52,44032.13,419752.42,1,31.02,0,0,0,0,0,0,1,0,1,1,0,0,0
20.0,12,8433.48,2836945.82,9,55.12,0,1,0,0,0,0,0,0,0,0,1,0,1
21.0,47,38339.79,2020546.36,4,184.37,0,0,0,0,0,0,1,0,1,0,0,0,0
42.0,36,34354.23,166572.69,2,197.8,0,0,0,0,0,0,0,0,1,0,1,0,0
64.0,63,27603.74,469844.3,6,8.74,0,0,0,0,1,0,0,0,1,0,0,1,0
55.0,51,40718.78,1202502.82,11,162.57,1,1,0,0,0,0,0,0,1,0,0,1,0
32.0,43,32765.53,654229.18,11,235.71,0,0,0,1,0,0,0,1,0,0,0,0,0
38.0,34,43975.3,917353.58,0,21.66,0,0,0,0,0,0,1,1,0,1,0,0,0
52.0,49,19672.05,2992486.03,4,124.54,0,0,0,1,0,0,0,1,0,0,0,1,0
70.0,18,29906.24,1977652.85,11,98.63,1,0,0,0,0,0,1,1,0,0,0,0,0
70.0,61,43659.44,2767041.72,2,274.19,0,0,0,0,1,0,0,0,0,0,0,1,0
63.0,57,11525.89,1310216.13,10,56.55,1,0,0,1,0,0,0,0,1,0,0,0,0
69.0,5,24801.33,2132295.44,1,96.19,1,0,0,0,0,0,0,0,1,0,0,1,0
31.0,24,48076.35,1381772.43,11,269.63,1,0,0,0,0,0,0,0,0,0,0,0,0
53.0,64,24206.49,988032.51,11,99.87,1,1,0,0,0,0,0,0,0,0,0,1,1
29.0,59,13388.64,1559923.57,2,159.87,1,0,0,0,0,0,1,1,0,1,0,0,0
34.0,38,18202.74,1284796.57,9,10.88,0,0,0,1,0,0,0,1,0,0,1,0,1
56.0,33,44369.12,2941719.24,3,295.49,0,0,0,0,0,0,0,0,1,0,0,1,1
26.0,10,47789.27,1491018.38,14,247.66,1,0,0,0,0,1,0,0,0,0,0,0,0
52.0,37,47555.27,2434283.83,14,190.69,1,0,0,0,1,0,0,0,1,1,0,0,0
30.0,11,35248.18,2002124.31,10,19.17,1,0,0,0,1,0,0,0,0,0,0,1,1
32.0,24,25970.49,1441483.58,1,23.39,0,0,0,0,0,1,0,1,0,0,0,0,0
35.0,71,9951.76,1425079.47,1,163.95,0,0,0,0,0,1,0,0,1,0,1,0,0
68.0,21,7037.83,1028960.9,2,86.23,1,1,0,0,0,0,0,0,1,0,0,0,1
50.0,20,3928.56,325410.51,1,187.21,0,0,0,0,1,0,0,0,0,0,0,1,0
23.0,10,1868.03,2285600.64,13,179.86,0,0,0,0,1,0,0,0,1,0,0,0,1
44.0,47,44027.72,2754693.91,5,251.76,1,0,0,1,0,0,0,1,0,0,0,0,0
40.0,47,40645.23,657774.79,1,85.13,1,0,0,0,0,0,1,0,1,0,1,0,0
44.0,15,28823.25,2777392.11,0,173.78,0,0,1,0,0,0,0,0,0,0,0,1,0
51.0,44,49937.44,700751.13,15,233.43,0,0,0,0,1,0,0,0,1,0,0,1,0
63.0,62,47699.55,1592586.91,7,147.74,0,0,0,0,1,0,0,1,0,0,1,0,0
55.0,6,33100.34,1034147.88,9,249.36,1,0,1,0,0,0,0,0,0,1,0,0,0
31.0,66,23764.15,347953.81,14,40.25,1,0,0,0,1,0,0,0,0,0,0,0,1
53.0,4,8456.37,163250.93,3,220.44,1,0,0,1,0,0,0,1,0,0,0,0,1
70.0,23,26264.1,1099212.86,1,282.95,0,0,0,1,0,0,0,0,0,0,0,0,0
25.0,13,8729.44,146794.87,3,100.23,0,0,1,0,0,0,0,0,0,0,0,1,0
52.0,31,20524.11,317098.28,10,110.53,1,0,0,0,0,0,0,0,1,0,0,1,0
36.0,16,47189.76,431181.25,1,25.98,0,0,0,0,1,0,0,0,0,0,0,0,0
47.0,41,17756.97,10737.54,10,192.81,1,0,0,0,0,0,0,0,1,0,0,1,0
31.0,1,8486.58,463990.39,15,166.18,0,0,0,0,1,0,0,1,0,0,1,0,0
37.0,12,29537.43,1733949.65,4,13.06,1,0,0,0,0,0,1,1,0,0,1,0,0
66.0,56,30515.84,2459471.75,6,225.91,0,0,0,0,1,0,0,1,0,0,0,1,0
42.0,50,10496.41,584322.73,5,248.96,0,0,0,1,0,0,0,1,0,0,0,0,0
57.0,20,10632.74,247213.45,1,272.23,1,1,0,0,0,0,0,0,0,0,0,0,0
41.0,66,49487.94,2189895.02,10,164.17,1,0,0,0,0,1,0,0,0,0,0,0,0
31.0,36,12920.77,29447.32,12,136.32,1,1,0,0,0,0,0,0,1,0,0,0,0
43.0,38,42071.41,2203815.5,3,262.97,1,1,0,0,0,0,0,0,1,0,0,1,0
55.0,22,24045.87,397696.12,15,120.21,1,1,0,0,0,0,0,0,1,1,0,0,1
40.0,61,22314.47,688713.76,7,196.98,0,0,0,0,0,1,0,0,0,1,0,0,0
39.0,50,15453.16,364609.38,11,184.99,1,0,0,0,0,0,0,0,1,0,0,0,0
65.0,59,38917.46,745777.78,15,112.28,1,0,0,0,0,1,0,0,0,0,0,0,0
44.0,20,44152.38,2395536.94,13,26.98,1,0,0,0,0,0,0,1,0,0,0,0,1
63.0,36,13795.25,401969.59,13,7.4,1,0,0,0,0,1,0,0,0,1,0,0,0
68.0,15,5659.74,2982526.07,6,129.04,1,0,0,0,0,1,0,1,0,0,1,0,1
20.0,62,7709.06,984657.84,6,144.88,0,0,0,0,1,0,0,0,1,1,0,0,1
59.0,3,39847.37,2766294.54,11,246.98,1,0,0,0,0,0,0,0,0,0,0,1,1
36.0,5,22355.52,574149.07,11,124.91,1,0,0,0,1,0,0,0,1,1,0,0,1
26.0,56,7463.82,567753.07,3,85.07,1,0,0,0,0,0,1,0,1,0,0,1,0
45.0,31,17674.12,1698180.37,0,139.17,0,0,0,0,1,0,0,1,0,0,0,0,0
37.0,35,26197.54,156547.25,6,72.16,0,1,0,0,0,0,0,0,1,0,0,1,1
62.0,71,42750.53,2404003.68,5,28.32,1,0,1,0,0,0,0,0,0,0,0,0,0
24.0,70,32445.42,1321647.68,7,34.8,1,0,1,0,0,0,0,0,1,0,1,0,0
31.0,26,9625.61,2099093.44,10,96.43,0,0,0,1,0,0,0,1,0,0,0,0,0
26.0,1,8776.43,528023.45,12,4.79,0,0,0,1,0,0,0,1,0,0,0,0,0
36.0,7,21204.38,1928860.27,4,66.84,0,0,0,0,1,0,0,0,1,0,1,0,0
64.0,36,4684.45,1784241.61,7,236.47,1,0,0,0,0,1,0,1,0,0,0,0,0
69.0,25,38023.28,2268205.45,9,71.15,1,0,0,0,0,1,0,0,1,0,0,0,0
31.0,59,20671.24,895716.87,10,34.11,0,0,1,0,0,0,0,1,0,0,0,0,1
55.0,61,17808.16,2799830.9,13,284.78,1,1,0,0,0,0,0,0,1,1,0,0,0
70.0,29,25946.31,2884096.7,7,187.12,0,0,0,0,0,0,0,0,1,0,0,1,1
53.0,18,35738.88,2605030.22,15,18.95,0,1,0,0,0,0,0,0,0,0,0,0,0
57.0,41,28898.0,1718241.13,8,19.61,0,1,0,0,0,0,0,0,0,1,0,0,0
34.0,19,40317.74,1263763.37,0,184.02,1,0,0,0,1,0,0,0,1,0,0,0,0
47.0,4,31838.77,178687.29,2,162.5,0,0,0,0,1,0,0,0,0,0,0,1,0
26.0,65,39610.54,2841947.27,11,21.44,0,0,0,0,0,0,1,0,0,0,0,0,0
50.0,41,35142.33,2855585.12,11,68.07,1,1,0,0,0,0,0,1,0,0,0,1,0
69.0,15,10463.02,60971.92,10,278.78,0,0,0,0,0,1,0,0,0,1,0,0,0
42.0,54,3565.37,1073878.2,5,172.03,1,0,0,0,0,1,0,1,0,1,0,0,1
31.0,64,45266.44,2640708.92,12,132.66,0,1,0,0,0,0,0,0,0,0,0,0,0
28.0,72,47337.15,247151.84,3,75.8,1,0,0,0,1,0,0,0,0,0,1,0,0
70.0,15,36619.68,593716.3,7,40.98,0,0,0,0,1,0,0,0,1,0,0,1,0
52.0,50,36486.09,2936138.56,9,121.39,0,0,0,0,0,0,1,0,0,0,0,0,0
58.0,22,14237.21,2542629.99,13,276.79,0,0,0,0,0,0,1,0,1,1,0,0,0
31.0,18,27579.64,2736630.16,13,15.56,0,0,0,1,0,0,0,0,1,0,0,0,0
47.0,2,49619.74,430752.48,0,297.3,0,0,1,0,0,0,0,0,1,0,0,1,0
58.0,36,42951.04,637891.3,14,63.14,1,1,0,0,0,0,0,0,1,0,0,0,0
21.0,20,15915.32,1818222.67,11,123.22,1,0,0,0,0,1,0,0,0,0,0,1,1
21.0,16,15751.25,1507705.97,4,14.47,0,1,0,0,0,0,0,0,1,1,0,0,0
45.0,67,24695.29,899017.65,13,175.85,0,0,0,0,0,0,1,0,0,0,1,0,0
25.0,30,20825.33,2652119.67,3,145.58,0,0,0,0,0,0,1,0,0,0,1,0,0
19.0,55,19186.5,2704658.9,11,200.35,1,0,0,1,0,0,0,1,0,1,0,0,0
58.0,66,31721.62,878593.61,0,163.26,1,0,1,0,0,0,0,1,0,1,0,0,0
63.0,26,1563.13,471480.66,9,120.06,0,0,0,1,0,0,0,1,0,0,0,0,0
39.0,57,38403.64,451531.8,5,221.59,1,0,0,0,0,1,0,0,1,1,0,0,0
58.0,69,37262.6,1455853.46,14,8.48,0,0,1,0,0,0,0,0,0,1,0,0,0
33.0,2,41685.96,403090.89,9,162.77,0,1,0,0,0,0,0,0,0,0,0,1,0
46.0,56,42231.08,1422653.97,12,35.05,0,1,0,0,0,0,0,0,1,0,0,0,0
66.0,62,28753.59,1388492.55,14,131.37,1,0,0,1,0,0,0,1,0,0,0,1,0
65.0,34,39223.62,2652910.09,2,237.55,0,0,0,0,0,0,1,1,0,0,0,0,1
47.0,56,25127.36,892150.27,10,43.6,0,0,0,1,0,0,0,0,0,0,0,0,0
29.0,55,47624.96,1684154.11,14,280.81,0,0,0,0,0,0,0,0,0,0,1,0,1
52.0,20,10344.23,2231782.09,10,266.66,1,0,0,1,0,0,0,0,0,0,1,0,0
28.0,50,45865.24,1789764.81,4,125.06,1,1,0,0,0,0,0,1,0,1,0,0,0
63.0,25,13667.99,2862433.2,15,2.79,1,0,0,0,0,0,0,0,0,0,0,0,0
67.0,25,6033.45,1808821.05,5,237.13,0,0,0,0,0,0,1,1,0,1,0,0,0
38.0,53,22516.12,2706077.22,3,264.39,1,0,0,0,0,0,1,1,0,0,0,1,0
38.0,14,31130.94,738943.89,15,53.25,0,0,0,0,1,0,0,1,0,1,0,0,0
22.0,60,12318.5,1684454.55,9,274.94,1,0,0,0,0,0,0,0,1,0,0,1,0
65.0,43,28234.02,1632201.25,9,274.32,0,0,0,0,1,0,0,0,1,0,1,0,0
37.0,62,40586.77,2968409.07,11,141.92,1,0,0,0,1,0,0,0,0,0,1,0,0
54.0,69,13597.16,617496.41,5,239.61,0,1,0,0,0,0,0,1,0,0,0,1,0
20.0,63,29435.79,427275.23,6,134.04,1,0,0,1,0,0,0,0,0,0,0,1,0
61.0,2,17626.32,1836957.87,1,169.65,1,0,0,0,0,0,1,1,0,0,0,1,0
50.0,54,26958.65,674957.97,13,96.63,1,0,0,0,0,0,1,0,0,1,0,0,0
70.0,16,33679.03,1919270.26,14,48.68,0,0,0,1,0,0,0,0,0,0,0,1,0
26.0,55,18170.71,2917604.82,6,224.21,1,0,0,0,0,0,1,0,1,0,0,0,0
26.0,43,49729.66,2839785.46,6,1.42,1,0,0,1,0,0,0,0,1,0,0,1,0
44.0,61,28624.98,697153.56,1,174.29,1,0,0,0,0,0,0,0,1,0,1,0,1
52.0,38,41398.62,516834.56,2,259.54,1,1,0,0,0,0,0,0,1,0,0,1,0
34.0,45,36531.63,1684414.17,2,67.16,0,1,0,0,0,0,0,1,0,0,1,0,0
51.0,51,42787.46,1762397.98,0,100.54,1,0,0,0,0,1,0,0,0,0,1,0,0
41.0,42,9516.25,1988438.96,0,176.66,0,1,0,0,0,0,0,0,0,1,0,0,0
49.0,24,11905.13,2225765.32,9,74.81,0,0,0,1,0,0,0,1,0,0,0,1,1
18.0,30,24883.15,1804867.15,10,254.4,0,0,0,0,0,1,0,1,0,0,1,0,0
25.0,37,42764.11,339700.25,5,110.61,0,0,0,1,0,0,0,0,0,0,0,0,1
62.0,53,10682.72,2371523.12,8,174.9,1,0,1,0,0,0,0,0,1,0,0,1,0
40.0,63,48582.23,243153.97,8,68.61,0,0,0,0,0,1,0,0,1,0,0,1,0
64.0,11,7252.51,64878.1,10,13.37,0,0,0,0,0,0,1,0,1,0,1,0,0
57.0,23,9578.82,2310126.3,13,52.94,0,0,0,0,0,0,1,1,0,1,0,0,1
29.0,50,9194.46,1647330.49,0,14.81,0,0,1,0,0,0,0,0,0,1,0,0,0
29.0,55,29714.29,2097281.3,11,141.11,1,0,1,0,0,0,0,1,0,0,0,1,0
63.0,55,45959.51,1151328.24,6,176.4,1,1,0,0,0,0,0,0,0,0,0,1,0
64.0,4,13500.46,38222.02,5,14.36,0,0,1,0,0,0,0,0,1,1,0,0,1
32.0,54,28098.81,996390.97,3,28.05,0,0,0,1,0,0,0,0,1,1,0,0,0
58.0,61,9612.85,1826365.02,10,146.17,0,0,0,0,1,0,0,0,1,0,0,0,0
36.0,5,31925.71,680980.7,2,239.95,1,0,0,1,0,0,0,0,0,0,0,1,0
43.0,18,7039.07,2064973.98,8,188.77,1,0,0,0,0,1,0,0,1,0,0,1,1
69.0,44,25074.23,2384231.02,9,32.31,1,0,1,0,0,0,0,0,0,0,0,1,0
46.0,31,33103.91,1365529.66,4,266.38,1,0,0,0,0,0,1,1,0,1,0,0,0
39.0,21,29377.27,2627785.29,7,275.32,1,0,0,1,0,0,0,0,1,0,1,0,0
57.0,47,7860.02,2565175.61,3,98.16,0,0,0,0,0,0,1,1,0,0,0,0,0
38.0,30,8907.3,2634783.57,3,185.19,1,0,0,1,0,0,0,1,0,1,0,0,0
68.0,55,25186.59,1984805.91,15,148.21,1,0,0,0,0,0,1,0,0,1,0,0,0
44.0,68,40636.56,917843.05,15,282.67,0,0,0,0,0,0,0,1,0,0,0,0,1
37.0,69,45495.65,1446347.59,5,153.12,1,0,0,1,0,0,0,0,0,0,0,1,1
46.0,41,40866.96,2132979.4,5,288.03,1,0,0,0,0,1,0,0,0,0,1,0,1
68.0,45,48722.27,635638.14,2,60.6,1,0,0,0,0,0,1,1,0,0,0,0,1
21.0,30,21004.34,2217836.31,14,104.32,0,0,0,0,1,0,0,0,0,0,1,0,0
24.0,45,17227.12,1646525.41,1,234.62,1,0,0,0,0,1,0,0,0,0,0,1,1
45.0,45,2381.02,292572.23,10,235.3,0,1,0,0,0,0,0,0,0,0,1,0,0
45.0,45,23044.9,1674072.55,8,219.92,0,0,0,1,0,0,0,1,0,0,0,1,0
21.0,55,32917.21,204994.53,1,258.02,1,0,0,0,1,0,0,0,0,1,0,0,0
39.0,59,40955.02,47850.32,8,211.06,1,1,0,0,0,0,0,0,1,0,0,1,0
29.0,5,14105.31,2669434.87,11,191.19,1,0,0,1,0,0,0,1,0,0,0,0,1
62.0,32,26165.97,1472298.75,15,138.22,1,0,0,0,1,0,0,1,0,0,0,0,0
20.0,6,33438.47,1632152.52,10,140.66,0,0,0,0,1,0,0,0,0,0,0,1,0
39.0,26,28028.54,843413.63,13,122.44,1,0,0,0,0,1,0,1,0,0,0,1,0
61.0,37,14427.02,1630520.43,7,186.44,0,0,0,0,0,0,0,0,1,1,0,0,0
19.0,13,40017.84,510761.73,10,122.59,0,1,0,0,0,0,0,1,0,1,0,0,0
41.0,69,9494.69,2238209.16,12,45.1,0,0,0,0,0,0,0,1,0,0,0,1,0
51.0,25,45344.01,2470930.74,9,32.85,0,0,1,0,0,0,0,1,0,0,1,0,0
44.0,13,47677.24,2568347.96,6,277.42,0,0,0,0,0,1,0,0,0,1,0,0,0
58.0,20,18913.09,324424.89,11,8.4,1,0,0,0,0,0,1,0,1,0,0,0,1
18.0,72,19432.91,1675474.43,4,32.53,0,0,0,0,0,1,0,0,1,1,0,0,1
25.0,60,37420.63,2427209.15,12,134.15,0,1,0,0,0,0,0,0,1,1,0,0,0
40.0,21,23358.14,389008.38,2,79.61,1,0,0,0,0,0,1,1,0,1,0,0,0
55.0,61,2401.9,303069.61,1,122.35,1,0,0,0,0,0,1,0,1,1,0,0,0
23.0,26,46073.96,2451741.29,10,36.12,0,0,0,0,0,0,0,0,0,0,0,1,1
39.0,54,22106.77,2391224.44,7,40.14,0,0,0,0,0,0,1,1,0,1,0,0,0
42.0,42,25186.59,1348835.95,1,240.4,1,0,0,0,1,0,0,0,0,0,1,0,1
35.0,11,28227.54,333584.95,7,227.97,0,0,0,0,0,0,0,1,0,1,0,0,0
34.0,37,11726.4,1550788.86,4,32.17,1,0,0,0,0,0,1,0,0,1,0,0,1
29.0,11,11095.08,1187435.58,8,200.67,1,0,0,0,0,0,0,1,0,0,0,0,1
23.0,27,27740.84,1558049.56,3,183.18,0,0,1,0,0,0,0,0,0,1,0,0,0
43.0,34,20161.07,1322486.13,7,214.3,1,0,0,0,0,0,0,0,1,0,0,0,0
44.0,38,29076.67,1707700.67,12,142.86,0,0,0,1,0,0,0,1,0,0,0,0,1
25.0,61,49844.45,2182753.51,10,81.73,0,0,0,0,1,0,0,1,0,0,0,1,0
36.0,53,43091.89,2325705.41,14,199.44,0,1,0,0,0,0,0,0,0,0,0,0,1
44.0,65,1375.87,1948701.68,6,112.04,1,0,0,1,0,0,0,0,0,0,0,0,0
18.0,3,3477.23,600827.14,11,66.47,0,0,0,1,0,0,0,0,0,0,1,0,0
46.0,67,30893.89,1194383.46,7,123.18,1,0,0,1,0,0,0,1,0,0,1,0,0
62.0,28,31686.55,218315.97,4,229.22,0,0,0,0,0,0,1,0,0,0,0,0,0
66.0,14,44031.35,1357762.82,1,143.26,0,0,0,0,0,0,0,0,1,0,0,1,1
52.0,52,31823.8,2911166.54,6,90.66,1,0,0,0,0,0,0,0,0,0,1,0,1
57.0,30,12158.01,1926983.47,2,249.73,0,0,0,0,0,1,0,0,0,0,1,0,0
31.0,58,23957.3,468064.48,14,264.61,0,0,0,0,0,0,1,0,0,0,0,1,0
52.0,54,40640.28,809390.09,12,130.54,1,0,0,0,1,0,0,0,1,1,0,0,0
65.0,69,46218.42,198398.07,9,113.03,1,0,0,0,0,0,1,0,0,0,1,0,1
62.0,15,12608.84,551329.6,9,184.2,1,0,0,0,0,0,1,0,0,0,0,0,0
37.0,38,27440.63,1466085.72,9,18.33,0,0,0,0,0,0,1,1,0,0,0,0,0
66.0,14,8787.45,1037844.86,14,207.71,1,0,0,0,1,0,0,1,0,0,0,0,1
44.0,57,25352.99,615867.14,11,234.9,1,0,0,0,0,1,0,0,0,0,0,1,0
55.0,59,5415.59,444062.25,10,119.84,0,0,0,0,1,0,0,1,0,0,0,0,0
66.0,8,47144.68,1969933.0,9,53.21,1,0,1,0,0,0,0,0,0,1,0,0,0
63.0,72,32264.77,1676516.62,12,9.62,0,0,0,0,0,1,0,0,0,0,0,1,0
66.0,19,42856.62,2528707.74,1,191.54,0,0,1,0,0,0,0,0,1,0,1,0,0
25.0,32,49916.46,553842.39,2,81.43,1,0,1,0,0,0,0,0,0,0,0,1,1
60.0,29,9950.63,2544716.45,15,139.7,0,0,1,0,0,0,0,1,0,0,0,0,0
37.0,41,35013.03,1735843.96,13,116.52,1,0,0,0,0,0,0,1,0,0,0,1,0
50.0,45,44462.33,802338.47,15,53.29,1,0,0,1,0,0,0,1,0,0,0,1,0
43.0,13,29220.97,824291.66,13,153.0,1,0,0,1,0,0,0,1,0,0,0,1,0
56.0,27,32345.12,1174189.27,15,138.42,1,0,1,0,0,0,0,0,0,0,0,1,0
38.0,19,20975.88,1383081.01,3,187.62,0,0,1,0,0,0,0,0,1,1,0,0,0
70.0,26,34063.28,252102.73,9,76.31,0,1,0,0,0,0,0,0,1,0,0,1,0
66.0,53,20383.32,2526787.5,12,65.18,1,0,0,1,0,0,0,0,0,0,0,0,0
59.0,51,24354.36,369015.5,10,244.49,1,1,0,0,0,0,0,1,0,0,1,0,1
60.0,37,6042.68,1452962.23,6,210.96,0,0,0,0,0,1,0,0,1,1,0,0,0
58.0,9,1382.61,1151989.86,9,231.89,1,1,0,0,0,0,0,0,1,0,0,1,0
26.0,52,3702.41,1539299.82,15,37.86,0,0,0,0,0,0,1,0,0,0,1,0,1
41.0,54,10433.56,2663010.14,14,67.99,1,0,0,0,0,0,0,1,0,1,0,0,1
54.0,3,23373.59,2967319.58,11,173.08,0,0,0,0,0,1,0,0,1,0,0,0,0
66.0,69,2028.71,65712.76,0,257.3,0,0,0,1,0,0,0,0,0,0,0,0,0
58.0,8,8640.9,1182752.1,5,267.74,0,0,0,1,0,0,0,0,1,0,1,0,0
34.0,14,39290.79,2453743.54,12,249.74,1,0,1,0,0,0,0,0,1,0,0,1,0
41.0,3,38346.16,983175.63,15,13.98,1,0,0,0,0,1,0,1,0,0,1,0,1
38.0,24,39696.78,1948863.35,15,246.44,1,0,1,0,0,0,0,1,0,1,0,0,0
68.0,13,46155.51,2976816.32,5,269.83,1,0,0,0,1,0,0,0,1,0,1,0,0
56.0,43,6834.48,1942080.01,7,17.97,1,0,0,0,0,1,0,1,0,0,1,0,0
58.0,29,8993.85,338018.18,1,125.47,0,0,0,1,0,0,0,0,1,0,0,1,0
56.0,72,17344.13,2529581.21,1,161.45,0,0,0,0,0,1,0,0,1,0,0,0,1
30.0,51,45841.92,2900139.02,0,70.59,0,0,1,0,0,0,0,0,1,0,0,1,0
28.0,42,38998.41,2138962.72,2,155.49,0,0,1,0,0,0,0,0,0,0,0,0,1
63.0,31,16881.94,1260108.96,6,265.9,0,0,0,0,0,0,1,1,0,0,0,1,1
36.0,63,5294.16,2845458.53,15,260.22,0,1,0,0,0,0,0,1,0,0,0,0,0
28.0,26,31202.62,2905873.19,14,282.01,0,0,0,0,0,1,0,0,1,0,0,1,1
30.0,18,13584.14,2805674.65,7,145.75,1,0,1,0,0,0,0,1,0,0,0,0,0
63.0,57,27026.48,1238397.91,6,123.76,0,0,0,0,0,0,0,0,1,0,0,0,1
62.0,7,47148.36,2370174.48,8,200.07,1,0,0,1,0,0,0,1,0,0,0,0,0
18.0,48,29058.25,1964267.18,14,125.61,0,0,0,0,0,0,0,1,0,0,0,0,1
57.0,60,46267.89,543221.46,7,13.54,0,0,0,0,1,0,0,0,1,0,0,1,0
61.0,33,20258.9,1608867.13,7,216.26,1,0,0,0,0,1,0,1,0,1,0,0,1
36.0,3,32034.22,2244334.57,10,85.01,0,0,0,0,0,0,1,0,1,0,0,0,0
29.0,4,44800.61,2688257.27,1,15.68,1,0,0,1,0,0,0,0,0,0,0,0,0
25.0,4,29811.38,2588482.12,0,7.17,0,0,0,0,0,0,1,0,1,0,0,0,0
25.0,42,31130.04,468202.21,5,279.48,1,1,0,0,0,0,0,1,0,0,0,0,0
70.0,9,36099.09,1466659.57,6,76.37,0,0,1,0,0,0,0,0,0,0,0,0,1
62.0,51,44223.28,1437414.55,5,134.92,1,0,0,1,0,0,0,0,0,0,1,0,0
29.0,17,5320.82,2696717.5,6,285.22,1,0,0,0,1,0,0,0,1,0,1,0,1
65.0,17,17506.11,10802.24,7,140.79,0,0,0,0,0,1,0,0,0,0,0,0,0
50.0,20,20486.55,2217447.05,1,24.5,0,1,0,0,0,0,0,0,1,0,0,0,0
62.0,14,45575.77,1857831.34,0,166.03,1,1,0,0,0,0,0,1,0,0,0,0,1
43.0,22,47844.39,2765106.56,9,27.37,0,0,0,0,0,0,1,0,1,1,0,0,0
56.0,52,6898.64,1373467.46,7,29.43,1,1,0,0,0,0,0,0,0,0,0,1,0
45.0,27,6836.28,1974728.39,15,255.59,0,0,0,1,0,0,0,0,1,0,0,0,1
22.0,43,46808.23,2918377.36,7,87.54,1,0,0,0,0,0,1,0,1,1,0,0,0
25.0,3,15492.82,2232991.77,13,203.92,0,1,0,0,0,0,0,1,0,1,0,0,0
42.0,8,12848.91,206815.0,7,153.17,1,0,0,0,0,1,0,0,1,0,0,0,0
44.0,10,2745.52,506762.99,15,67.48,0,0,0,0,1,0,0,1,0,0,0,1,0
63.0,29,14504.2,2465246.05,13,155.83,1,0,0,0,0,1,0,0,0,0,1,0,1
44.0,40,34982.79,1007712.65,9,21.63,1,0,0,0,0,0,0,0,0,0,0,0,0
47.0,65,21875.77,2119224.74,6,104.82,0,0,0,1,0,0,0,0,1,0,0,0,0
62.0,21,26326.65,2100972.08,1,157.33,0,0,0,0,1,0,0,0,1,0,1,0,0
64.0,24,45947.48,2981133.07,3,69.29,1,0,0,0,1,0,0,0,0,0,0,1,0
40.0,60,6619.8,1412268.81,8,198.4,1,0,0,0,0,0,1,0,0,0,1,0,0
66.0,26,4490.8,2214807.92,7,16.49,1,0,1,0,0,0,0,0,0,0,0,0,1
64.0,9,42744.61,151014.87,3,145.96,1,0,0,0,0,0,1,0,1,0,0,0,0
37.0,20,38967.93,1390460.11,7,214.78,0,0,0,1,0,0,0,0,0,1,0,0,0
35.0,56,13922.98,564111.23,9,129.55,1,0,0,1,0,0,0,0,1,0,1,0,1
35.0,36,16887.47,2522511.8,12,262.5,1,0,0,0,0,0,1,0,0,1,0,0,0
44.0,36,16203.61,2520525.45,15,190.03,1,0,1,0,0,0,0,0,0,1,0,0,1
21.0,22,32742.63,712911.44,5,287.59,0,0,0,0,0,1,0,0,1,1,0,0,0
47.0,1,3999.36,958264.03,10,85.95,1,0,0,0,0,0,1,1,0,1,0,0,0
50.0,69,24980.68,2108920.96,8,281.7,0,0,0,1,0,0,0,0,1,0,1,0,1
53.0,37,7559.78,2216106.44,0,182.44,0,0,1,0,0,0,0,1,0,0,1,0,1
35.0,72,41167.19,1974606.65,5,223.81,0,0,0,1,0,0,0,0,1,0,1,0,0
54.0,13,19652.49,2990100.44,10,270.75,0,0,1,0,0,0,0,1,0,0,0,0,0
36.0,43,26851.04,2606706.22,3,165.81,0,0,1,0,0,0,0,1,0,0,0,1,1
64.0,37,2436.56,1254091.35,2,258.79,0,0,0,0,0,0,1,1,0,1,0,0,0
45.0,25,3854.95,984295.28,4,162.97,0,0,0,0,0,0,1,0,1,0,0,0,0
57.0,21,34077.69,1792565.0,9,180.16,1,0,0,0,0,0,1,0,1,0,1,0,1
37.0,41,38571.76,2453820.83,10,134.08,1,0,1,0,0,0,0,0,1,0,1,0,0
66.0,42,35791.74,1428653.7,7,44.55,0,0,1,0,0,0,0,1,0,0,0,0,0
50.0,42,37113.91,2214389.36,14,166.5,1,0,0,1,0,0,0,1,0,1,0,0,1
29.0,2,6126.37,62384.32,10,293.26,1,0,0,0,1,0,0,0,1,0,1,0,0
68.0,68,34979.09,2777891.12,9,236.37,0,0,0,0,0,0,1,0,1,1,0,0,1
32.0,8,9905.63,2322635.01,5,224.5,1,0,0,0,0,0,0,0,0,1,0,0,0
58.0,61,5802.76,1185599.31,0,193.35,0,0,0,1,0,0,0,0,0,0,0,1,0
44.0,14,38100.88,1155116.91,5,105.02,1,0,0,1,0,0,0,0,0,0,1,0,0
19.0,21,44580.9,313145.99,6,51.71,0,1,0,0,0,0,0,0,0,0,0,0,1
46.0,24,36118.79,2449380.4,15,68.14,0,0,0,0,0,0,1,0,0,0,0,1,1
58.0,50,40473.1,2307045.38,12,2.89,1,0,0,0,0,1,0,0,1,1,0,0,1
27.0,45,49563.32,1892597.87,5,202.37,1,0,0,1,0,0,0,1,0,0,0,0,0
19.0,64,7603.04,308862.13,2,243.75,0,1,0,0,0,0,0,1,0,0,0,1,0
68.0,64,48292.48,790712.39,10,81.4,0,0,0,0,0,0,0,0,1,0,0,1,1
28.0,26,30458.69,1379448.85,8,28.46,0,0,0,0,0,0,0,0,1,0,0,1,0
30.0,32,40849.4,801585.97,12,101.38,1,0,0,0,0,1,0,0,1,1,0,0,1
27.0,57,32858.29,1304751.9,9,88.32,1,0,0,0,0,0,1,0,0,1,0,0,1
31.0,53,28931.85,681742.83,9,135.81,1,0,1,0,0,0,0,0,0,0,1,0,1
35.0,33,35477.33,1052053.51,3,79.97,1,1,0,0,0,0,0,0,0,0,0,1,0
68.0,52,16692.67,1958629.17,4,102.58,0,0,1,0,0,0,0,0,1,0,0,0,1
26.0,18,46289.3,2677621.44,4,272.36,0,0,0,0,0,0,0,0,1,1,0,0,0
56.0,35,6649.34,1158166.89,2,101.12,0,0,0,0,0,0,0,1,0,0,0,1,1
45.0,12,16583.53,2077265.15,11,235.87,0,0,0,0,1,0,0,0,1,0,0,0,0
20.0,51,2526.96,408705.29,1,188.12,1,0,0,0,1,0,0,0,0,1,0,0,0
37.0,10,14294.83,1624749.84,7,101.92,0,0,0,0,0,1,0,1,0,0,0,0,1
23.0,52,11692.44,2765504.16,15,245.52,0,0,0,0,1,0,0,0,1,0,0,0,0
44.0,34,3431.91,88667.73,6,178.93,1,0,0,0,1,0,0,1,0,0,1,0,0
70.0,67,25096.93,806334.3,4,3.58,1,0,0,0,0,1,0,1,0,1,0,0,1
19.0,39,23963.17,401818.13,12,21.55,0,0,0,1,0,0,0,0,1,1,0,0,0
46.0,8,4809.53,1601698.83,0,226.04,1,0,0,0,1,0,0,0,0,1,0,0,0
55.0,29,13830.68,2040529.18,9,134.51,0,0,0,1,0,0,0,0,0,1,0,0,0
20.0,22,47712.79,178048.68,0,122.25,1,0,0,1,0,0,0,1,0,0,1,0,0
33.0,70,6426.09,215501.84,7,44.6,1,0,0,0,0,0,1,0,1,0,1,0,0
47.0,61,15945.91,2609539.43,3,48.04,0,0,0,1,0,0,0,0,1,0,0,1,0
57.0,43,2757.26,1371418.28,12,239.53,1,0,0,1,0,0,0,0,0,1,0,0,1
19.0,49,8295.47,1391540.04,3,248.88,0,0,0,0,1,0,0,0,1,0,0,0,0
34.0,29,35270.46,2834018.28,13,168.44,1,0,0,1,0,0,0,0,1,0,1,0,0
58.0,31,18969.11,964027.78,8,89.24,1,0,1,0,0,0,0,1,0,0,0,0,0
29.0,53,23151.75,2691585.82,1,279.88,1,0,0,0,0,1,0,0,1,0,0,0,1
52.0,34,8691.94,2922892.96,4,187.56,1,0,0,0,1,0,0,0,1,0,0,0,0
60.0,38,34424.87,728874.12,5,239.2,1,0,0,0,0,1,0,0,1,0,0,1,0
18.0,57,37824.56,1544546.35,5,1.98,0,1,0,0,0,0,0,0,0,0,0,1,0
62.0,4,9874.49,1605396.68,9,135.65,1,0,0,0,1,0,0,0,0,1,0,0,0
32.0,2,3204.68,2599173.49,11,261.41,0,0,0,1,0,0,0,1,0,0,1,0,0
43.0,12,4966.12,915204.87,13,102.13,1,0,1,0,0,0,0,0,0,1,0,0,0
54.0,35,33195.24,2395137.12,2,218.24,0,0,0,0,0,1,0,0,0,0,0,1,0
38.0,70,7640.02,2913167.14,9,197.64,1,0,0,0,1,0,0,0,0,0,0,1,0
66.0,72,25202.02,2521808.27,5,46.51,0,0,1,0,0,0,0,0,0,0,0,0,0
48.0,21,8479.44,2727875.15,9,232.7,0,0,0,0,0,1,0,1,0,1,0,0,1
42.0,61,9337.25,2126521.55,9,34.65,1,1,0,0,0,0,0,0,1,0,0,0,0
40.0,35,1213.66,2712347.5,4,218.65,1,0,0,0,0,0,0,0,1,0,0,1,1
41.0,48,16720.39,498727.65,11,297.3,1,1,0,0,0,0,0,0,1,1,0,0,0
55.0,15,5400.07,2138522.44,7,287.44,0,0,0,0,0,0,0,1,0,1,0,0,0
45.0,71,20304.1,2196972.68,3,240.27,0,0,0,0,0,0,1,0,0,0,1,0,0
38.0,15,30291.43,1320346.93,12,160.82,1,0,0,0,0,0,0,1,0,0,0,1,0
60.0,6,19009.07,243816.71,9,202.77,1,0,0,0,0,0,1,1,0,0,0,1,0
35.0,68,35549.0,1869219.02,9,218.7,0,0,0,0,1,0,0,1,0,0,1,0,1
53.0,22,37331.14,160383.02,15,3.51,0,0,0,0,0,0,1,0,1,0,0,1,0
52.0,32,35133.71,1150295.48,2,31.61,1,0,1,0,0,0,0,0,0,0,0,0,1
62.0,22,46898.96,1184042.34,5,179.52,0,0,0,0,0,0,1,0,1,0,0,0,0
26.0,27,12627.42,2996772.91,9,2.95,1,0,1,0,0,0,0,1,0,0,0,0,0
70.0,15,10283.37,902907.09,13,272.76,1,0,0,0,0,1,0,1,0,1,0,0,1
55.0,44,30875.86,2462259.54,8,147.41,1,0,0,0,0,1,0,0,1,0,0,0,0
47.0,9,30148.97,164249.2,13,78.07,0,0,0,0,0,0,0,0,1,0,0,1,1
61.0,34,25994.82,1591649.13,7,118.75,0,0,0,0,0,0,0,0,1,0,1,0,1
51.0,15,1213.31,1612391.58,9,255.38,0,0,0,0,0,0,0,0,0,0,0,0,0
49.0,62,28206.67,1888105.81,7,278.23,0,0,0,0,0,0,1,0,1,0,0,0,0
20.0,45,46707.1,2430965.58,2,35.75,1,0,0,0,0,0,0,0,0,1,0,0,1
20.0,72,17394.31,2286960.53,0,233.61,0,0,0,0,0,0,1,0,0,0,0,1,0
45.0,58,48412.36,2284219.34,2,173.89,1,0,0,0,0,0,1,0,1,0,1,0,0
61.0,19,18481.08,1299720.33,13,176.07,1,0,0,1,0,0,0,1,0,0,0,1,0
32.0,16,7852.87,2183777.09,2,234.06,1,0,0,1,0,0,0,1,0,0,0,0,0
58.0,8,20521.77,1476490.57,13,67.63,0,0,0,0,0,0,1,0,0,0,0,1,1
40.0,33,25235.95,205518.78,11,159.78,1,0,0,0,0,1,0,0,0,0,1,0,1
57.0,18,31843.76,2671094.44,5,96.49,1,0,1,0,0,0,0,0,0,0,0,0,0
28.0,35,25739.03,2671039.1,12,29.26,0,0,0,0,1,0,0,1,0,0,0,1,0
65.0,43,27299.21,972021.9,2,32.42,1,1,0,0,0,0,0,0,0,0,1,0,0
49.0,50,2179.28,2742138.34,1,41.8,0,0,0,1,0,0,0,0,0,0,0,0,1
53.0,3,13427.39,2275162.2,11,184.86,0,0,0,0,0,0,1,1,0,0,0,0,1
50.0,59,16224.14,1205399.69,14,32.64,0,1,0,0,0,0,0,0,1,0,0,1,0
41.0,28,49367.34,997859.27,8,171.46,1,0,0,1,0,0,0,1,0,1,0,0,0
56.0,46,15482.82,2925552.38,5,176.9,0,1,0,0,0,0,0,0,1,1,0,0,0
51.0,64,44932.36,2139317.75,4,271.27,0,0,1,0,0,0,0,0,1,0,1,0,0
45.0,70,15932.07,1139535.81,11,188.29,0,0,0,0,0,0,1,0,0,0,0,1,0
54.0,47,5709.41,1927741.74,2,295.69,0,0,0,0,1,0,0,0,0,0,1,0,0
24.0,14,13133.25,1716720.97,6,10.27,1,0,0,0,0,1,0,0,1,0,0,1,1
21.0,7,14368.59,1575997.37,6,211.54,0,0,0,1,0,0,0,0,0,0,1,0,0
54.0,31,48934.18,1935882.19,3,8.92,1,0,0,0,0,0,1,0,1,0,1,0,0
18.0,51,34040.28,1615190.83,9,219.08,0,1,0,0,0,0,0,0,0,0,0,1,0
18.0,29,46652.37,1966097.11,1,116.37,1,0,0,0,0,1,0,1,0,1,0,0,0
64.0,15,41914.76,2723167.84,1,183.78,0,0,0,0,0,1,0,0,1,0,1,0,0
37.0,25,29351.33,2979828.58,12,93.55,1,0,0,0,0,0,0,0,1,0,0,1,0
36.0,61,34094.01,2129314.19,15,48.57,0,0,1,0,0,0,0,0,0,0,0,1,0
46.0,41,31617.02,2783823.3,14,217.33,1,0,0,0,0,1,0,1,0,0,0,1,1
27.0,69,33646.89,2575938.71,11,271.48,1,0,0,1,0,0,0,0,0,0,0,0,1
35.0,4,13973.91,888637.01,7,55.89,1,0,1,0,0,0,0,1,0,0,0,1,0
45.0,57,20998.13,2799059.41,3,276.29,0,0,0,0,0,0,1,0,0,0,0,1,0
52.0,31,30038.17,217072.96,6,42.91,1,0,0,0,0,0,0,0,1,0,0,0,0
60.0,3,2760.49,993115.85,2,220.96,1,0,0,0,1,0,0,1,0,0,0,0,1
64.0,67,24658.91,1921635.08,8,287.87,1,0,1,0,0,0,0,1,0,1,0,0,0
48.0,50,43126.62,1583111.76,15,45.06,1,1,0,0,0,0,0,0,0,0,0,1,0
44.0,17,25126.02,1629525.12,9,131.09,0,0,0,1,0,0,0,1,0,0,1,0,0
28.0,60,28063.85,2385690.55,8,101.9,1,1,0,0,0,0,0,0,0,0,0,0,1
66.0,66,10893.35,588137.53,6,117.15,1,0,1,0,0,0,0,1,0,0,0,0,0
66.0,24,39922.82,2946316.15,6,226.19,1,0,0,0,0,0,0,0,0,1,0,0,0
55.0,32,18585.04,1315187.39,0,198.7,0,0,0,0,1,0,0,0,0,1,0,0,0
22.0,19,47872.79,2849780.58,9,290.64,1,0,0,0,1,0,0,0,0,1,0,0,0
25.0,66,49692.03,1152432.01,7,56.46,1,1,0,0,0,0,0,0,1,0,0,1,0
51.0,60,45884.03,1807351.07,15,163.43,1,0,0,0,0,0,1,1,0,0,0,1,1
65.0,66,5158.96,1353682.86,1,135.29,1,0,0,0,0,0,1,0,1,0,0,1,0
69.0,15,17325.97,2029425.82,7,275.74,0,1,0,0,0,0,0,0,1,0,0,0,1
29.0,35,47311.74,554956.06,10,4.18,1,0,0,0,1,0,0,0,1,1,0,0,1
55.0,69,40422.13,1204882.46,12,296.76,1,1,0,0,0,0,0,0,1,0,0,0,1
18.0,27,45648.0,209801.46,1,144.44,0,1,0,0,0,0,0,1,0,0,1,0,0
48.0,7,29055.11,1796313.74,0,188.04,0,1,0,0,0,0,0,1,0,0,0,1,0
21.0,6,24539.48,2888231.69,15,108.66,0,0,1,0,0,0,0,0,1,0,0,0,0
66.0,33,6218.32,142490.01,15,255.91,1,0,0,0,0,0,0,1,0,0,1,0,0
62.0,58,42134.11,1980591.92,14,169.03,0,0,0,0,0,0,1,1,0,0,0,0,0
67.0,49,37511.94,2326418.4,10,199.18,1,0,0,0,0,0,1,0,0,0,1,0,0
22.0,17,3884.95,643259.73,7,195.02,0,0,1,0,0,0,0,1,0,0,0,0,0
47.0,42,11261.31,822857.51,3,109.83,1,0,0,1,0,0,0,0,1,0,0,0,0
41.0,72,28306.6,608735.35,14,23.72,0,0,1,0,0,0,0,1,0,0,0,1,0
20.0,40,34535.72,895750.85,10,242.5,1,0,0,0,0,0,0,0,1,0,0,0,1
28.0,46,7745.84,334697.26,9,87.63,0,1,0,0,0,0,0,1,0,0,0,0,0
62.0,71,12996.42,1114191.87,14,254.83,1,0,1,0,0,0,0,0,1,1,0,0,1
21.0,70,10462.4,1109942.94,5,182.98,1,1,0,0,0,0,0,1,0,0,0,0,1
43.0,68,11779.86,2422766.03,9,106.76,1,0,0,0,0,0,0,1,0,0,0,1,0
44.0,1,46114.94,2403870.16,12,178.68,1,0,0,0,0,1,0,1,0,0,0,0,1
63.0,52,36075.16,2391186.47,10,194.0,1,0,0,0,0,0,0,0,1,0,0,1,0
60.0,35,37118.24,1703272.56,9,212.3,1,0,0,0,1,0,0,0,0,1,0,0,0
44.0,69,39905.77,981012.66,0,246.88,1,1,0,0,0,0,0,0,1,0,0,1,0
59.0,5,18472.08,1235838.73,8,48.77,1,0,0,0,0,0,1,1,0,1,0,0,0
68.0,17,38592.05,956641.8,10,283.3,0,0,1,0,0,0,0,0,1,1,0,0,0
67.0,53,48942.26,1747874.08,6,123.84,1,0,0,0,0,1,0,1,0,1,0,0,1
23.0,52,35221.32,2814247.47,4,258.27,1,0,0,0,0,0,0,1,0,1,0,0,0
32.0,14,21420.9,857067.87,5,66.92,0,1,0,0,0,0,0,0,0,1,0,0,0
70.0,29,36101.63,1379261.19,2,9.68,1,0,0,0,0,1,0,1,0,0,0,1,0
47.0,8,45138.94,1967075.21,12,172.43,0,0,0,1,0,0,0,1,0,1,0,0,0
59.0,1,7309.32,2534861.26,8,98.08,1,0,0,0,1,0,0,1,0,1,0,0,1
54.0,29,13999.44,763735.09,1,295.35,0,0,0,1,0,0,0,0,0,1,0,0,0
54.0,36,46045.51,844468.4,11,32.23,0,0,0,0,0,0,0,0,1,1,0,0,0
59.0,51,47365.41,2656070.77,9,15.14,1,0,0,1,0,0,0,0,0,1,0,0,0
54.0,37,24722.82,245373.07,0,14.46,0,0,0,1,0,0,0,0,1,0,1,0,1
52.0,69,19353.0,1818315.58,13,65.85,1,0,0,0,1,0,0,1,0,0,0,0,1
40.0,53,14856.31,2582063.97,14,174.18,1,0,0,0,1,0,0,0,1,0,0,0,1
23.0,52,25438.83,2765619.54,0,152.16,1,0,0,0,1,0,0,0,1,1,0,0,1
21.0,12,46792.03,42998.33,9,105.67,1,0,0,0,0,1,0,0,1,1,0,0,0
35.0,52,8340.67,1112149.6,1,27.55,0,0,0,0,1,0,0,0,1,0,1,0,0
26.0,1,21571.7,775508.03,5,70.89,1,0,0,1,0,0,0,1,0,1,0,0,1
66.0,7,45668.78,1706257.6,5,56.06,0,0,0,0,0,0,1,0,0,0,1,0,0
46.0,17,18106.84,1900422.52,8,223.95,0,1,0,0,0,0,0,0,1,0,0,0,0
30.0,43,38635.99,2999324.56,9,234.2,1,0,0,0,1,0,0,1,0,0,0,1,0
64.0,71,20073.73,1540723.68,14,233.33,1,0,0,0,0,1,0,1,0,0,0,0,0
69.0,17,40441.41,1656643.3,3,290.74,1,0,1,0,0,0,0,1,0,0,0,1,0
34.0,59,49069.12,1245868.96,7,265.39,1,1,0,0,0,0,0,1,0,0,0,1,0
62.0,3,20003.28,447293.33,3,149.84,0,0,0,0,0,0,0,0,1,0,0,1,0
49.0,29,42409.83,913457.3,2,125.07,1,0,0,0,0,1,0,0,0,1,0,0,0
65.0,22,49432.42,744719.83,3,274.81,0,0,1,0,0,0,0,1,0,0,1,0,0
44.0,38,49207.68,2404652.98,0,183.76,1,0,0,0,0,0,0,0,0,0,0,1,0
21.0,54,22254.78,1639720.18,8,89.03,1,0,1,0,0,0,0,0,0,0,1,0,1
22.0,50,24802.29,892099.92,10,169.77,1,0,1,0,0,0,0,0,0,0,0,0,0
54.0,69,15866.68,1469833.24,14,297.65,1,0,0,0,0,0,1,1,0,0,0,1,1
58.0,30,16386.92,660500.32,4,254.99,0,1,0,0,0,0,0,1,0,0,0,0,0
66.0,23,25131.06,559455.82,6,85.1,0,0,1,0,0,0,0,1,0,0,1,0,0
30.0,47,10825.41,2580527.0,2,285.93,1,0,0,0,1,0,0,0,0,0,1,0,0
44.0,21,35845.04,2834708.51,4,294.46,0,0,0,0,0,0,0,1,0,0,0,0,0
44.0,20,27279.12,244643.75,12,70.12,0,0,0,0,0,1,0,1,0,0,1,0,0
39.0,23,45005.33,2295823.71,9,268.78,1,0,0,0,0,0,1,0,0,0,0,0,1
44.0,68,40718.54,1362668.05,13,265.08,1,0,0,0,0,0,0,1,0,0,1,0,1
40.0,21,16801.08,1169970.07,3,12.89,0,0,0,0,1,0,0,0,1,1,0,0,0
68.0,21,25784.43,2069786.87,6,201.24,0,0,0,0,1,0,0,0,1,0,0,0,0
20.0,1,37775.23,802429.79,4,92.28,0,0,1,0,0,0,0,0,1,0,0,1,0
59.0,15,10466.81,66640.77,15,202.71,0,0,0,0,1,0,0,0,1,0,0,1,1
51.0,17,2548.29,645938.53,1,274.15,1,1,0,0,0,0,0,0,0,0,0,1,1
49.0,51,42762.92,558850.6,2,150.13,1,0,0,0,1,0,0,1,0,0,1,0,1
62.0,63,7739.96,106977.9,7,124.91,0,0,1,0,0,0,0,0,1,0,0,0,0
68.0,14,44581.16,967339.67,2,276.54,1,0,0,0,0,0,0,0,1,0,1,0,0
66.0,59,45766.79,1426183.01,15,292.26,0,0,0,0,1,0,0,1,0,0,0,1,1
38.0,50,23574.32,2208806.95,14,19.61,0,0,0,0,0,0,1,0,0,1,0,0,0
63.0,34,40532.3,980355.67,6,276.93,1,1,0,0,0,0,0,0,1,0,0,1,0
61.0,6,18796.37,587648.1,4,25.75,0,0,0,0,0,0,1,1,0,0,0,1,0
38.0,49,43054.96,695706.21,6,101.85,0,0,0,0,0,0,1,1,0,0,0,1,0
61.0,6,41409.41,2674075.35,9,229.01,1,0,0,0,0,0,0,0,1,1,0,0,0
28.0,69,4847.4,618137.62,8,233.33,1,0,0,1,0,0,0,0,1,1,0,0,0
56.0,7,29547.49,2638325.8,6,218.02,0,0,0,0,0,1,0,1,0,0,0,0,0
21.0,51,32359.95,1344061.49,13,12.69,0,0,0,0,0,0,1,1,0,1,0,0,0
68.0,1,1042.01,2803529.29,5,40.76,1,0,0,0,0,0,1,0,1,0,0,0,0
18.0,13,49016.0,1227235.95,11,280.93,0,0,0,1,0,0,0,0,1,1,0,0,0
45.0,43,20921.81,537160.39,12,25.36,0,0,0,0,0,0,0,0,1,0,0,0,0
41.0,27,26349.82,1649344.64,0,24.49,1,0,0,0,0,1,0,0,1,0,0,1,0
52.0,71,10545.4,1765181.28,15,250.86,1,0,0,0,0,0,1,0,0,1,0,0,0
30.0,3,30935.01,1908290.46,3,192.74,1,0,1,0,0,0,0,1,0,0,1,0,0
64.0,58,40720.37,1237432.67,7,106.15,1,0,0,0,0,0,0,0,1,0,1,0,0
51.0,17,29708.72,150561.02,0,50.55,1,0,0,0,0,1,0,1,0,0,0,0,0
28.0,45,39613.72,1882026.17,5,265.37,1,0,0,0,0,0,1,0,1,1,0,0,0
53.0,58,25186.59,2799425.31,1,296.57,0,0,0,0,0,0,1,0,0,1,0,0,0
68.0,56,12645.23,2872888.09,14,15.94,0,0,0,1,0,0,0,1,0,0,1,0,0
34.0,54,22354.83,1792671.68,12,166.68,1,0,0,0,0,1,0,0,0,1,0,0,0
52.0,29,8282.72,64561.62,8,79.13,1,0,1,0,0,0,0,1,0,1,0,0,0
35.0,54,3054.86,322585.25,7,249.88,0,0,0,0,0,0,0,0,0,0,0,0,0
57.0,27,25186.59,2502801.62,8,104.48,0,0,0,0,1,0,0,0,1,0,0,1,0
39.0,45,47182.5,2490084.59,8,214.67,0,1,0,0,0,0,0,0,1,0,1,0,0
41.0,31,49242.34,2838316.74,13,162.32,1,0,1,0,0,0,0,0,0,0,0,1,1
36.0,36,5653.9,1693504.4,12,162.92,1,0,0,0,1,0,0,0,1,1,0,0,1
54.0,61,17424.48,2592129.8,1,257.54,0,0,1,0,0,0,0,0,0,1,0,0,0
56.0,37,6606.61,2475536.34,1,141.65,1,0,0,0,0,1,0,0,0,0,0,0,0
38.0,67,41877.21,1770315.31,8,253.83,1,0,0,0,1,0,0,1,0,0,0,1,0
25.0,36,25318.56,2351994.47,1,109.66,1,0,0,0,0,1,0,0,0,0,0,1,1
45.0,5,31441.83,381503.08,3,53.26,0,0,0,0,1,0,0,1,0,0,0,0,0
22.0,46,27455.63,1919412.26,1,137.19,0,0,1,0,0,0,0,0,0,0,0,1,1
34.0,52,35802.43,2860585.61,0,150.01,1,0,0,1,0,0,0,1,0,0,0,0,1
54.0,49,16637.48,490062.71,11,144.04,1,0,1,0,0,0,0,1,0,0,0,0,1
53.0,6,7737.17,2233407.83,15,242.69,1,0,0,0,0,1,0,0,1,1,0,0,0
36.0,10,1863.38,965753.46,12,169.84,1,0,1,0,0,0,0,1,0,1,0,0,1
44.0,23,22838.95,2452226.25,10,266.64,1,0,0,0,1,0,0,1,0,1,0,0,0
70.0,17,45483.89,2093146.75,13,154.74,0,1,0,0,0,0,0,0,0,0,0,0,0
51.0,44,15958.06,2778891.9,9,68.19,1,0,0,0,1,0,0,1,0,1,0,0,1
28.0,41,10601.88,2137246.58,6,39.72,1,0,0,0,0,0,1,0,1,0,1,0,0
62.0,15,46376.09,1233880.23,11,260.64,1,0,1,0,0,0,0,0,0,0,1,0,0
64.0,44,6166.98,37623.14,10,17.8,0,0,0,0,0,0,0,1,0,1,0,0,0
29.0,58,3538.25,2379786.11,4,36.17,0,0,1,0,0,0,0,0,0,0,0,0,0
38.0,50,44091.25,1228352.58,2,20.03,1,0,0,1,0,0,0,0,0,0,1,0,0
28.0,52,35344.56,2013549.11,7,127.7,0,0,0,0,0,1,0,0,0,1,0,0,0
56.0,70,21681.36,319674.11,4,160.25,0,0,0,0,0,0,0,0,0,0,1,0,0
45.0,68,37864.85,2673451.06,0,6.94,0,0,0,0,1,0,0,0,0,0,1,0,0
22.0,63,37330.56,1309795.1,8,155.16,0,0,0,1,0,0,0,1,0,0,1,0,0
34.0,58,2962.97,2759476.74,13,118.73,0,0,1,0,0,0,0,0,0,0,0,1,0
37.0,23,34136.09,2122517.21,13,232.32,0,0,0,0,1,0,0,0,0,0,1,0,0
58.0,44,32402.75,368779.47,4,249.16,1,0,0,0,1,0,0,0,1,1,0,0,0
63.0,44,48225.18,1739693.86,2,205.81,0,0,0,0,0,0,1,0,1,0,1,0,1
29.0,52,48364.51,2730253.67,5,142.58,0,0,0,0,0,0,1,0,0,1,0,0,0
23.0,67,19512.17,2400911.83,7,65.63,1,1,0,0,0,0,0,1,0,0,1,0,0
34.0,28,29902.25,1256851.32,1,254.29,1,0,0,0,0,0,1,0,1,0,1,0,1
68.0,67,7926.51,2865417.87,10,103.16,1,0,0,0,0,1,0,0,1,0,0,1,0
36.0,18,4256.37,809385.66,13,107.53,1,0,0,0,0,0,0,0,0,0,1,0,1
43.0,27,22206.21,1128447.57,2,274.89,0,0,0,0,1,0,0,1,0,1,0,0,1
65.0,51,34804.22,2250393.95,6,292.7,0,0,0,0,0,0,1,1,0,0,0,1,0
61.0,60,28820.29,702549.15,1,269.54,0,1,0,0,0,0,0,0,1,0,0,1,1
61.0,49,22053.19,1548546.54,10,299.47,0,0,1,0,0,0,0,0,1,0,1,0,0
69.0,15,41087.51,2187723.62,10,260.8,1,0,0,0,0,0,0,0,1,0,1,0,1
49.0,68,39926.95,1933683.46,11,211.6,0,0,0,0,0,0,1,0,1,0,0,0,0
23.0,15,36865.16,470332.89,4,88.85,0,0,0,0,1,0,0,0,1,0,1,0,0
53.0,51,4774.58,1890832.65,8,285.93,1,0,1,0,0,0,0,0,0,0,0,0,0
55.0,48,40027.01,1720268.03,13,263.11,0,0,0,0,0,1,0,0,0,1,0,0,0
28.0,72,46051.64,1675745.25,6,72.98,0,0,0,0,1,0,0,0,0,0,1,0,1
50.0,1,3912.66,2479011.32,13,147.26,0,0,1,0,0,0,0,0,1,0,1,0,0
41.0,7,20681.9,555768.59,13,21.95,0,0,0,0,0,1,0,0,0,0,0,0,0
40.0,53,49429.42,2255940.13,12,286.04,1,0,0,0,0,1,0,0,1,0,0,0,0
32.0,31,30362.7,2283973.42,2,172.26,1,0,0,0,0,0,0,1,0,0,0,1,0
44.0,18,26165.29,2169323.09,1,74.31,1,0,0,0,1,0,0,1,0,0,0,1,0
28.0,12,9694.86,1520375.1,9,88.43,1,0,0,0,0,0,1,0,0,0,1,0,0
68.0,48,28708.83,1189638.55,8,294.22,1,0,0,0,0,0,1,1,0,1,0,0,0
67.0,30,22513.12,1187058.09,8,185.07,0,1,0,0,0,0,0,1,0,0,0,1,0
34.0,7,7244.71,2202757.1,8,126.78,0,0,1,0,0,0,0,1,0,0,0,1,1
68.0,3,23752.3,1496200.62,9,150.45,1,1,0,0,0,0,0,0,0,0,0,1,0
70.0,63,9055.57,1018609.0,2,30.47,1,0,0,1,0,0,0,1,0,0,0,0,1
31.0,6,36802.52,1878281.7,0,23.43,1,0,0,0,0,0,1,0,0,0,1,0,0
44.0,15,48708.77,2511848.73,8,178.22,0,0,1,0,0,0,0,0,1,0,0,0,1
35.0,71,24009.28,189218.68,6,154.09,1,0,0,0,0,0,0,0,1,1,0,0,0
45.0,43,31986.05,2916550.19,1,108.39,0,1,0,0,0,0,0,0,0,0,0,0,0
68.0,18,22117.8,294472.56,5,170.27,0,0,0,0,0,0,0,0,0,0,1,0,1
64.0,22,25186.59,1537655.67,10,22.73,0,0,0,0,0,0,0,1,0,0,0,0,0
44.0,61,48557.21,1682827.58,8,283.25,0,0,0,0,0,0,0,0,1,1,0,0,0
21.0,61,7349.35,418941.06,7,88.82,1,1,0,0,0,0,0,1,0,0,1,0,0
24.0,53,6469.71,2747203.29,10,22.46,0,0,0,1,0,0,0,0,1,0,1,0,0
62.0,26,23499.47,1417043.9,11,51.68,0,0,0,0,0,1,0,1,0,0,1,0,1
52.0,40,33285.48,433645.94,5,29.55,1,0,0,0,0,1,0,1,0,0,1,0,0
65.0,8,18391.24,2136279.15,5,54.4,0,1,0,0,0,0,0,0,1,1,0,0,0
26.0,21,10433.33,1991896.01,7,125.61,0,0,0,0,0,1,0,1,0,0,1,0,0
25.0,43,41129.21,2888782.38,8,221.68,0,0,0,0,1,0,0,0,1,1,0,0,0
69.0,21,18792.06,1327341.39,7,82.43,1,0,0,0,0,1,0,0,0,1,0,0,1
62.0,3,10521.73,807048.94,0,131.34,0,0,0,0,0,0,1,1,0,0,0,0,0
34.0,31,18889.16,184682.05,14,278.7,0,1,0,0,0,0,0,0,1,0,0,0,1
34.0,27,11513.16,2200698.97,1,89.45,1,0,0,0,0,1,0,0,1,0,1,0,0
66.0,27,26452.94,1853746.68,5,238.62,1,1,0,0,0,0,0,1,0,0,0,1,0
50.0,57,33746.18,2917969.45,7,48.19,0,0,0,1,0,0,0,0,1,0,0,1,1
49.0,33,40178.31,2137934.11,14,54.32,0,0,0,0,1,0,0,1,0,0,1,0,0
25.0,44,12150.54,2799818.63,3,137.39,1,1,0,0,0,0,0,1,0,1,0,0,0
36.0,43,9180.75,2974778.49,11,71.0,0,0,0,0,0,0,1,0,0,0,0,0,0
55.0,31,1960.57,1288151.28,3,271.01,1,0,0,0,0,1,0,0,0,0,1,0,0
20.0,65,12176.3,455133.57,12,16.17,0,0,0,0,0,0,1,0,0,0,1,0,1
22.0,17,2171.36,591573.08,1,179.58,1,0,0,0,0,1,0,1,0,1,0,0,1
30.0,15,17928.24,958533.79,9,181.66,0,1,0,0,0,0,0,1,0,0,0,0,1
64.0,34,8138.96,1529142.82,15,20.74,1,0,0,0,0,0,0,0,1,0,0,1,1
63.0,4,29414.88,371647.9,0,220.04,1,0,0,0,0,1,0,0,0,0,0,1,0
48.0,72,19802.61,908645.03,9,141.2,1,0,0,0,0,0,0,0,0,0,1,0,0
33.0,28,5585.68,926842.57,8,217.2,1,0,0,0,1,0,0,0,1,0,1,0,1
67.0,2,20593.46,17236.54,6,248.25,1,0,0,0,0,0,1,0,0,0,1,0,0
49.0,17,11258.06,1065735.38,8,97.55,0,0,0,0,0,0,0,0,0,0,1,0,0
39.0,58,34328.69,352875.84,12,145.86,0,0,0,0,0,0,1,0,0,0,1,0,0
46.0,9,18857.38,1291985.58,14,78.97,1,0,0,0,0,1,0,0,1,0,0,1,1
39.0,31,8204.47,593627.53,1,61.25,0,0,0,0,0,1,0,0,0,0,1,0,0
60.0,66,18130.48,2467232.15,9,1.18,0,0,0,0,1,0,0,1,0,0,0,0,0
20.0,62,11994.54,246173.43,12,289.13,0,0,0,0,0,1,0,0,0,1,0,0,0
27.0,19,39993.17,2597652.99,4,132.84,0,0,0,0,1,0,0,1,0,0,0,1,0
59.0,55,49185.01,1743677.21,14,4.91,0,0,0,0,0,0,0,0,0,1,0,0,0
38.0,28,2249.08,1378628.79,14,3.67,0,0,0,0,0,1,0,1,0,1,0,0,0
33.0,50,34810.99,1651478.24,1,87.22,1,1,0,0,0,0,0,0,0,0,1,0,0
29.0,65,13933.93,1131446.84,9,5.17,0,0,1,0,0,0,0,1,0,1,0,0,1
19.0,3,4254.02,387197.66,6,112.98,0,0,0,1,0,0,0,1,0,0,0,0,0
58.0,52,1703.21,2298810.05,8,19.82,0,0,1,0,0,0,0,0,0,0,1,0,0
41.0,10,44169.47,2784095.21,2,12.74,1,0,1,0,0,0,0,0,1,0,0,1,1
52.0,21,18326.72,2850452.53,13,201.15,0,0,0,0,0,0,1,0,0,0,0,0,0
47.0,37,49732.65,2013780.96,0,272.15,0,0,0,0,1,0,0,0,1,0,0,1,0
47.0,15,22676.48,1233990.54,3,123.41,0,0,0,0,0,0,1,0,1,0,1,0,0
64.0,9,10192.29,1437688.09,3,251.19,1,0,0,0,0,0,0,0,1,0,1,0,0
52.0,44,25186.59,1972612.26,10,9.75,0,0,0,1,0,0,0,0,1,0,0,1,1
36.0,39,46398.12,2470102.19,5,233.53,1,0,0,0,0,0,0,0,1,1,0,0,1
67.0,5,40965.43,1126828.58,4,19.78,0,1,0,0,0,0,0,0,1,0,0,1,0
25.0,25,37514.76,2750759.77,11,251.69,1,0,0,1,0,0,0,0,0,0,0,0,1
43.0,56,17400.29,976195.1,12,264.83,1,0,0,0,0,0,1,1,0,1,0,0,1
66.0,64,4160.03,1594925.03,4,236.01,1,0,0,0,0,1,0,1,0,0,1,0,0
57.0,72,10863.67,2884278.59,8,246.4,0,0,0,0,0,1,0,0,0,0,0,0,0
24.0,52,22893.7,2814905.75,12,168.88,1,0,0,0,0,0,1,0,0,0,0,0,0
47.0,9,47853.79,2088756.54,10,80.2,1,0,0,0,0,0,0,0,0,0,1,0,0
24.0,10,36419.85,977057.78,0,193.33,1,0,0,0,0,0,1,0,1,1,0,0,1
20.0,10,41585.87,661009.92,7,132.42,1,0,0,0,0,0,1,0,1,0,1,0,0
18.0,62,14587.4,245029.35,7,2.6,0,0,1,0,0,0,0,1,0,0,0,0,0
53.0,60,34507.33,2127419.94,10,143.57,0,1,0,0,0,0,0,0,0,0,0,0,0
42.0,19,43259.47,1512834.83,7,195.71,0,0,0,0,0,1,0,1,0,0,0,0,0
54.0,38,24491.16,1719001.64,12,5.15,0,0,1,0,0,0,0,1,0,0,1,0,1
18.0,6,22064.7,1419814.56,11,186.79,1,0,0,0,0,0,1,0,1,0,0,1,0
32.0,15,36250.82,1451424.57,13,196.11,0,0,0,0,1,0,0,0,1,0,0,0,0
54.0,47,28435.67,1715964.49,12,48.27,1,0,1,0,0,0,0,1,0,0,0,0,0
30.0,45,49665.38,2743214.71,2,129.89,0,0,0,0,0,0,1,0,1,1,0,0,1
57.0,5,21830.04,92952.07,9,289.34,0,0,0,0,0,1,0,0,1,0,0,1,0
25.0,53,9621.22,2405902.15,7,265.37,0,0,0,0,0,0,1,0,1,1,0,0,1
22.0,66,24124.82,1174596.2,1,123.84,1,1,0,0,0,0,0,1,0,0,0,0,0
26.0,62,12525.04,2236048.18,7,105.6,0,0,0,0,0,0,0,1,0,0,0,1,0
18.0,23,28501.44,2845836.36,11,38.1,0,0,0,1,0,0,0,1,0,1,0,0,0
53.0,44,7164.05,922329.55,7,11.52,0,0,1,0,0,0,0,0,0,0,1,0,0
52.0,52,47548.84,273216.14,14,89.94,1,0,1,0,0,0,0,1,0,1,0,0,0
19.0,46,43131.32,700733.82,13,282.14,0,0,1,0,0,0,0,0,1,0,0,1,0
57.0,19,8622.7,670168.03,2,287.63,0,0,0,0,0,0,1,1,0,1,0,0,0
40.0,47,9447.25,2226839.01,3,243.94,1,1,0,0,0,0,0,0,0,0,0,1,1
26.0,52,26109.5,190265.25,8,105.9,1,0,0,0,0,0,1,0,1,0,0,1,0
51.0,24,38871.19,157546.07,12,43.94,0,0,0,0,0,0,1,1,0,1,0,0,0
63.0,17,11734.89,2082357.74,14,179.06,0,0,0,0,0,0,0,1,0,1,0,0,0
31.0,46,3987.61,1672375.46,8,194.3,0,0,0,0,1,0,0,0,1,0,1,0,1
21.0,64,27731.18,1256213.8,9,127.95,1,1,0,0,0,0,0,1,0,1,0,0,1
47.0,28,34888.26,1728228.38,12,207.8,1,0,1,0,0,0,0,0,0,0,0,1,0
48.0,50,12973.91,2207067.48,8,224.26,1,0,0,1,0,0,0,0,1,0,0,0,0
55.0,64,37248.62,314896.76,15,235.14,0,0,1,0,0,0,0,1,0,1,0,0,1
28.0,28,47581.55,1662092.82,9,151.19,1,0,0,0,0,0,1,0,1,1,0,0,1
52.0,56,7716.65,2474128.41,5,237.7,0,1,0,0,0,0,0,1,0,0,0,1,0
25.0,59,26040.42,1090475.37,0,8.62,1,0,0,0,0,1,0,1,0,0,0,0,1
20.0,5,3785.26,2290238.87,7,204.44,1,1,0,0,0,0,0,0,1,0,1,0,0
31.0,54,11126.39,2537035.41,12,71.45,1,1,0,0,0,0,0,1,0,0,0,0,0
30.0,44,5401.15,2463682.93,8,81.89,0,0,0,0,1,0,0,1,0,0,0,1,0
62.0,42,20796.32,1952817.42,14,28.3,0,0,1,0,0,0,0,0,1,0,0,1,0
49.0,72,41220.76,2153446.83,7,58.53,0,0,0,0,1,0,0,1,0,0,0,1,1
51.0,57,29279.39,2364087.17,14,297.61,0,0,0,0,0,1,0,1,0,0,0,1,0
62.0,47,11906.66,2202459.38,12,125.2,1,0,0,0,0,1,0,0,1,0,0,0,0
36.0,25,2965.42,1357782.09,0,278.4,0,0,0,0,0,0,0,0,0,0,0,0,0
55.0,44,28116.51,481567.22,11,49.71,1,0,0,1,0,0,0,0,0,0,0,0,0
33.0,15,7507.04,932643.15,5,62.01,0,0,0,0,0,0,0,0,0,1,0,0,0
19.0,51,17793.97,625703.45,8,167.79,0,0,0,0,0,0,1,0,0,0,0,1,0
57.0,53,25999.42,1087525.24,8,105.51,1,0,0,0,1,0,0,0,0,1,0,0,0
34.0,34,45282.89,1470546.59,6,193.53,1,0,0,0,1,0,0,0,0,1,0,0,0
51.0,8,5009.34,2877344.78,6,127.19,0,0,0,0,0,0,0,0,1,1,0,0,0
59.0,70,33761.77,2878591.07,3,243.67,0,0,0,0,0,0,1,0,1,0,1,0,1
33.0,21,1689.98,2309917.62,6,130.04,1,1,0,0,0,0,0,0,1,1,0,0,0
55.0,7,31865.52,2940520.16,9,172.13,1,0,0,0,0,0,1,1,0,0,0,1,0
19.0,56,28025.09,2994057.37,4,97.0,1,0,1,0,0,0,0,0,0,1,0,0,0
19.0,49,40781.46,2656343.96,10,211.51,1,0,0,0,0,0,0,0,0,0,0,1,0
43.0,42,27051.46,243113.23,9,196.77,1,0,0,0,0,0,1,0,1,0,1,0,0
30.0,23,18278.21,1281002.09,4,119.7,0,1,0,0,0,0,0,1,0,0,0,0,1
64.0,52,12894.79,1604689.34,0,83.53,0,0,0,0,0,0,1,1,0,0,0,1,0
44.0,53,5177.24,376627.34,1,184.62,0,0,0,0,1,0,0,0,1,1,0,0,0
51.0,16,27196.02,2426848.73,8,283.0,0,0,0,1,0,0,0,0,0,0,0,1,0
56.0,37,44527.77,450306.83,1,40.66,1,0,0,0,1,0,0,1,0,1,0,0,0
20.0,18,26222.48,1153069.68,9,239.94,1,0,0,0,0,1,0,0,0,0,0,0,0
25.0,20,37216.04,211391.98,10,163.35,1,0,0,1,0,0,0,1,0,0,0,1,0
40.0,46,15623.31,1576156.3,11,158.14,0,0,0,0,0,1,0,0,0,1,0,0,0
31.0,2,22958.41,1793139.13,1,288.54,1,0,0,0,0,0,1,1,0,0,0,1,0
44.0,63,16905.56,2206854.67,14,182.16,1,0,1,0,0,0,0,0,0,0,0,0,0
46.0,3,6354.04,1021687.16,8,249.32,0,0,0,0,0,0,1,0,0,0,0,0,1
56.0,46,21432.44,1773641.84,2,154.83,0,1,0,0,0,0,0,0,0,0,0,0,0
70.0,49,38450.07,2203771.28,1,75.71,0,0,0,0,0,0,1,0,1,0,0,1,1
56.0,1,20353.77,2287295.27,6,208.65,1,0,0,1,0,0,0,0,0,0,0,1,0
18.0,22,32858.78,908417.33,11,277.03,1,0,0,0,1,0,0,0,0,1,0,0,0
34.0,14,38172.16,207773.27,8,252.53,0,0,1,0,0,0,0,1,0,0,0,0,1
58.0,45,16814.08,117670.34,10,60.31,0,0,0,0,0,1,0,1,0,1,0,0,0
47.0,6,40078.21,2305340.55,12,95.75,1,0,0,0,0,0,1,0,1,0,0,1,1
70.0,65,17607.36,1159389.56,5,155.55,0,0,0,0,0,0,1,1,0,0,1,0,0
30.0,21,13549.25,406158.28,11,171.91,1,0,0,0,1,0,0,0,0,0,0,0,0
38.0,4,11899.86,557544.36,15,58.95,0,0,1,0,0,0,0,0,1,1,0,0,0
36.0,3,10795.3,2299620.67,6,69.77,0,0,0,0,0,0,0,0,1,0,0,0,0
70.0,30,37119.08,1798711.49,12,227.89,0,0,0,0,0,1,0,0,1,1,0,0,0
36.0,31,44487.95,1506702.48,12,219.36,1,0,0,0,0,0,1,0,0,1,0,0,1
42.0,34,12301.78,1870907.72,2,251.92,1,0,0,0,0,0,1,0,0,0,1,0,0
39.0,20,5176.77,416811.16,10,279.95,0,0,0,0,0,0,0,1,0,0,0,1,0
48.0,54,16374.58,960531.52,2,93.17,1,0,0,0,0,1,0,1,0,0,0,0,0
34.0,25,33234.51,1125320.23,14,258.02,0,0,0,1,0,0,0,1,0,0,0,1,1
40.0,15,19057.48,946920.82,7,200.14,0,0,0,1,0,0,0,0,1,1,0,0,1
49.0,38,27909.65,2593926.85,6,287.37,1,1,0,0,0,0,0,0,0,0,0,1,0
27.0,23,37470.94,1746356.33,4,82.35,1,0,0,0,1,0,0,1,0,0,1,0,0
27.0,52,21015.45,2189317.62,5,81.63,1,0,1,0,0,0,0,0,0,0,0,1,0
53.0,66,49985.05,713934.74,8,211.58,1,0,0,0,0,0,1,0,1,1,0,0,0
25.0,57,15599.51,795901.74,2,278.59,0,0,0,0,0,1,0,0,0,1,0,0,0
69.0,57,48934.17,679881.27,11,247.54,1,0,0,0,0,0,1,0,0,0,1,0,0
37.0,52,10948.45,2065498.84,2,218.38,1,1,0,0,0,0,0,0,1,0,0,0,0
49.0,35,6435.66,1050377.78,13,116.81,0,0,0,0,0,1,0,1,0,0,1,0,0
67.0,14,37790.7,1218226.98,10,215.61,0,0,0,0,0,1,0,0,0,0,0,0,1
31.0,14,35413.17,2128819.22,5,240.53,0,0,0,0,0,0,1,0,0,1,0,0,0
67.0,33,40747.3,2915537.11,10,226.23,0,0,0,0,1,0,0,0,1,0,0,1,0
45.0,52,17835.93,489816.56,7,203.37,1,1,0,0,0,0,0,0,0,1,0,0,0
63.0,1,46609.58,192715.42,4,15.09,1,0,0,0,1,0,0,0,0,0,1,0,0
69.0,34,6854.59,588563.57,13,198.25,0,1,0,0,0,0,0,0,0,0,1,0,0
70.0,19,2483.58,2206207.25,0,144.01,0,0,0,0,0,0,1,0,1,0,0,1,0
41.0,24,15727.63,587908.74,2,288.51,1,1,0,0,0,0,0,0,0,0,1,0,1
32.0,4,40068.9,1755135.45,12,182.55,1,0,0,1,0,0,0,0,1,1,0,0,0
39.0,36,33976.13,1772998.03,7,182.86,1,0,0,0,0,1,0,1,0,0,0,1,0
47.0,58,22374.23,886797.19,3,298.22,1,0,1,0,0,0,0,0,0,0,0,0,0
21.0,32,13556.43,210835.21,8,28.98,1,0,0,0,0,0,1,0,1,0,1,0,0
30.0,9,3904.37,1200605.55,12,83.62,0,0,0,0,0,0,0,0,1,0,0,0,0
40.0,67,17537.77,564422.34,15,197.17,0,0,1,0,0,0,0,0,0,0,0,1,0
25.0,20,23540.97,557497.26,5,95.26,0,0,0,0,0,0,1,0,1,0,1,0,1
35.0,62,34664.17,1570153.67,9,104.5,0,0,1,0,0,0,0,1,0,0,0,1,0
29.0,58,32652.63,2020997.81,3,267.9,1,0,0,1,0,0,0,1,0,0,1,0,1
48.0,22,47419.9,230868.08,3,174.23,0,0,1,0,0,0,0,1,0,0,1,0,1
44.0,67,5919.4,1737072.59,9,31.76,1,1,0,0,0,0,0,1,0,0,1,0,1
51.0,48,17480.67,742373.92,4,93.95,1,0,1,0,0,0,0,0,1,0,0,1,1
44.0,8,24597.33,2021527.69,12,23.74,1,0,0,0,0,0,1,0,1,0,0,1,0
51.0,15,33864.09,2431596.43,6,167.28,1,0,0,0,0,0,0,1,0,1,0,0,0
28.0,32,25277.13,2422005.84,13,52.81,1,0,0,0,0,0,0,1,0,1,0,0,1
58.0,53,45725.15,1112734.77,11,257.28,1,0,0,0,1,0,0,1,0,0,0,1,0
29.0,67,30824.94,1703972.67,6,173.62,1,0,0,0,0,1,0,1,0,0,0,1,0
66.0,4,2943.61,2382117.08,12,18.75,0,0,1,0,0,0,0,1,0,0,1,0,0
32.0,30,6569.14,187126.73,9,90.96,1,0,0,0,0,0,0,0,1,1,0,0,0
48.0,13,37921.28,1818844.89,6,185.28,0,0,1,0,0,0,0,1,0,1,0,0,0
66.0,21,36073.6,2510383.34,4,101.31,0,0,0,0,0,1,0,1,0,0,0,1,0
46.0,41,8521.35,1120209.21,11,154.44,1,0,0,0,0,0,0,0,0,1,0,0,1
43.0,19,3886.52,1368947.3,12,272.9,1,0,0,0,0,1,0,0,1,0,0,1,0
35.0,48,29357.17,2097690.57,8,105.66,0,0,1,0,0,0,0,1,0,1,0,0,0
44.0,63,32151.2,208314.71,1,101.43,0,0,0,0,0,0,1,0,1,0,0,0,0
39.0,20,7629.68,1159979.7,7,246.11,0,0,1,0,0,0,0,0,0,0,0,0,0
55.0,64,24207.35,890653.76,9,96.31,0,0,0,0,0,1,0,0,0,1,0,0,0
34.0,37,15985.74,55897.78,7,24.31,1,0,0,0,0,0,1,1,0,0,0,1,1
40.0,31,46633.98,591938.12,2,55.1,1,0,0,0,0,0,1,1,0,0,0,0,0
41.0,18,11740.79,1190671.28,4,284.69,1,0,0,0,1,0,0,1,0,0,1,0,1
67.0,20,36929.78,596298.98,13,280.05,0,0,0,0,0,0,0,1,0,0,0,1,0
25.0,11,26388.56,1809182.96,7,68.22,1,1,0,0,0,0,0,0,0,0,0,0,0
58.0,44,1564.53,1348714.56,9,166.5,0,0,0,0,0,0,1,0,1,0,1,0,0
23.0,64,26332.93,123246.48,12,42.07,1,0,0,0,0,1,0,1,0,0,0,0,0
22.0,34,5874.14,828745.59,8,202.73,0,0,0,0,0,0,0,0,1,0,0,0,1
61.0,65,33294.05,63332.93,6,56.41,1,0,0,1,0,0,0,1,0,0,1,0,0
46.0,55,28710.65,1077614.86,3,15.89,1,0,1,0,0,0,0,1,0,0,1,0,0
45.0,1,1510.93,781034.5,3,247.64,0,0,0,0,0,1,0,0,0,1,0,0,0
28.0,38,11029.95,2066119.41,2,98.29,0,0,0,1,0,0,0,1,0,0,0,0,0
18.0,9,39035.03,925683.74,10,33.45,0,0,0,0,0,1,0,1,0,0,1,0,1
60.0,71,14512.86,1128600.2,7,250.34,0,0,1,0,0,0,0,1,0,1,0,0,0
36.0,17,25464.89,2177375.13,15,228.96,0,0,0,0,1,0,0,0,0,0,1,0,0
26.0,52,16287.93,1445348.44,5,205.44,1,0,0,0,0,1,0,0,1,1,0,0,1
44.0,18,46154.82,1671580.86,15,273.46,0,0,0,0,0,0,1,0,0,1,0,0,0
51.0,63,27292.27,2524833.26,9,147.28,1,1,0,0,0,0,0,1,0,0,1,0,1
61.0,33,35112.5,624630.47,5,39.29,1,0,0,0,0,0,1,1,0,0,1,0,1
21.0,4,5090.33,2967610.66,9,19.34,1,0,1,0,0,0,0,1,0,0,0,0,0
53.0,52,2976.46,2700814.75,9,96.21,1,0,0,0,0,1,0,0,1,0,0,0,1
35.0,9,13702.18,863225.72,8,26.96,1,1,0,0,0,0,0,0,1,1,0,0,0
44.0,64,16147.58,2679350.56,10,161.12,0,0,0,0,0,0,1,1,0,0,1,0,0
68.0,30,34696.35,2263098.69,2,5.34,0,1,0,0,0,0,0,1,0,0,0,0,0
30.0,8,28887.39,2792615.63,3,133.69,1,0,1,0,0,0,0,0,1,1,0,0,0
36.0,5,19354.4,2074949.89,2,54.36,1,0,0,0,1,0,0,0,0,0,0,0,0
66.0,63,33051.76,2025059.76,2,111.11,0,0,0,0,1,0,0,0,0,1,0,0,1
23.0,1,9014.72,15375.91,0,202.84,0,0,0,0,0,1,0,0,1,0,0,0,0
65.0,15,4111.0,1426461.53,13,105.94,1,0,0,0,0,0,1,0,1,0,1,0,0
29.0,38,42870.75,604804.48,9,103.06,0,0,0,1,0,0,0,1,0,0,0,1,1
68.0,42,25186.59,975623.97,5,297.23,0,0,1,0,0,0,0,0,1,0,0,1,0
54.0,46,32805.67,2936552.82,14,215.93,0,0,0,0,0,0,1,0,1,1,0,0,0
34.0,53,16054.87,261078.36,14,154.64,1,0,0,0,0,0,1,1,0,0,0,1,0
40.0,26,19225.79,2168846.98,15,174.23,0,0,0,0,1,0,0,0,1,0,0,1,1
43.0,61,5036.0,522969.8,8,186.43,1,0,0,0,0,1,0,1,0,1,0,0,1
46.0,67,42992.42,27167.01,4,8.35,1,1,0,0,0,0,0,0,0,0,0,1,1
50.0,54,30029.53,1506749.03,11,25.0,1,0,1,0,0,0,0,0,0,0,0,0,0
44.0,22,5097.76,487839.82,11,195.11,1,1,0,0,0,0,0,0,0,0,0,0,0
42.0,26,40421.95,2896571.44,11,109.98,1,0,0,0,0,0,0,1,0,0,0,0,0
27.0,60,22761.65,615071.73,13,17.58,0,0,0,0,0,0,0,0,0,0,1,0,0
64.0,39,38489.97,580145.65,9,89.96,1,0,1,0,0,0,0,0,0,0,0,0,0
40.0,36,1618.37,101339.94,1,39.95,1,0,0,0,0,1,0,1,0,0,0,1,0
38.0,21,2408.25,992809.82,9,274.98,1,0,0,1,0,0,0,1,0,0,0,1,0
38.0,41,9368.36,77214.47,3,61.67,0,0,0,0,0,0,0,0,0,0,0,0,0
60.0,48,11334.91,1499165.47,15,43.96,0,0,0,0,1,0,0,0,0,0,1,0,0
30.0,26,38433.82,1519303.88,11,188.22,0,0,0,1,0,0,0,0,0,0,0,0,0
54.0,63,35628.01,164463.64,5,157.05,0,0,0,0,0,0,1,0,1,0,1,0,0
50.0,36,31188.32,723986.52,13,173.2,0,0,0,0,0,0,0,1,0,0,1,0,1
41.0,24,44358.09,2497158.92,6,131.35,0,0,0,0,1,0,0,1,0,0,0,0,0
61.0,21,13110.29,1390321.59,11,140.68,0,0,0,0,0,0,1,1,0,0,1,0,0
28.0,18,45315.84,1306657.07,12,233.86,1,0,0,1,0,0,0,1,0,0,0,1,0
34.0,15,45564.08,2097836.96,12,66.76,1,0,1,0,0,0,0,0,0,0,0,0,0
21.0,6,22278.73,2146071.42,6,119.56,0,0,0,0,0,0,1,1,0,0,0,1,0
64.0,43,5624.92,2287077.99,13,287.39,1,1,0,0,0,0,0,0,1,0,1,0,0
42.0,31,36601.44,2492294.56,3,57.81,1,0,1,0,0,0,0,0,1,1,0,0,0
47.0,28,17509.5,700590.69,9,88.84,0,0,1,0,0,0,0,0,0,0,0,0,0
26.0,8,39951.55,203809.92,9,58.28,1,0,0,1,0,0,0,0,0,1,0,0,0
38.0,29,9020.82,1143893.31,4,7.13,1,0,0,1,0,0,0,1,0,1,0,0,0
37.0,21,27436.24,2566018.24,12,81.68,0,0,0,0,1,0,0,0,0,1,0,0,0
36.0,58,25895.61,238695.85,3,14.89,1,0,0,0,1,0,0,0,0,1,0,0,0
36.0,60,5915.41,1729981.63,11,47.25,0,1,0,0,0,0,0,0,0,0,0,1,0
29.0,50,18803.31,2104743.43,9,109.44,0,0,1,0,0,0,0,0,1,0,0,0,1
54.0,31,5153.01,1446814.6,5,7.2,1,0,0,0,0,1,0,1,0,0,0,1,1
59.0,47,23772.28,769250.45,10,226.13,1,1,0,0,0,0,0,0,0,0,1,0,0
44.0,34,42302.32,982296.9,13,238.88,1,1,0,0,0,0,0,1,0,0,0,0,1
54.0,2,14240.03,219598.03,6,124.01,0,0,0,0,0,1,0,1,0,0,0,0,0
65.0,67,38478.24,881287.72,1,295.42,0,0,0,0,0,1,0,1,0,0,0,1,1
56.0,72,9987.94,137912.13,13,204.02,0,0,0,0,0,1,0,0,1,0,1,0,0
45.0,52,34013.01,2180343.37,9,223.37,1,0,0,1,0,0,0,1,0,1,0,0,0
58.0,7,45861.33,2694495.86,11,58.5,1,1,0,0,0,0,0,1,0,0,1,0,0
52.0,19,16872.48,1902371.82,15,251.39,0,1,0,0,0,0,0,0,0,0,0,1,0
64.0,15,45120.17,1971826.15,15,283.57,1,0,0,0,0,0,1,0,0,0,0,1,1
65.0,48,25765.63,1419066.3,2,71.66,1,0,0,0,0,1,0,0,1,0,0,1,0
35.0,14,16523.45,472329.17,10,206.25,0,0,0,0,0,1,0,1,0,1,0,0,0
31.0,3,44928.9,28136.8,7,224.34,0,0,0,0,1,0,0,0,1,0,0,0,0
52.0,50,2569.83,1035208.11,6,92.25,1,0,0,0,1,0,0,1,0,0,1,0,1
61.0,54,2372.92,2255708.23,11,143.03,0,0,1,0,0,0,0,0,1,0,1,0,0
58.0,6,30391.65,2881492.58,0,30.16,1,0,0,0,1,0,0,1,0,1,0,0,1
24.0,49,40040.79,1296099.35,3,52.76,0,0,0,0,0,0,0,0,0,0,0,1,0
58.0,23,37825.77,1099346.08,4,19.41,0,0,1,0,0,0,0,0,1,0,1,0,0
30.0,20,4894.01,1340645.73,13,168.49,0,0,0,0,0,1,0,0,0,0,0,0,0
35.0,60,47562.31,1286185.81,2,187.95,1,0,0,0,0,0,1,1,0,0,1,0,0
54.0,45,35450.11,1879510.1,14,274.92,1,0,0,0,1,0,0,0,1,0,0,1,1
30.0,61,47506.49,2203771.45,3,163.11,0,0,0,0,0,0,1,0,0,0,1,0,0
53.0,56,17125.79,2355949.28,9,78.92,0,0,0,0,1,0,0,0,0,0,0,1,0
48.0,2,35003.02,1950566.4,9,18.78,0,0,0,0,1,0,0,0,0,0,0,0,0
19.0,45,43137.0,1315983.26,13,265.6,1,0,0,0,0,0,1,1,0,1,0,0,0
33.0,40,19642.75,2850560.75,9,144.18,0,1,0,0,0,0,0,0,1,0,0,1,0
26.0,24,48278.14,2134503.99,6,221.46,0,1,0,0,0,0,0,0,0,0,0,1,0
26.0,29,13984.65,1282840.83,7,5.38,0,1,0,0,0,0,0,1,0,0,1,0,0
55.0,67,25186.59,1342512.42,11,146.95,0,0,0,0,0,0,0,1,0,1,0,0,0
28.0,68,46096.1,2454852.65,8,98.39,1,1,0,0,0,0,0,1,0,0,0,1,1
39.0,66,48513.33,1324419.96,14,10.07,1,0,0,0,1,0,0,0,1,0,1,0,0
50.0,54,14974.59,1551239.5,12,232.93,0,0,0,0,0,1,0,1,0,0,0,0,0
53.0,53,7683.11,878199.11,1,154.36,1,0,0,1,0,0,0,1,0,1,0,0,0
62.0,49,38193.72,2517549.93,3,100.62,1,0,0,0,0,0,1,0,1,0,1,0,0
40.0,32,25186.59,1569245.01,0,241.93,1,0,0,0,0,1,0,0,1,1,0,0,0
62.0,61,30434.97,1659845.14,2,134.63,0,0,0,1,0,0,0,1,0,0,0,1,0
62.0,42,32091.43,2642622.83,7,2.05,1,0,0,0,0,1,0,1,0,0,1,0,0
51.0,1,38384.22,2761949.22,6,283.39,1,0,0,0,0,0,0,0,0,0,0,0,0
26.0,63,8501.16,2473460.42,15,77.45,1,0,0,1,0,0,0,0,1,0,0,0,0
41.0,35,48699.98,200784.39,14,249.34,0,0,1,0,0,0,0,0,1,0,1,0,0
25.0,51,18852.14,1333309.76,14,245.11,0,1,0,0,0,0,0,0,0,0,1,0,0
24.0,71,31783.78,1033276.16,7,49.55,1,0,0,0,0,0,0,1,0,1,0,0,0
53.0,45,23962.19,644476.77,14,142.73,1,0,0,0,0,1,0,1,0,0,1,0,0
35.0,65,23940.87,2727316.86,10,13.02,0,0,0,0,1,0,0,1,0,1,0,0,0
20.0,14,35434.47,2670756.53,5,107.01,0,1,0,0,0,0,0,1,0,0,0,1,0
45.0,3,49738.45,1398567.16,15,219.56,1,1,0,0,0,0,0,0,0,0,1,0,0
23.0,24,33293.93,408009.75,4,71.88,1,0,0,1,0,0,0,0,1,0,0,1,0
61.0,65,39908.9,45030.03,11,36.02,0,0,1,0,0,0,0,0,1,0,0,0,0
61.0,48,2353.19,1318208.91,11,152.63,0,1,0,0,0,0,0,1,0,1,0,0,1
38.0,10,40710.94,124665.67,9,161.56,1,0,0,0,0,1,0,0,0,1,0,0,1
45.0,13,15698.82,1830620.05,8,203.07,0,0,0,0,0,1,0,1,0,0,0,0,0
57.0,14,7208.39,1827184.57,4,227.98,1,0,0,0,0,0,1,1,0,0,0,1,0
18.0,10,6553.37,2697323.65,8,209.05,1,0,0,0,0,0,1,0,0,1,0,0,0
53.0,40,34313.87,574197.14,14,253.78,1,1,0,0,0,0,0,0,0,0,0,0,0
38.0,23,49883.22,1117325.76,14,67.65,0,0,0,1,0,0,0,0,1,0,0,0,0
60.0,55,33643.56,2579338.44,14,171.36,1,0,0,1,0,0,0,0,1,0,0,0,0
52.0,63,13855.06,1425518.02,12,108.67,1,0,0,0,1,0,0,1,0,0,1,0,0
30.0,71,10961.99,183871.25,3,288.67,0,0,0,0,0,0,0,1,0,0,0,1,0
66.0,42,26771.9,336797.82,11,132.64,0,0,0,0,0,0,0,0,1,0,0,0,0
27.0,66,4186.93,2441296.44,4,287.95,1,0,0,0,0,0,0,0,0,0,0,1,0
70.0,47,20567.21,2232373.8,0,230.95,1,0,1,0,0,0,0,1,0,1,0,0,0
61.0,52,33645.51,2628265.14,5,215.82,0,0,0,1,0,0,0,1,0,0,1,0,0
64.0,18,48415.45,360989.19,2,147.98,0,0,0,0,1,0,0,0,0,0,0,0,0
70.0,18,21857.02,2282448.15,10,133.57,0,0,0,0,0,0,1,1,0,0,0,0,0
27.0,24,10810.97,1967037.57,14,158.44,1,0,0,0,0,1,0,0,0,0,0,0,0
63.0,23,41050.76,700718.26,9,88.8,1,0,0,0,0,0,0,0,1,1,0,0,0
30.0,12,37465.78,2921843.63,1,271.45,1,0,0,0,0,0,1,0,1,0,1,0,0
54.0,23,43125.49,1713212.68,5,238.5,0,0,0,0,0,0,1,0,1,0,0,1,1
55.0,21,11521.22,2721099.54,0,240.62,1,1,0,0,0,0,0,0,1,0,0,1,0
41.0,64,25186.59,2577983.94,13,130.51,0,0,1,0,0,0,0,0,1,0,0,1,0
19.0,72,49096.17,1002710.75,11,22.26,1,0,0,0,1,0,0,1,0,0,0,1,1
39.0,34,8744.07,1610190.8,8,205.24,0,0,1,0,0,0,0,0,1,0,0,1,0
34.0,2,33901.09,1296948.06,4,112.95,1,1,0,0,0,0,0,1,0,0,0,1,0
53.0,69,12622.04,2128687.32,6,261.26,1,0,0,0,1,0,0,1,0,0,0,1,1
31.0,31,25507.79,1766185.8,10,234.32,0,0,0,0,1,0,0,0,0,0,1,0,0
27.0,68,40224.97,2355636.33,9,44.45,0,0,0,1,0,0,0,1,0,0,1,0,0
52.0,70,24940.72,40198.02,15,180.91,1,0,1,0,0,0,0,1,0,1,0,0,0
42.0,19,40468.6,2064940.82,8,207.97,0,0,1,0,0,0,0,0,1,0,0,0,0
20.0,72,21890.41,960600.14,8,170.87,0,0,0,1,0,0,0,0,1,0,1,0,0
64.0,13,49968.29,676545.31,12,154.7,1,1,0,0,0,0,0,0,0,0,0,0,1
55.0,65,22355.58,2404717.89,6,69.13,0,1,0,0,0,0,0,0,0,1,0,0,0
34.0,6,8319.59,272217.53,14,71.54,1,0,1,0,0,0,0,1,0,0,1,0,0
29.0,71,20691.61,689237.84,3,230.63,1,0,0,1,0,0,0,0,0,1,0,0,0
69.0,27,37387.07,615184.35,14,6.59,0,0,0,0,0,1,0,0,1,0,1,0,0
41.0,52,42548.95,1262377.21,3,233.89,0,0,0,0,1,0,0,0,1,0,1,0,1
46.0,48,23545.06,970398.67,6,158.51,1,0,0,0,0,0,0,0,1,0,0,1,0
60.0,68,30129.37,2162802.61,7,280.93,1,0,0,0,0,1,0,1,0,0,0,0,0
42.0,44,42399.61,2099612.79,6,299.2,1,0,0,1,0,0,0,1,0,1,0,0,1
53.0,17,40863.76,979785.32,10,199.38,1,0,0,0,0,0,0,0,0,0,0,1,0
43.0,38,33228.47,1313757.42,13,124.26,1,0,0,0,0,0,1,0,1,0,1,0,1
55.0,10,40936.33,627685.01,13,143.05,1,1,0,0,0,0,0,1,0,0,1,0,1
18.0,54,29219.63,2014150.53,9,62.06,0,0,0,0,0,0,0,1,0,1,0,0,1
37.0,6,1227.76,1191687.11,3,30.67,0,0,0,0,0,0,1,0,0,0,0,0,0
45.0,6,3022.07,402814.18,3,174.05,0,0,0,0,0,0,0,0,1,1,0,0,0
44.0,52,49010.61,386160.15,7,241.84,1,0,0,0,1,0,0,0,1,0,1,0,1
64.0,15,8104.61,970350.43,11,79.27,0,0,0,0,1,0,0,0,0,0,0,1,0
34.0,68,20821.3,2243238.46,13,126.48,1,0,0,0,1,0,0,0,0,1,0,0,1
57.0,57,46756.75,81385.49,8,166.88,1,1,0,0,0,0,0,0,0,0,0,1,0
45.0,56,10556.93,777035.21,6,272.46,0,0,0,1,0,0,0,0,0,0,0,0,1
29.0,7,42345.78,491646.05,14,42.45,1,0,0,0,1,0,0,0,1,0,0,0,0
44.0,51,25186.59,2869651.07,11,71.83,1,0,0,0,0,1,0,0,1,0,0,1,0
70.0,58,49330.15,2117318.4,13,275.64,1,0,0,0,1,0,0,0,0,0,0,0,0
59.0,64,14802.41,703531.89,12,12.82,1,0,0,0,0,1,0,1,0,0,0,1,1
64.0,26,16450.94,626344.45,13,197.18,1,0,0,1,0,0,0,1,0,0,0,1,0
47.0,58,45241.02,2574801.48,2,192.22,1,0,0,0,1,0,0,0,1,0,0,1,0
58.0,31,12469.87,574728.96,11,115.59,0,0,0,0,0,0,1,0,1,0,0,0,0
51.0,66,27847.15,2991192.3,15,140.98,1,0,0,0,0,0,1,0,0,0,0,1,0
54.0,13,35659.9,850497.84,9,256.62,1,0,1,0,0,0,0,1,0,0,0,0,0
23.0,18,14322.33,257576.48,15,50.33,1,0,0,0,0,0,1,0,1,0,0,1,1
24.0,13,46982.23,2074370.97,0,70.24,1,1,0,0,0,0,0,1,0,0,0,1,0
49.0,24,33619.18,1830880.16,14,154.19,0,1,0,0,0,0,0,0,0,0,0,0,0
49.0,57,25186.59,2999467.39,4,123.51,0,1,0,0,0,0,0,0,1,0,0,1,0
70.0,29,7651.14,2407246.8,5,172.74,1,0,0,1,0,0,0,0,1,0,0,1,1
42.0,56,10348.3,1289365.42,10,276.33,1,0,0,0,0,0,1,1,0,0,0,0,1
50.0,54,13002.91,2031451.29,8,275.21,1,0,0,0,0,1,0,1,0,0,1,0,0
24.0,5,36803.19,2454459.11,4,69.78,0,1,0,0,0,0,0,0,1,1,0,0,0
69.0,35,5357.83,1543610.94,0,91.34,0,0,1,0,0,0,0,1,0,0,0,0,0
29.0,19,18179.14,822249.99,10,49.46,0,0,0,1,0,0,0,1,0,0,0,1,1
33.0,55,45657.78,634266.4,10,278.41,0,0,1,0,0,0,0,0,0,1,0,0,1
33.0,69,28276.72,889367.9,3,119.96,1,0,0,0,0,0,1,1,0,1,0,0,0
60.0,44,14009.33,2544966.0,1,135.46,0,0,0,0,1,0,0,0,1,0,0,1,0
70.0,38,47895.76,1144394.96,3,240.99,0,0,1,0,0,0,0,0,0,0,0,1,0
53.0,62,12971.48,863559.15,13,154.38,1,0,0,0,1,0,0,0,1,0,1,0,0
30.0,22,45349.88,2418632.25,6,36.81,1,0,0,1,0,0,0,0,0,0,0,1,0
24.0,40,36562.71,100601.42,8,131.92,0,0,1,0,0,0,0,0,0,1,0,0,0
53.0,26,37285.53,1783905.02,11,189.53,0,0,1,0,0,0,0,1,0,0,0,1,1
64.0,5,38482.03,2621527.25,2,216.04,0,0,0,0,0,0,0,1,0,1,0,0,0
44.0,54,25821.9,1233200.83,2,193.96,0,0,0,1,0,0,0,0,1,0,0,0,0
26.0,49,40914.36,811607.89,10,36.64,1,0,0,1,0,0,0,1,0,0,0,0,0
49.0,3,41973.46,1477668.66,3,92.0,1,1,0,0,0,0,0,0,0,1,0,0,1
28.0,38,18663.85,2153844.12,6,220.34,0,0,0,0,0,0,1,1,0,0,0,0,0
25.0,14,20616.88,1552233.66,5,264.18,0,0,1,0,0,0,0,0,1,0,1,0,0
50.0,47,44549.08,27878.79,13,15.11,0,0,1,0,0,0,0,0,0,1,0,0,0
40.0,14,26711.73,239582.05,4,13.63,0,0,0,0,0,1,0,0,1,1,0,0,0
42.0,38,43480.23,2165378.63,3,193.38,0,0,0,1,0,0,0,1,0,0,0,1,0
25.0,64,31711.7,1202854.25,11,164.87,1,0,0,1,0,0,0,0,0,0,1,0,0
62.0,44,30084.82,2355403.61,7,47.45,1,0,0,0,0,0,1,0,1,0,0,1,0
39.0,70,2518.07,1950222.29,11,164.94,1,0,0,1,0,0,0,1,0,0,1,0,1
21.0,65,14616.83,1746639.92,3,292.37,0,0,0,0,1,0,0,1,0,0,1,0,0
57.0,25,25600.82,2704618.63,2,189.64,0,0,0,0,1,0,0,0,1,0,1,0,0
20.0,16,29778.54,68859.61,6,135.29,1,0,0,0,0,0,0,0,0,1,0,0,0
46.0,15,31891.29,469327.91,1,248.43,1,0,0,0,1,0,0,0,1,0,0,0,0
58.0,3,36094.92,1875005.99,3,64.63,0,0,0,0,1,0,0,1,0,0,0,0,0
46.0,67,33155.44,202155.0,7,124.88,1,0,0,0,0,0,1,0,1,0,0,1,1
51.0,37,25186.59,1936686.6,3,158.8,0,0,1,0,0,0,0,1,0,0,0,1,0
51.0,55,15478.05,2952442.63,9,151.86,0,0,0,0,1,0,0,0,0,0,0,0,1
45.0,38,32436.93,2637030.26,15,276.37,1,0,0,0,0,0,0,0,1,0,0,0,1
30.0,63,3506.82,1774796.19,11,88.51,1,0,0,1,0,0,0,0,0,0,1,0,0
32.0,1,24529.31,2682460.14,6,17.89,1,0,0,0,1,0,0,0,1,0,0,1,0
40.0,71,14133.62,353223.11,1,275.0,0,0,0,0,0,0,0,1,0,0,0,1,0
61.0,19,19663.47,1366809.02,10,65.9,0,0,0,0,0,0,1,0,0,0,0,1,0
43.0,52,18378.47,1288884.97,4,114.33,1,0,0,0,0,1,0,1,0,0,0,1,1
21.0,30,3961.1,1012660.52,11,159.74,0,0,0,0,0,1,0,0,1,0,0,0,0
43.0,55,23865.64,5603.19,12,292.79,0,0,0,0,0,1,0,1,0,0,0,0,1
57.0,14,49736.84,2673631.91,3,161.05,0,0,0,1,0,0,0,0,1,1,0,0,1
26.0,13,15647.87,2334231.3,8,134.88,1,0,0,0,0,0,0,0,0,1,0,0,0
22.0,27,37071.15,1960308.26,6,175.51,0,0,0,0,1,0,0,1,0,0,0,0,1
49.0,9,27841.63,391255.7,13,291.27,1,0,1,0,0,0,0,1,0,0,1,0,0
37.0,41,16936.04,1137724.38,8,245.57,1,0,0,1,0,0,0,0,1,0,0,0,1
67.0,48,5390.75,2773359.36,10,51.52,0,0,0,1,0,0,0,0,1,0,1,0,0
28.0,12,11577.04,1852704.17,12,241.17,1,0,0,0,0,1,0,0,1,0,0,1,0
32.0,10,39310.82,1812214.56,12,252.49,0,0,1,0,0,0,0,0,0,1,0,0,0
49.0,6,14671.99,2739814.09,9,207.52,1,0,0,0,0,1,0,1,0,0,1,0,0
45.0,34,8070.82,1681702.01,6,197.51,1,0,0,1,0,0,0,0,1,0,0,1,0
39.0,52,17233.62,1794881.63,1,132.82,0,0,0,0,1,0,0,0,1,0,0,0,0
58.0,41,29618.1,1040418.5,11,192.87,1,0,0,0,0,1,0,1,0,1,0,0,0
34.0,6,35469.7,1117465.58,1,221.53,1,0,0,0,0,1,0,0,0,0,0,0,0
43.0,2,19980.88,2058392.55,1,37.72,1,0,0,0,0,1,0,1,0,0,0,1,1
61.0,15,25409.21,964703.47,4,77.94,0,0,0,1,0,0,0,0,1,0,0,1,0
24.0,17,23290.92,1679528.22,0,59.03,0,0,0,0,1,0,0,1,0,0,0,0,0
59.0,16,1441.16,841194.09,12,252.52,1,0,1,0,0,0,0,0,1,0,0,1,1
43.0,28,20384.42,502545.09,6,204.32,1,1,0,0,0,0,0,0,1,0,0,1,0
42.0,72,29778.67,1365935.36,1,135.78,1,0,1,0,0,0,0,1,0,0,1,0,0
44.0,10,28927.29,656250.81,3,247.99,0,0,0,0,1,0,0,1,0,0,0,0,0
62.0,10,37738.61,2695990.44,8,215.32,0,0,0,0,0,0,1,0,0,0,0,0,1
36.0,10,33848.42,914320.83,7,274.16,1,0,0,0,0,1,0,0,1,1,0,0,0
28.0,28,14563.53,1794219.28,9,23.97,0,0,1,0,0,0,0,0,1,0,1,0,0
30.0,24,13526.54,794008.31,1,153.24,0,0,0,0,0,0,1,0,1,0,1,0,0
70.0,19,23742.95,777767.69,13,212.32,0,0,0,0,0,0,1,0,1,0,0,1,0
25.0,68,36915.51,1055155.06,15,63.04,0,0,0,0,1,0,0,0,1,1,0,0,0
57.0,56,5597.54,2748044.33,3,98.81,1,0,0,0,1,0,0,1,0,1,0,0,1
21.0,67,47468.0,1177535.73,3,126.27,0,0,0,0,0,1,0,0,1,0,1,0,0
64.0,42,27614.5,2464693.08,1,238.5,0,1,0,0,0,0,0,1,0,1,0,0,0
48.0,12,16014.01,595907.73,1,148.58,1,0,0,0,0,0,0,0,0,0,1,0,0
45.0,18,34976.17,149267.78,4,148.37,1,0,0,1,0,0,0,0,1,1,0,0,1
28.0,23,3191.56,2346125.37,10,129.84,0,0,1,0,0,0,0,0,0,0,1,0,0
60.0,6,24735.45,1627915.32,3,69.35,0,0,0,0,1,0,0,1,0,0,1,0,0
18.0,53,24812.51,1513658.81,14,277.0,1,0,1,0,0,0,0,1,0,0,0,1,0
66.0,42,8936.79,820256.52,7,96.02,1,0,0,0,0,0,0,0,0,0,0,1,1
64.0,66,42032.0,221589.46,3,170.67,1,0,0,0,0,0,0,0,1,1,0,0,0
69.0,30,40043.79,1451165.81,14,45.49,0,0,0,0,0,1,0,1,0,0,0,1,0
55.0,9,8483.89,2602342.94,14,130.84,0,0,0,0,0,0,1,1,0,0,0,0,0
41.0,42,18827.54,364465.93,7,271.24,1,0,0,0,0,1,0,1,0,0,0,0,0
64.0,34,5921.05,2787866.78,13,298.64,0,0,0,1,0,0,0,1,0,1,0,0,0
48.0,40,42581.83,827813.6,4,109.16,1,1,0,0,0,0,0,1,0,0,1,0,0
58.0,17,16842.69,1598897.95,15,47.04,0,0,1,0,0,0,0,1,0,0,0,1,1
63.0,29,22526.5,204192.64,0,95.02,1,0,0,1,0,0,0,0,0,1,0,0,0
67.0,50,16869.73,1278014.55,13,98.85,1,1,0,0,0,0,0,0,1,0,0,0,0
43.0,49,16191.27,382064.17,13,193.71,0,0,1,0,0,0,0,0,1,0,1,0,0
66.0,61,37617.81,148681.49,8,149.35,0,0,0,1,0,0,0,0,1,0,0,1,0
67.0,46,37630.75,2899840.29,7,230.77,0,0,0,0,1,0,0,0,1,0,1,0,0
22.0,46,26371.62,2191633.13,0,210.69,0,0,1,0,0,0,0,0,0,0,1,0,1
37.0,17,33223.23,2158577.87,11,76.14,0,0,0,1,0,0,0,0,0,0,0,1,0
69.0,66,26071.5,276196.32,2,235.49,0,0,0,0,0,0,0,0,1,0,0,1,0
58.0,5,2400.87,2788404.82,15,254.39,1,1,0,0,0,0,0,1,0,0,0,0,0
28.0,54,4234.32,1411058.2,2,179.92,0,0,0,1,0,0,0,0,1,0,0,0,0
50.0,16,19803.29,2557590.78,14,278.37,1,0,0,0,1,0,0,1,0,0,1,0,0
67.0,7,37737.57,42740.3,4,235.1,1,0,0,0,0,1,0,1,0,0,1,0,1
55.0,8,45748.09,898128.41,6,179.02,0,0,1,0,0,0,0,0,0,0,0,0,1
44.0,72,2455.71,2988161.13,0,271.94,1,0,1,0,0,0,0,1,0,0,0,0,0
51.0,38,19033.47,1286374.94,0,180.51,1,0,1,0,0,0,0,0,0,0,1,0,0
32.0,54,11965.34,2666038.15,9,156.84,0,0,0,0,1,0,0,0,1,1,0,0,0
49.0,15,40945.06,987355.05,12,107.52,0,1,0,0,0,0,0,0,0,1,0,0,0
44.0,50,42452.44,1578360.75,5,264.98,0,0,1,0,0,0,0,1,0,1,0,0,1
63.0,56,11114.03,2563386.1,13,37.7,1,1,0,0,0,0,0,1,0,0,0,1,0
22.0,9,35830.54,1819432.58,4,142.58,0,0,0,1,0,0,0,1,0,0,0,0,0
23.0,8,36856.05,2176951.07,11,161.69,0,0,0,0,0,0,0,0,1,1,0,0,0
55.0,19,9675.83,690355.45,11,166.87,0,0,0,0,0,0,0,0,0,1,0,0,0
39.0,51,22251.1,471891.86,12,195.92,0,1,0,0,0,0,0,0,1,0,0,0,0
35.0,72,31396.55,694767.8,2,152.23,1,1,0,0,0,0,0,0,0,0,0,1,0
31.0,57,2277.26,1481680.7,12,77.79,0,0,0,0,0,0,0,0,1,1,0,0,1
27.0,68,20825.0,2403889.47,2,257.23,1,0,1,0,0,0,0,0,1,0,0,1,1
63.0,31,8592.95,1065211.58,3,197.6,0,0,0,0,0,0,1,1,0,0,0,1,1
44.0,3,27552.93,1696623.27,14,257.6,1,0,0,0,0,0,1,0,1,0,1,0,0
48.0,43,42302.96,2415413.32,12,83.54,1,0,0,0,1,0,0,0,1,0,0,0,0
47.0,29,26712.94,720135.52,10,191.48,1,0,0,0,0,1,0,0,0,0,1,0,0
20.0,10,2763.2,2649512.33,9,214.54,0,0,0,0,0,0,0,0,1,1,0,0,0
47.0,12,2453.21,2859481.53,1,115.64,1,0,0,0,0,0,0,1,0,0,1,0,0
23.0,46,30669.65,121715.56,12,243.86,0,0,0,0,1,0,0,0,1,0,0,0,0
46.0,30,17071.1,182037.77,8,1.75,0,0,0,0,0,0,1,0,0,0,0,1,1
25.0,32,29060.66,277424.36,12,178.88,0,0,0,1,0,0,0,0,0,0,0,1,0
61.0,47,9018.22,2331421.38,11,184.46,0,0,1,0,0,0,0,0,1,1,0,0,0
62.0,63,39066.26,572064.15,3,160.62,0,0,1,0,0,0,0,0,1,0,0,0,1
60.0,26,43175.27,2178459.48,15,189.38,1,0,0,1,0,0,0,0,0,0,0,1,0
61.0,3,44572.05,1326621.83,9,51.0,0,0,0,1,0,0,0,1,0,1,0,0,1
50.0,23,15899.65,2509583.75,2,205.75,1,0,0,0,0,0,1,0,1,0,0,0,0
34.0,50,33376.03,2426623.46,9,101.4,1,0,0,0,1,0,0,1,0,0,0,0,1
65.0,36,14673.08,2879189.37,10,136.16,1,0,0,1,0,0,0,1,0,0,1,0,0
28.0,13,38375.08,756858.36,6,100.6,1,0,0,0,1,0,0,0,1,0,0,1,0
30.0,29,6905.73,691571.29,12,142.71,1,0,0,0,0,1,0,1,0,0,0,0,1
67.0,38,38375.48,99366.39,8,186.85,1,1,0,0,0,0,0,0,0,0,0,1,0
28.0,5,22546.7,1234196.21,11,251.66,1,0,1,0,0,0,0,1,0,0,0,1,1
48.0,20,42921.93,1379894.19,12,145.55,0,0,0,0,0,0,1,0,0,0,0,0,1
45.0,14,37207.61,2893718.93,1,97.64,1,0,1,0,0,0,0,0,1,0,0,1,0
61.0,8,19449.46,2493201.96,13,146.89,0,0,0,0,0,0,1,1,0,0,1,0,0
23.0,48,45273.42,504541.2,5,206.95,1,1,0,0,0,0,0,0,0,1,0,0,0
58.0,13,14883.52,2396475.64,4,104.66,1,0,1,0,0,0,0,0,0,1,0,0,1
33.0,24,48382.44,539006.35,0,124.87,1,1,0,0,0,0,0,0,1,0,0,0,1
21.0,65,38592.97,237906.38,10,169.29,1,0,0,0,0,0,1,1,0,0,1,0,0
52.0,34,49543.07,2512062.84,6,88.91,0,0,0,1,0,0,0,0,0,1,0,0,0
65.0,51,3641.33,2927998.95,0,63.52,0,0,0,0,0,1,0,0,0,0,1,0,1
43.0,3,14427.77,268915.04,9,42.98,0,0,1,0,0,0,0,0,1,0,0,0,0
29.0,58,37321.95,2442705.0,8,106.43,1,1,0,0,0,0,0,1,0,0,1,0,0
28.0,72,46190.24,2578341.88,15,15.45,1,0,0,0,0,0,0,1,0,0,0,0,1
54.0,55,2409.77,360672.97,3,175.46,1,0,1,0,0,0,0,0,0,1,0,0,1
42.0,42,1000.46,853344.15,13,53.6,0,0,1,0,0,0,0,1,0,1,0,0,0
35.0,21,25186.59,2202313.61,7,113.84,1,0,1,0,0,0,0,1,0,1,0,0,0
36.0,10,42786.16,2424152.19,0,81.5,0,0,0,0,1,0,0,1,0,1,0,0,1
40.0,57,38590.5,1065152.5,4,189.49,0,1,0,0,0,0,0,1,0,0,0,1,0
55.0,25,17673.6,483988.55,2,255.25,1,1,0,0,0,0,0,1,0,0,1,0,0
35.0,56,1098.55,1946791.71,3,190.36,1,0,1,0,0,0,0,1,0,0,1,0,0
43.0,38,28180.58,2107395.97,11,163.21,0,1,0,0,0,0,0,1,0,0,1,0,1
23.0,61,12659.82,1513305.52,3,201.06,0,0,1,0,0,0,0,0,0,0,0,0,0
21.0,47,37534.84,439098.5,7,9.97,0,0,0,0,1,0,0,0,0,1,0,0,0
61.0,54,22871.13,2534237.8,9,37.73,1,0,0,0,0,0,1,1,0,1,0,0,0
68.0,46,34251.49,1937571.55,9,29.38,1,0,0,0,1,0,0,1,0,0,0,1,0
46.0,68,42763.13,2608146.93,12,30.36,1,0,0,1,0,0,0,0,1,0,0,1,0
51.0,4,27252.23,2799242.38,15,78.88,1,0,1,0,0,0,0,0,0,1,0,0,0
34.0,66,17461.82,2418065.08,2,160.08,1,1,0,0,0,0,0,0,1,0,1,0,0
60.0,43,38707.63,2876178.96,0,35.29,1,0,0,0,0,1,0,0,0,0,1,0,1
60.0,62,13994.17,2863001.95,4,280.6,0,0,0,0,0,0,0,0,1,1,0,0,0
70.0,4,44684.42,1859936.94,1,256.42,0,0,1,0,0,0,0,0,1,0,0,0,0
33.0,65,4499.95,2185881.44,12,291.52,0,0,0,1,0,0,0,0,1,0,1,0,0
19.0,62,41937.96,2099728.56,10,13.71,1,1,0,0,0,0,0,0,0,1,0,0,0
51.0,2,5486.23,1865302.9,15,255.57,0,0,0,0,1,0,0,0,0,1,0,0,0
25.0,9,3750.71,62968.75,12,241.32,1,0,0,0,0,0,1,1,0,0,0,1,1
30.0,57,18799.59,1070940.51,14,270.73,1,0,0,0,0,0,1,0,0,0,0,1,0
59.0,45,47870.92,304734.55,13,158.86,0,0,0,0,0,1,0,0,0,1,0,0,0
25.0,18,49190.82,904276.03,5,236.58,1,0,1,0,0,0,0,0,0,0,0,0,0
47.0,48,10901.45,210351.6,3,16.33,0,0,0,0,1,0,0,0,0,1,0,0,1
49.0,42,8283.24,2760494.33,8,23.69,0,0,0,0,0,1,0,1,0,0,1,0,0
53.0,41,18294.71,1356733.1,6,36.44,1,0,0,0,0,0,0,1,0,0,0,0,0
64.0,58,17517.26,572146.52,1,274.52,0,0,0,0,0,0,0,0,0,0,0,0,1
47.0,42,38220.05,1756413.8,6,19.29,0,0,0,0,0,1,0,0,1,0,0,1,1
18.0,35,22755.95,593370.55,9,30.94,0,0,0,1,0,0,0,0,1,1,0,0,0
60.0,38,39214.3,2414298.76,13,279.19,0,0,0,0,0,0,1,0,0,0,0,1,1
56.0,67,37686.94,921227.73,7,33.11,1,0,0,0,1,0,0,1,0,0,1,0,0
34.0,41,29337.21,948127.4,2,261.06,0,0,1,0,0,0,0,0,1,0,0,1,0
37.0,50,41842.09,2610503.08,2,236.99,0,1,0,0,0,0,0,1,0,0,1,0,0
41.0,72,10586.74,1679812.64,10,13.04,0,0,1,0,0,0,0,1,0,1,0,0,0
67.0,45,8928.71,2662469.81,1,7.53,1,0,1,0,0,0,0,0,1,1,0,0,0
39.0,71,37781.86,1241599.65,11,160.78,0,0,0,0,1,0,0,0,0,0,0,1,1
46.0,19,12995.06,1035063.45,14,299.16,1,1,0,0,0,0,0,1,0,0,0,1,0
39.0,17,1136.92,1521077.98,0,263.77,0,0,0,0,1,0,0,0,1,0,0,1,0
61.0,65,45686.05,189167.56,2,93.7,0,1,0,0,0,0,0,1,0,0,1,0,0
26.0,56,31523.92,466831.31,9,116.51,0,0,0,0,0,1,0,0,1,0,0,0,1
54.0,41,22801.95,662467.3,11,116.98,1,0,0,0,1,0,0,0,0,0,0,0,0
27.0,42,36561.09,2450948.46,10,220.52,1,0,0,1,0,0,0,0,0,0,0,1,1
53.0,6,17333.25,2202727.28,6,103.0,1,0,1,0,0,0,0,0,0,0,0,1,1
54.0,69,47729.64,583955.3,10,45.19,1,0,0,0,0,0,1,1,0,1,0,0,0
45.0,40,4362.39,833858.96,8,224.39,1,0,0,0,0,0,0,0,0,0,0,1,0
45.0,41,32406.46,2833064.28,13,137.95,1,1,0,0,0,0,0,0,0,1,0,0,0
59.0,9,39087.18,261979.87,8,23.96,0,0,0,0,0,0,0,0,0,0,1,0,0
60.0,8,23987.17,1644628.02,12,237.23,1,0,1,0,0,0,0,0,0,0,1,0,1
38.0,44,37993.45,1568410.94,5,176.01,0,0,0,0,1,0,0,0,1,0,1,0,0
41.0,58,46418.61,2178494.91,13,147.32,1,0,0,0,0,0,0,0,1,0,1,0,0
59.0,67,37455.7,787998.95,14,202.33,1,0,0,1,0,0,0,1,0,0,0,1,1
57.0,13,16158.98,2804644.09,5,152.1,1,0,0,0,1,0,0,0,1,0,0,1,0
19.0,19,28530.47,1234695.73,10,194.88,0,0,1,0,0,0,0,0,1,1,0,0,1
25.0,49,45668.57,860730.22,4,260.38,1,0,0,0,0,0,0,0,1,0,0,1,0
65.0,30,23005.79,1013923.9,14,184.44,1,0,0,0,0,1,0,0,1,1,0,0,0
44.0,66,34403.23,1049423.43,1,198.22,0,1,0,0,0,0,0,0,1,0,1,0,0
39.0,59,23810.22,600790.6,6,184.54,0,0,0,0,0,0,0,0,0,1,0,0,0
54.0,53,6945.86,2784521.49,0,159.82,0,0,0,0,0,1,0,1,0,1,0,0,0
44.0,52,3871.28,528751.18,5,52.42,0,0,0,0,0,1,0,0,1,0,0,1,1
46.0,31,47661.42,2649083.74,13,101.37,1,0,0,0,0,0,0,0,1,0,1,0,0
20.0,15,31014.55,1217763.01,3,208.24,0,0,0,0,0,0,1,1,0,0,0,0,1
61.0,20,6086.93,811483.07,2,128.22,1,0,0,0,0,0,0,0,1,0,0,1,1
30.0,5,43014.49,599534.31,14,122.43,1,0,1,0,0,0,0,0,1,0,0,1,0
62.0,7,26611.96,1515505.28,10,228.02,0,0,0,0,0,1,0,1,0,0,0,0,0
27.0,18,38824.67,2009429.34,12,2.67,1,1,0,0,0,0,0,0,0,0,1,0,0
53.0,56,7211.05,2695171.99,0,204.02,0,0,1,0,0,0,0,0,0,0,0,0,1
26.0,45,45438.61,1959077.52,13,147.28,1,0,0,1,0,0,0,1,0,1,0,0,0
44.0,28,29936.24,1453569.16,5,113.65,0,0,0,0,1,0,0,0,0,0,0,0,0
51.0,50,37174.77,105260.81,12,102.82,0,0,0,0,0,0,0,0,0,0,1,0,0
68.0,2,2537.6,2746703.58,6,52.69,0,0,0,0,0,0,1,0,0,0,1,0,0
18.0,68,16449.94,2707595.88,10,100.94,0,1,0,0,0,0,0,0,0,0,0,0,1
49.0,24,14104.83,1139257.32,0,118.03,0,0,0,0,0,0,1,0,1,0,0,1,0
42.0,48,47530.15,91958.81,10,131.8,0,0,0,0,0,0,1,1,0,0,0,0,0
46.0,45,10081.59,2201441.81,0,202.02,1,0,0,0,0,0,1,0,0,1,0,0,0
24.0,58,35645.53,2376084.23,6,136.62,1,0,0,0,0,0,0,0,0,0,0,0,1
66.0,36,3094.92,1629685.16,10,239.09,1,1,0,0,0,0,0,1,0,0,0,0,1
20.0,2,10686.52,1211610.58,11,192.28,0,1,0,0,0,0,0,0,1,0,0,0,0
37.0,18,17591.27,2554142.85,5,57.69,1,0,0,0,0,1,0,0,0,1,0,0,0
37.0,49,39930.79,581586.67,6,83.87,0,0,0,0,0,0,1,0,0,0,0,0,1
70.0,8,39708.85,1321476.78,14,24.7,1,0,0,0,0,1,0,0,1,0,0,1,0
47.0,58,47677.49,78335.9,12,283.77,1,0,0,0,0,1,0,1,0,1,0,0,1
52.0,15,45921.61,496211.53,7,266.08,0,0,0,0,1,0,0,0,0,0,0,1,1
52.0,17,4994.22,2822789.55,7,26.35,1,0,0,0,0,0,0,0,0,1,0,0,1
66.0,23,41663.52,1736359.33,8,172.65,1,0,0,0,0,0,0,1,0,0,1,0,0
56.0,66,23107.51,2417749.03,12,288.16,1,0,1,0,0,0,0,0,1,0,1,0,1
44.0,70,43428.42,1462068.74,8,224.4,0,0,0,0,0,1,0,1,0,1,0,0,0
43.0,27,5375.03,2505307.16,6,148.05,1,0,0,0,0,0,0,0,0,1,0,0,0
31.0,37,41315.69,1619156.78,8,73.09,0,0,0,0,0,0,1,0,1,1,0,0,0
34.0,49,8822.48,18590.45,5,84.43,1,0,0,1,0,0,0,0,1,0,1,0,1
35.0,64,17358.24,2699598.53,8,221.14,1,0,0,0,0,0,1,0,1,1,0,0,0
62.0,34,2413.57,449955.53,10,234.39,1,1,0,0,0,0,0,1,0,0,1,0,0
69.0,18,7062.68,1354411.51,1,159.08,1,0,0,0,0,0,0,1,0,0,1,0,1
46.0,64,22840.57,1432639.61,10,37.16,0,0,0,0,0,0,0,1,0,1,0,0,0
37.0,44,41098.58,146472.64,1,280.23,1,0,1,0,0,0,0,0,0,1,0,0,1
70.0,17,38909.82,163945.8,13,253.58,0,0,0,0,0,1,0,1,0,1,0,0,0
44.0,59,12529.59,2288842.67,5,43.02,0,0,0,1,0,0,0,0,1,0,1,0,0
35.0,13,8432.83,904850.12,2,17.96,1,0,0,0,0,0,0,0,0,0,0,0,0
21.0,52,20073.91,1231836.36,1,161.22,1,0,1,0,0,0,0,0,0,1,0,0,0
18.0,60,44280.15,1694516.98,15,85.96,0,0,1,0,0,0,0,0,0,0,0,0,0
67.0,42,5479.83,1123291.38,7,85.69,0,0,0,1,0,0,0,0,1,0,0,0,0
18.0,64,27602.79,2326237.09,6,27.08,1,0,0,0,0,0,1,1,0,0,0,0,0
43.0,66,5351.57,2653971.64,7,286.06,1,0,0,0,0,0,1,0,1,0,0,1,0
62.0,34,24040.39,183855.06,5,249.22,1,0,0,0,0,0,1,1,0,0,0,0,0
37.0,71,7212.78,1908033.13,8,35.04,1,0,0,0,1,0,0,0,0,0,0,0,0
69.0,64,4936.51,956391.72,8,263.1,1,0,0,0,0,1,0,0,0,0,1,0,0
40.0,33,10351.62,1751909.46,1,205.2,0,0,0,0,0,1,0,0,1,0,0,1,0
27.0,12,13507.54,1454302.42,15,98.31,1,0,0,0,0,0,1,1,0,0,1,0,0
28.0,19,14537.0,1004367.17,9,261.5,1,0,0,1,0,0,0,0,0,0,1,0,1
58.0,9,32618.13,288972.86,4,179.81,0,0,0,0,1,0,0,0,1,0,0,0,0
58.0,17,3694.11,1680522.53,8,254.75,1,0,0,0,0,1,0,0,1,0,1,0,0
22.0,50,4959.64,342813.74,2,141.31,1,0,0,0,0,0,1,1,0,1,0,0,0
18.0,39,10246.6,472579.66,4,150.69,0,0,0,0,1,0,0,1,0,0,0,0,0
34.0,41,43731.09,2946614.89,14,88.01,1,0,0,1,0,0,0,1,0,1,0,0,0
39.0,10,31801.64,953532.05,7,116.92,0,0,0,0,0,0,1,0,0,0,0,0,0
51.0,12,36788.11,1755386.39,1,170.76,1,1,0,0,0,0,0,0,1,0,0,0,1
62.0,15,19147.75,820334.67,14,284.17,1,0,0,0,0,0,0,1,0,0,0,0,0
58.0,28,11447.8,2597200.77,5,180.44,1,0,0,1,0,0,0,0,1,0,0,1,0
46.0,4,2860.11,853603.87,10,45.07,0,0,1,0,0,0,0,0,0,0,0,0,0
21.0,36,24938.25,1103821.03,3,3.09,0,0,1,0,0,0,0,0,0,1,0,0,0
22.0,65,29139.77,1827120.8,11,255.45,0,0,0,1,0,0,0,1,0,0,0,0,0
28.0,47,44953.14,2610610.19,14,109.93,0,0,1,0,0,0,0,0,0,0,0,0,0
68.0,39,44222.56,2449561.39,14,95.17,1,0,0,0,0,1,0,0,1,0,1,0,0
38.0,38,21809.57,795260.36,15,240.42,0,0,0,1,0,0,0,0,1,0,0,0,0
52.0,44,21755.32,2489517.1,13,283.66,0,1,0,0,0,0,0,0,0,0,0,0,1
29.0,51,8895.02,2105079.97,11,224.67,0,0,0,1,0,0,0,0,0,0,0,0,0
43.0,26,13615.0,2969536.33,5,52.98,1,0,0,0,0,0,1,0,0,0,0,0,0
68.0,36,46357.52,2806665.77,2,118.02,1,0,0,0,0,0,1,0,1,0,0,0,1
36.0,69,7910.76,1601744.48,5,228.06,0,0,0,0,1,0,0,0,0,0,0,0,0
62.0,1,48466.28,2251036.21,6,272.17,0,0,1,0,0,0,0,1,0,0,0,1,0
24.0,53,25732.19,1712688.21,9,299.58,1,0,0,0,0,0,0,1,0,1,0,0,0
64.0,6,23373.73,1787011.35,2,153.96,0,0,1,0,0,0,0,0,1,0,0,1,1
24.0,37,9557.28,308994.99,4,246.93,0,0,0,0,0,1,0,0,0,1,0,0,0
43.0,2,25186.59,11725.9,12,14.94,0,0,0,1,0,0,0,0,0,0,0,1,1
57.0,69,23532.43,149318.19,11,86.46,0,0,0,0,0,0,0,0,0,0,0,0,0
22.0,41,19162.49,2900058.85,7,112.08,1,0,0,0,0,0,0,1,0,0,0,1,1
38.0,51,13961.29,383173.34,14,292.68,1,0,1,0,0,0,0,1,0,1,0,0,1
31.0,47,4257.85,137947.16,1,2.01,1,0,0,0,0,0,0,1,0,0,1,0,0
21.0,13,26447.08,932384.41,6,93.1,0,0,0,0,0,0,0,1,0,0,1,0,0
40.0,69,16332.51,1766598.92,12,279.19,0,0,0,0,0,0,1,1,0,0,0,0,0
59.0,66,35685.39,2845639.63,0,92.7,1,1,0,0,0,0,0,0,1,0,0,0,1
37.0,59,36452.6,2101163.3,6,68.29,1,0,0,1,0,0,0,0,1,1,0,0,0
32.0,68,17273.24,832677.14,0,219.3,1,0,1,0,0,0,0,0,0,0,1,0,1
67.0,59,33786.91,2817478.76,3,223.86,0,0,0,0,0,0,1,0,0,0,0,0,1
69.0,10,13675.09,112943.02,14,142.18,1,0,0,0,0,1,0,1,0,0,0,1,1
62.0,13,36631.51,2937266.75,3,284.13,0,0,0,0,0,1,0,0,0,0,0,1,1
46.0,2,1787.78,180628.9,11,61.61,0,0,0,0,1,0,0,0,1,0,1,0,0
25.0,15,8428.83,2262780.67,15,274.11,1,0,0,0,0,0,0,0,1,1,0,0,1
58.0,46,13005.42,140666.13,4,226.9,1,0,0,0,0,0,0,0,0,0,0,0,0
65.0,57,38873.84,2795026.52,1,111.09,0,0,1,0,0,0,0,1,0,0,0,0,0
36.0,10,4252.44,330454.36,13,242.27,1,1,0,0,0,0,0,0,1,0,0,0,1
65.0,22,10214.8,156184.64,13,40.83,1,1,0,0,0,0,0,0,0,0,1,0,0
56.0,8,18572.58,2668349.14,11,40.16,0,0,1,0,0,0,0,1,0,0,0,1,0
63.0,21,1449.57,291902.68,10,279.05,0,0,1,0,0,0,0,0,0,1,0,0,0
45.0,22,38343.93,2394804.22,11,29.34,0,0,0,0,0,0,1,1,0,0,1,0,0
63.0,45,28445.15,2242368.75,15,2.22,0,0,0,0,0,1,0,1,0,0,1,0,0
44.0,40,45133.29,1798639.73,14,117.32,0,0,1,0,0,0,0,0,1,0,0,0,0
21.0,22,2520.52,1136998.35,5,32.05,1,0,0,0,0,1,0,0,1,0,0,1,0
32.0,30,14298.14,2747163.75,5,259.05,0,0,0,0,1,0,0,0,0,1,0,0,1
52.0,62,36831.33,2613888.36,13,276.89,0,0,0,0,0,1,0,0,0,1,0,0,0
54.0,45,34082.32,1281610.1,7,145.25,0,0,0,0,0,0,1,1,0,0,0,0,0
18.0,35,12909.81,699016.24,15,128.22,1,0,0,0,0,0,0,0,1,1,0,0,0
20.0,42,30188.7,821352.15,12,162.17,0,0,0,0,0,0,0,1,0,0,0,1,0
64.0,5,39894.13,664869.11,9,68.63,0,0,0,0,0,1,0,1,0,0,0,0,0
41.0,27,2635.65,1626049.63,11,90.09,0,0,0,0,0,0,0,1,0,0,0,0,1
44.0,70,36163.79,2606273.79,0,31.19,1,0,0,0,0,0,0,1,0,0,0,1,1
57.0,62,13352.76,2321967.84,3,134.49,0,0,0,1,0,0,0,1,0,1,0,0,0
53.0,32,47444.71,2387553.83,11,183.9,0,0,0,0,1,0,0,1,0,0,0,1,1
51.0,8,27372.79,1347624.03,1,279.14,0,0,0,0,0,0,1,0,0,1,0,0,0
46.0,18,2635.92,970722.27,10,221.98,1,0,0,0,0,0,1,0,1,1,0,0,0
41.0,15,20768.1,2273280.53,7,217.2,1,0,0,0,0,0,0,0,1,1,0,0,1
41.0,26,48349.28,2380928.34,11,93.09,1,1,0,0,0,0,0,1,0,0,0,1,0
59.0,53,36788.28,2087584.35,3,266.6,1,0,0,0,0,0,1,1,0,0,0,1,0
21.0,44,15723.47,101160.83,13,284.14,0,0,0,0,1,0,0,1,0,0,1,0,0
20.0,32,29188.1,1771105.64,7,279.75,0,0,1,0,0,0,0,0,1,0,0,1,0
51.0,28,30355.97,1044402.26,12,12.6,1,0,0,0,1,0,0,0,1,0,0,0,1
66.0,39,2144.06,592597.28,1,181.7,1,0,0,0,0,0,0,1,0,0,0,0,0
40.0,32,9762.83,2084713.81,12,193.32,0,0,0,0,0,0,0,0,1,0,0,0,0
70.0,18,28037.07,809235.78,13,89.22,0,0,0,1,0,0,0,1,0,0,0,0,0
69.0,70,20734.88,2738959.27,3,297.73,1,0,0,0,0,1,0,1,0,0,1,0,0
40.0,11,10311.85,897746.83,11,88.07,1,0,0,0,0,0,1,1,0,0,0,1,0
62.0,32,38860.77,1667765.9,8,65.77,1,0,0,0,0,1,0,0,0,0,0,1,0
22.0,20,24960.75,2484147.68,4,145.76,1,0,0,0,0,1,0,0,1,1,0,0,1
48.0,40,16188.68,1209344.42,5,97.62,0,0,0,0,0,0,1,0,1,0,0,1,0
70.0,8,8922.19,2486830.59,9,277.28,1,0,0,0,0,0,1,0,1,1,0,0,0
58.0,35,30947.0,2172470.71,14,132.58,1,0,0,0,0,0,0,1,0,1,0,0,0
23.0,69,33646.8,2762993.53,14,123.63,0,0,0,0,0,0,1,0,0,0,0,0,0
54.0,21,33810.26,980874.51,14,188.13,0,1,0,0,0,0,0,1,0,0,1,0,0
27.0,24,11794.08,319559.05,11,25.25,0,1,0,0,0,0,0,1,0,0,1,0,0
57.0,17,30171.58,1293896.75,8,227.26,0,0,1,0,0,0,0,1,0,0,0,1,0
24.0,18,45364.92,2358511.34,8,230.75,0,0,0,0,0,0,1,0,0,1,0,0,1
56.0,12,18306.19,1354053.16,6,142.73,1,0,0,1,0,0,0,1,0,0,0,0,0
55.0,16,11327.58,789653.85,10,286.75,1,0,1,0,0,0,0,1,0,1,0,0,1
38.0,4,38835.33,87671.52,1,174.22,1,0,0,0,0,0,0,0,0,0,0,0,0
37.0,34,9667.26,942506.29,6,208.88,0,0,0,0,0,0,1,1,0,1,0,0,0
20.0,46,13433.69,2141576.43,8,277.38,1,1,0,0,0,0,0,1,0,0,0,1,1
68.0,31,5931.58,447103.2,1,200.24,0,0,0,1,0,0,0,0,1,0,0,1,0
39.0,25,14125.84,1025933.74,6,130.12,1,0,1,0,0,0,0,0,0,1,0,0,0
64.0,24,21106.42,65593.23,11,8.41,1,0,0,1,0,0,0,0,1,0,1,0,1
44.0,65,4143.74,2166656.23,6,218.76,0,0,0,0,0,0,1,1,0,0,0,0,1
45.0,25,43713.74,2642645.73,15,289.49,0,0,0,0,1,0,0,0,0,0,1,0,0
29.0,28,26170.06,1707742.31,2,141.6,1,0,0,1,0,0,0,0,0,0,1,0,0
55.0,36,29817.08,82486.96,5,102.59,1,0,0,1,0,0,0,1,0,1,0,0,0
68.0,6,19193.0,656787.81,7,156.26,1,0,0,0,0,0,0,0,1,0,0,0,0
53.0,66,25186.59,1318215.06,15,218.8,1,1,0,0,0,0,0,1,0,0,0,0,0
64.0,67,22157.31,1764805.76,9,1.21,1,0,0,0,0,0,1,0,0,0,0,1,1
58.0,72,38304.37,1491347.65,7,266.28,0,0,0,1,0,0,0,0,0,1,0,0,0
22.0,48,41248.71,2748018.81,13,266.02,0,0,0,0,0,0,1,1,0,1,0,0,0
30.0,70,33920.61,2816215.77,2,162.85,0,1,0,0,0,0,0,1,0,1,0,0,0
40.0,67,25075.45,325921.63,5,37.59,0,0,0,0,0,0,0,1,0,0,0,1,1
67.0,48,39331.2,419480.68,1,201.87,1,0,0,0,0,0,1,1,0,0,0,1,0
47.0,65,25219.98,1077374.46,13,42.22,1,0,0,0,0,1,0,0,1,0,0,0,0
54.0,44,6463.99,1266598.47,1,152.76,0,1,0,0,0,0,0,0,1,0,0,1,0
42.0,63,6700.67,1760269.74,12,29.0,1,1,0,0,0,0,0,0,1,1,0,0,0
65.0,46,47480.57,2320613.45,7,177.13,0,0,1,0,0,0,0,0,1,1,0,0,0
44.0,19,11464.59,411624.28,10,96.1,1,0,0,0,0,0,0,0,0,0,1,0,1
68.0,64,40980.32,2408905.89,9,249.47,1,0,0,0,0,0,0,0,0,0,0,1,0
31.0,71,13088.56,1832034.8,4,240.18,1,0,0,0,0,1,0,0,1,1,0,0,1
65.0,50,22108.22,2942748.96,4,299.54,0,0,0,0,0,0,1,1,0,1,0,0,0
64.0,63,33092.46,1955247.2,10,77.99,0,0,0,0,1,0,0,0,0,0,0,0,0
53.0,41,8784.49,2149694.06,3,19.48,0,0,0,0,0,1,0,1,0,0,0,1,0
56.0,7,37125.08,589650.55,10,133.46,0,0,1,0,0,0,0,0,1,1,0,0,0
33.0,9,34805.74,2307741.56,9,25.94,1,0,0,0,0,0,0,0,0,0,0,0,1
39.0,4,27611.06,242402.2,3,54.37,1,1,0,0,0,0,0,0,0,0,1,0,0
38.0,49,28728.6,1971308.66,7,179.59,1,0,0,0,0,0,0,0,0,0,1,0,0
38.0,6,6182.82,171440.86,2,178.05,1,0,0,0,0,1,0,0,0,0,0,0,1
25.0,21,22361.51,350101.33,10,13.95,0,0,0,0,1,0,0,0,1,0,0,1,1
66.0,15,5242.0,328059.49,15,133.43,1,0,0,1,0,0,0,0,0,1,0,0,0
33.0,67,16085.3,162189.77,2,159.54,1,0,0,1,0,0,0,0,1,0,0,1,0
48.0,66,45115.29,966811.06,7,81.14,1,0,0,0,0,0,0,0,0,0,0,0,0
59.0,56,29152.14,2983085.61,2,261.74,0,0,0,0,0,0,0,0,1,1,0,0,0
27.0,68,37392.47,1047934.98,11,49.17,0,0,1,0,0,0,0,0,1,1,0,0,0
49.0,32,29120.41,2283523.86,1,76.92,0,0,0,0,0,0,0,1,0,1,0,0,0
51.0,66,10517.6,401289.46,12,47.94,1,0,0,0,1,0,0,0,1,0,0,1,1
26.0,29,30145.61,1366200.79,10,35.85,0,0,0,0,0,0,0,1,0,0,0,1,0
34.0,66,38014.02,559421.93,15,263.81,1,0,0,0,0,0,1,0,0,0,0,0,0
28.0,34,7781.85,580331.02,12,84.08,1,0,0,0,0,1,0,1,0,0,1,0,1
49.0,27,41028.43,303571.66,12,217.03,1,0,0,0,1,0,0,0,1,0,0,0,0
27.0,60,28214.22,1298972.24,4,128.97,0,0,1,0,0,0,0,1,0,1,0,0,0
39.0,39,1209.48,231227.09,10,191.13,0,0,0,0,0,0,1,0,0,0,0,0,0
34.0,44,26469.15,2729885.01,2,278.52,1,0,0,0,0,0,1,1,0,0,1,0,0
21.0,36,20387.9,1346461.46,5,253.54,1,0,0,0,0,1,0,0,1,0,0,0,1
65.0,19,15525.88,2516505.59,10,21.63,0,0,0,1,0,0,0,0,1,0,1,0,0
69.0,45,38791.6,2938496.03,6,253.72,0,0,0,0,1,0,0,0,0,0,1,0,0
64.0,21,45075.49,2034948.64,2,136.1,0,0,0,0,0,1,0,0,0,1,0,0,0
42.0,23,38370.0,2705024.72,8,105.69,1,0,0,0,0,0,1,1,0,0,1,0,0
38.0,27,42491.86,410425.72,9,202.04,1,0,1,0,0,0,0,0,0,0,0,1,0
54.0,72,45530.27,2490830.97,0,285.11,1,0,0,0,0,1,0,0,1,0,0,0,1
55.0,19,45718.84,817295.91,13,29.15,0,0,0,1,0,0,0,1,0,0,0,0,1
66.0,41,6617.27,1420431.13,6,230.66,0,0,0,0,0,0,1,1,0,0,0,1,0
18.0,26,23362.89,1941515.03,3,61.85,0,0,0,0,0,1,0,1,0,0,0,1,0
42.0,28,1014.04,2711113.06,6,114.66,1,0,0,0,1,0,0,1,0,1,0,0,0
68.0,64,25816.67,2733426.43,8,262.27,1,0,0,1,0,0,0,0,0,0,0,0,0
53.0,68,46287.95,280846.62,8,164.19,0,0,0,0,1,0,0,1,0,0,0,1,1
34.0,51,10756.01,1096843.69,0,21.17,1,0,0,0,1,0,0,1,0,1,0,0,1
58.0,48,25186.59,2380559.74,9,152.91,0,0,0,0,1,0,0,1,0,0,0,0,0
41.0,10,32574.57,2110954.88,12,237.1,1,0,0,0,0,1,0,0,1,0,0,0,0
19.0,39,8857.35,83925.57,11,159.14,0,0,0,1,0,0,0,0,1,0,0,1,1
57.0,19,12687.84,1352418.77,3,50.9,1,0,0,0,0,1,0,0,0,0,1,0,0
32.0,64,23639.07,2488613.02,6,134.07,1,0,0,0,0,1,0,0,1,0,1,0,0
49.0,19,10222.26,2214364.89,9,277.38,0,0,0,0,0,1,0,0,1,0,0,1,0
56.0,62,29664.7,1238490.13,5,197.8,0,0,0,0,0,0,1,0,0,0,1,0,0
23.0,13,24742.54,2206807.56,14,219.24,0,0,0,0,0,0,0,0,0,0,0,0,0
18.0,25,26440.71,1655876.07,8,236.0,0,1,0,0,0,0,0,1,0,1,0,0,1
64.0,42,7588.91,2738323.85,12,28.12,0,0,0,0,0,0,1,1,0,1,0,0,1
40.0,39,26345.34,1763445.89,6,174.88,1,0,0,1,0,0,0,0,0,0,0,1,1
56.0,30,3424.43,1205198.87,14,113.4,0,1,0,0,0,0,0,1,0,1,0,0,1
34.0,5,44195.23,2589447.27,2,42.61,0,1,0,0,0,0,0,1,0,0,0,1,0
51.0,18,17819.23,154357.18,6,61.61,0,1,0,0,0,0,0,1,0,0,1,0,1
58.0,21,42960.53,2702029.38,9,234.57,1,0,0,0,0,0,0,0,0,0,0,0,0
46.0,50,35381.16,2090558.71,13,49.29,0,0,0,0,0,1,0,0,1,0,1,0,0
26.0,6,38542.46,2822114.55,4,94.41,0,0,1,0,0,0,0,0,1,0,0,1,0
30.0,50,16412.68,755262.08,13,86.18,0,0,0,1,0,0,0,0,0,0,0,0,0
23.0,66,12159.45,2086289.49,1,15.54,1,0,0,0,0,0,0,0,0,0,0,0,0
23.0,1,20930.29,2429342.48,9,139.19,1,0,0,0,0,0,0,1,0,0,0,0,0
37.0,57,2187.07,2107797.23,2,230.01,0,0,1,0,0,0,0,0,0,0,1,0,0
69.0,30,46019.03,634949.44,5,7.62,1,1,0,0,0,0,0,0,0,0,0,0,1
44.0,58,19963.7,830390.76,12,34.65,0,0,0,0,0,1,0,0,0,0,1,0,1
20.0,52,49439.27,1702393.33,5,216.34,1,0,1,0,0,0,0,0,0,0,1,0,0
34.0,37,38311.02,1343018.06,6,178.48,0,1,0,0,0,0,0,1,0,0,0,0,0
66.0,48,4945.24,2206675.98,5,214.86,1,0,0,0,0,0,0,1,0,0,0,1,0
29.0,1,33349.23,1139136.69,15,69.8,0,0,0,1,0,0,0,0,0,0,0,0,0
65.0,19,14271.12,2579144.16,8,241.33,0,0,0,0,1,0,0,0,0,0,0,0,0
64.0,46,12942.21,1298601.61,13,144.48,1,0,0,0,0,1,0,0,1,0,1,0,0
62.0,67,13571.57,124923.64,4,183.48,0,0,1,0,0,0,0,0,1,0,0,0,0
18.0,2,45887.68,57005.41,14,28.55,0,0,0,0,0,1,0,0,0,0,0,1,1
34.0,56,25499.03,1941994.05,4,62.3,0,1,0,0,0,0,0,0,1,0,0,0,0
20.0,17,33804.07,1623956.59,7,232.23,0,1,0,0,0,0,0,0,1,0,0,1,0
43.0,22,14766.44,1630520.21,7,67.95,1,0,0,0,0,1,0,1,0,1,0,0,0
32.0,27,26624.77,2371077.0,0,28.67,0,1,0,0,0,0,0,1,0,1,0,0,0
53.0,55,18154.91,1130282.1,2,179.56,1,0,0,0,0,0,0,1,0,1,0,0,0
49.0,32,16735.81,2986363.76,12,164.83,1,1,0,0,0,0,0,0,1,0,0,0,0
49.0,60,13101.47,2836862.65,5,182.76,1,0,0,0,0,1,0,0,0,0,1,0,1
21.0,28,25186.59,43820.49,5,185.87,1,0,0,0,0,0,1,1,0,0,0,1,0
35.0,28,33341.48,2687749.59,0,150.56,0,0,0,0,0,1,0,0,1,1,0,0,0
66.0,25,11880.15,2043246.2,1,148.64,0,0,1,0,0,0,0,0,0,0,0,1,0
36.0,26,48306.76,1508760.56,9,277.33,1,1,0,0,0,0,0,1,0,0,1,0,0
60.0,71,7105.97,1750328.68,6,160.63,0,0,0,1,0,0,0,0,1,0,0,1,0
69.0,17,24530.15,2526362.8,0,185.57,1,0,0,0,0,0,1,1,0,0,0,1,1
52.0,7,5166.38,2853356.99,9,80.82,0,0,0,0,0,0,0,0,1,1,0,0,0
57.0,56,2110.6,1683199.21,4,261.46,0,0,0,0,1,0,0,1,0,0,0,1,0
31.0,64,46211.19,547967.88,0,8.29,0,0,1,0,0,0,0,0,1,1,0,0,0
50.0,20,40708.85,1921063.18,5,167.61,1,0,1,0,0,0,0,0,0,0,1,0,0
31.0,38,35013.61,233275.81,14,115.77,1,0,0,1,0,0,0,1,0,1,0,0,0
51.0,58,43394.35,1907240.52,6,181.57,0,0,0,0,1,0,0,1,0,0,0,1,1
21.0,16,40339.57,2426792.35,7,108.69,1,0,0,0,1,0,0,0,1,0,1,0,1
41.0,51,32714.65,1063227.65,12,215.59,1,0,0,0,0,0,0,0,0,0,0,0,0
46.0,27,42519.77,218197.35,11,7.08,0,0,0,0,0,0,0,0,0,0,0,0,0
36.0,51,20149.23,2078217.25,2,122.36,1,0,0,0,0,0,1,1,0,0,1,0,1
23.0,16,28084.84,1021289.61,13,249.55,0,0,1,0,0,0,0,0,1,0,1,0,1
50.0,60,39039.22,751044.47,13,75.81,0,1,0,0,0,0,0,1,0,0,0,1,0
66.0,40,5155.1,2069099.37,2,16.77,0,0,0,0,0,0,0,0,1,0,0,0,1
57.0,67,43073.63,2908911.47,10,149.46,1,0,0,1,0,0,0,0,0,0,1,0,0
36.0,2,8684.69,2237240.52,0,292.98,0,0,0,1,0,0,0,1,0,0,0,0,0
70.0,48,43362.52,1476593.37,11,20.18,0,0,0,1,0,0,0,0,1,0,0,0,0
18.0,52,16255.31,1803529.61,15,21.95,1,0,0,0,0,1,0,0,0,0,0,1,0
22.0,24,17012.36,431125.33,2,178.94,1,0,0,0,0,0,0,0,1,0,1,0,1
44.0,2,4623.49,2440573.79,4,75.77,1,0,0,0,0,0,0,1,0,1,0,0,0
33.0,65,44409.08,1814863.56,5,123.66,1,0,0,1,0,0,0,0,1,0,1,0,1
23.0,20,9551.01,2897662.04,2,249.32,0,0,0,0,0,0,0,1,0,0,0,0,0
57.0,34,31872.45,2938552.69,3,60.46,1,0,0,0,0,1,0,0,0,1,0,0,0
30.0,41,32554.41,1066987.14,4,216.07,1,1,0,0,0,0,0,0,1,1,0,0,0
65.0,41,14776.42,2965695.08,4,151.84,1,1,0,0,0,0,0,0,0,0,0,0,0
52.0,23,49297.39,2870716.42,8,271.58,1,0,0,0,0,0,1,0,0,1,0,0,0
36.0,38,4144.14,1921296.73,7,291.92,0,0,0,1,0,0,0,1,0,1,0,0,0
29.0,44,30785.73,1003725.96,0,146.0,1,1,0,0,0,0,0,1,0,0,1,0,0
33.0,67,24497.65,2261253.96,1,175.81,0,0,0,0,0,0,1,0,0,0,0,0,0
60.0,62,13028.72,817355.51,11,224.01,1,0,0,0,1,0,0,1,0,0,0,1,1
27.0,12,9014.03,1891382.47,14,96.28,0,0,1,0,0,0,0,0,0,1,0,0,0
42.0,30,37117.13,78621.93,4,68.8,0,1,0,0,0,0,0,1,0,0,0,0,0
37.0,65,45899.43,1887605.48,11,289.44,1,0,0,0,0,1,0,1,0,0,1,0,0
48.0,41,6269.77,2855066.81,2,130.35,0,0,0,0,1,0,0,0,1,0,1,0,0
21.0,20,10505.03,709253.41,6,1.48,1,0,0,0,0,0,1,0,1,0,1,0,0
61.0,6,49327.22,2335647.56,13,251.48,0,1,0,0,0,0,0,1,0,1,0,0,0
40.0,4,1736.11,883803.53,10,180.3,0,1,0,0,0,0,0,0,0,0,0,1,1
19.0,10,25904.35,2125010.0,5,51.4,0,0,0,0,0,0,0,0,0,0,1,0,0
39.0,51,26289.53,2101417.25,15,10.01,1,0,0,0,1,0,0,0,0,0,0,1,0
68.0,38,13894.91,558289.54,1,88.15,0,1,0,0,0,0,0,1,0,0,0,0,1
54.0,1,33488.42,1793398.09,15,278.44,1,0,0,1,0,0,0,1,0,0,1,0,0
25.0,8,47302.1,2578211.01,7,280.11,0,0,0,0,0,1,0,0,0,1,0,0,0
24.0,63,23060.48,1150686.54,4,93.99,0,0,0,0,0,0,0,0,1,0,1,0,0
31.0,33,37721.56,2132279.47,5,250.94,0,0,0,0,0,0,0,0,1,1,0,0,0
20.0,15,32657.44,2024917.96,7,133.11,0,1,0,0,0,0,0,0,0,0,0,0,0
67.0,31,24174.15,776254.44,12,196.65,0,0,0,0,0,1,0,1,0,0,0,1,0
33.0,21,3440.8,2756337.46,5,101.0,0,0,0,0,0,0,0,1,0,0,0,1,0
36.0,3,37345.74,1692718.69,9,155.28,1,0,1,0,0,0,0,0,0,0,0,1,0
68.0,66,18799.32,1069101.51,2,88.84,1,0,0,0,1,0,0,0,1,0,1,0,0
35.0,35,12000.24,497253.34,12,19.27,1,0,1,0,0,0,0,0,0,0,1,0,0
69.0,41,47465.16,1423007.77,6,42.67,0,0,0,0,0,0,1,0,0,0,0,0,0
33.0,59,38901.64,2191689.75,15,87.91,1,0,1,0,0,0,0,0,0,0,0,1,0
25.0,16,48151.17,1872802.61,13,292.9,0,0,0,0,0,1,0,0,1,0,0,0,0
50.0,56,13554.63,2182522.42,3,289.74,1,0,0,1,0,0,0,0,0,1,0,0,0
66.0,45,41953.87,2376323.45,12,248.47,1,0,0,0,0,0,0,0,1,0,1,0,0
29.0,59,30778.35,1325809.28,5,70.52,0,0,0,0,0,1,0,1,0,0,0,1,0
70.0,50,49093.68,1562897.72,15,133.04,0,0,0,0,0,0,0,0,1,0,1,0,0
28.0,12,47369.53,2959334.22,5,132.5,1,0,0,1,0,0,0,0,1,0,0,1,1
22.0,12,48675.43,2904313.93,10,116.71,1,0,0,0,0,0,0,0,0,0,0,1,0
44.0,33,47636.61,1247377.29,4,14.42,1,0,1,0,0,0,0,1,0,0,1,0,0
29.0,49,1375.38,2057112.67,12,160.82,1,0,0,0,0,0,1,0,0,0,1,0,1
34.0,21,37313.19,806432.58,0,22.77,0,1,0,0,0,0,0,0,1,0,0,0,0
23.0,60,14324.79,462329.15,13,240.77,1,0,0,1,0,0,0,0,1,0,1,0,0
50.0,52,35546.33,2306361.66,7,207.7,0,0,1,0,0,0,0,0,0,0,1,0,1
22.0,54,49049.95,1311359.01,15,106.47,0,0,0,0,0,1,0,1,0,0,1,0,0
45.0,39,2928.61,535273.15,12,194.49,1,0,1,0,0,0,0,0,1,1,0,0,1
31.0,49,28782.4,2277749.53,13,70.68,0,0,1,0,0,0,0,0,1,1,0,0,1
22.0,64,37012.7,2745935.23,9,80.31,1,1,0,0,0,0,0,0,1,1,0,0,0
50.0,26,13414.58,2800154.13,1,94.93,0,0,0,0,1,0,0,1,0,0,0,0,0
67.0,71,12030.97,1791019.46,3,239.31,0,0,0,0,0,0,0,0,0,0,0,0,0
65.0,7,3956.93,1441525.18,12,64.0,1,0,0,0,0,0,0,1,0,0,0,1,0
58.0,72,5602.07,429890.43,11,169.27,0,0,0,0,0,1,0,1,0,0,0,0,0
36.0,62,33180.75,2379405.46,2,60.94,0,0,0,0,0,0,1,0,1,0,1,0,0
39.0,24,25755.32,2836242.84,5,86.23,1,0,0,0,0,1,0,1,0,0,0,1,0
22.0,40,2473.54,2668933.94,10,71.41,0,0,0,0,1,0,0,0,1,0,1,0,0
19.0,47,48513.43,2256591.45,0,193.86,0,0,0,0,0,0,0,1,0,0,0,1,0
47.0,8,33146.25,18683.74,8,158.49,1,0,0,0,0,0,1,1,0,0,0,0,1
64.0,54,26257.96,1226213.87,15,216.67,1,0,0,0,0,1,0,0,0,1,0,0,0
56.0,9,14363.49,1235088.94,4,66.76,0,0,0,0,0,0,1,1,0,0,1,0,1
21.0,3,33246.85,2683632.86,4,3.74,0,0,1,0,0,0,0,0,0,0,0,1,0
50.0,54,18844.23,201623.9,15,204.47,0,0,0,1,0,0,0,0,1,1,0,0,0
30.0,21,35422.21,1596011.64,3,35.34,1,0,1,0,0,0,0,0,1,0,1,0,0
37.0,48,34446.02,412722.54,15,74.65,0,1,0,0,0,0,0,0,0,0,1,0,0
24.0,47,5544.45,1988570.27,3,92.4,0,0,0,0,0,0,0,0,1,1,0,0,0
32.0,68,45553.77,2377805.19,12,224.29,0,0,0,0,0,0,1,0,1,0,0,0,0
40.0,63,24861.74,1927667.84,14,188.14,0,0,0,0,0,1,0,1,0,1,0,0,1
31.0,16,20254.3,2384782.5,15,56.1,0,0,0,1,0,0,0,0,0,0,0,0,0
40.0,5,47817.65,1824451.41,12,179.77,0,1,0,0,0,0,0,0,1,0,0,1,1
36.0,11,22472.25,573568.14,0,212.74,1,0,0,0,0,0,0,0,0,0,0,0,0
46.0,29,36339.82,1151077.24,8,117.28,1,0,0,0,0,0,1,1,0,0,0,1,0
37.0,70,33101.69,2870822.1,8,74.54,0,0,0,0,0,0,1,0,1,0,0,1,1
46.0,48,9091.86,868083.86,12,204.02,0,0,1,0,0,0,0,0,1,0,0,1,1
41.0,15,49566.0,193272.84,15,183.66,1,0,0,1,0,0,0,0,0,0,0,1,0
35.0,34,23716.61,1157565.77,3,24.3,1,0,0,1,0,0,0,0,1,0,1,0,0
27.0,60,20344.35,1102089.82,9,200.34,1,0,0,0,0,0,0,0,0,0,0,1,1
58.0,62,46061.06,1413574.9,9,147.07,0,0,0,0,0,0,1,0,1,0,1,0,0
25.0,2,26932.68,1683108.75,3,226.26,0,0,0,1,0,0,0,1,0,0,1,0,0
43.0,19,35548.77,2977307.68,11,58.02,0,1,0,0,0,0,0,1,0,0,0,1,0
46.0,49,42466.06,2269920.66,15,78.21,0,0,0,0,0,1,0,0,0,0,0,0,0
27.0,28,12539.23,112492.84,6,163.45,1,0,0,1,0,0,0,0,1,0,0,0,0
34.0,48,9303.86,2139573.42,3,145.04,1,0,1,0,0,0,0,0,1,1,0,0,1
19.0,37,4356.83,2473574.09,0,116.52,1,0,0,0,0,1,0,0,0,0,1,0,0
23.0,49,44959.53,2687414.06,10,224.06,1,0,0,0,0,1,0,1,0,0,1,0,0
22.0,48,10817.99,1274898.28,14,169.86,0,0,0,0,1,0,0,1,0,0,0,0,0
45.0,29,16079.95,944308.58,12,213.37,0,1,0,0,0,0,0,1,0,0,1,0,0
44.0,60,15004.54,2518777.75,8,46.82,1,0,0,0,1,0,0,0,0,0,0,0,0
22.0,29,15924.81,2333958.15,1,218.97,1,0,0,1,0,0,0,1,0,1,0,0,0
35.0,58,33735.0,1610447.14,4,139.0,1,0,0,0,0,0,1,0,0,0,0,1,0
43.0,48,47751.56,358058.94,3,11.1,1,1,0,0,0,0,0,1,0,0,0,1,0
37.0,23,17143.22,1957025.21,7,71.11,1,1,0,0,0,0,0,1,0,0,0,1,1
58.0,27,20974.71,201674.36,5,8.7,0,0,0,0,0,0,1,0,0,1,0,0,0
66.0,7,38786.2,305598.58,14,137.61,0,1,0,0,0,0,0,0,1,0,1,0,1
44.0,49,22184.56,996765.02,6,98.44,1,0,0,0,0,0,1,0,1,1,0,0,0
66.0,54,46376.1,1116670.61,1,296.25,1,1,0,0,0,0,0,0,1,0,1,0,0
29.0,68,25657.68,1388612.25,3,260.68,1,0,0,0,0,1,0,1,0,0,1,0,0
24.0,42,18039.01,1020733.16,13,247.88,0,0,0,0,0,0,0,1,0,0,0,1,0
20.0,59,48607.05,106195.53,3,150.83,0,0,0,0,0,0,0,0,1,0,0,0,1
27.0,44,21863.31,476459.97,11,242.32,0,0,0,0,1,0,0,1,0,0,0,0,0
51.0,26,12327.57,349760.34,12,80.79,1,0,0,0,0,1,0,1,0,0,0,1,1
42.0,23,9707.34,1296394.88,1,168.63,0,1,0,0,0,0,0,0,1,0,1,0,1
52.0,8,49763.88,640326.14,9,118.48,1,0,1,0,0,0,0,0,0,1,0,0,0
33.0,53,37896.4,884168.15,3,52.23,0,0,0,0,0,0,1,0,1,0,0,1,1
19.0,14,21024.33,1417344.55,15,22.71,0,0,0,0,0,1,0,0,1,0,0,1,1
41.0,71,41491.8,710507.77,8,167.91,0,1,0,0,0,0,0,0,0,1,0,0,1
27.0,7,27793.5,741557.67,15,30.19,1,0,0,0,0,0,0,1,0,0,1,0,0
55.0,9,16552.09,2500266.81,7,215.68,1,0,0,0,0,0,0,0,1,0,0,1,0
39.0,3,37425.9,1646520.17,10,276.52,0,0,0,0,0,0,1,0,1,0,0,1,0
43.0,17,37548.84,2570994.56,13,49.47,1,0,1,0,0,0,0,1,0,0,1,0,0
60.0,44,25508.29,1546005.12,0,141.81,1,1,0,0,0,0,0,1,0,1,0,0,0
56.0,46,3212.76,2728246.38,12,221.89,1,1,0,0,0,0,0,0,0,1,0,0,0
44.0,58,4774.1,767952.5,7,86.77,1,0,1,0,0,0,0,1,0,0,0,0,0
46.0,28,39648.72,1851926.75,13,276.31,1,0,1,0,0,0,0,0,1,0,0,0,0
64.0,14,41350.34,1512179.16,10,266.65,1,0,1,0,0,0,0,1,0,1,0,0,0
55.0,9,34236.2,2756479.33,8,32.02,1,0,0,0,0,0,0,1,0,0,0,0,0
37.0,26,42114.36,1258346.34,7,9.19,0,0,0,0,0,0,1,0,0,0,0,0,1
44.0,2,36254.89,2565197.32,13,292.96,1,0,0,0,0,1,0,0,0,0,1,0,1
58.0,34,44949.8,1693892.63,14,286.99,1,0,1,0,0,0,0,0,1,0,0,1,0
37.0,19,8369.52,2127086.14,9,127.26,0,0,0,0,0,0,1,0,1,0,0,0,0
61.0,39,19999.33,2661244.81,0,16.12,0,0,0,0,1,0,0,1,0,0,0,0,0
36.0,13,23741.43,2990734.71,7,186.04,0,1,0,0,0,0,0,0,1,0,1,0,0
37.0,5,15585.53,2194762.98,11,88.73,0,1,0,0,0,0,0,0,1,1,0,0,0
52.0,50,36542.96,946993.25,4,281.08,1,0,0,1,0,0,0,1,0,0,0,0,0
64.0,23,45709.5,900540.92,8,238.6,0,0,0,0,1,0,0,1,0,0,0,1,1
19.0,29,21211.63,930765.96,13,195.23,0,0,0,0,0,1,0,1,0,0,0,0,0
47.0,72,47135.56,298235.42,8,86.07,1,1,0,0,0,0,0,0,0,0,0,1,0
70.0,26,26321.68,165528.68,5,210.68,1,0,1,0,0,0,0,0,0,1,0,0,0
51.0,57,26603.27,1744624.41,15,87.46,1,0,0,0,0,1,0,1,0,0,0,0,0
39.0,1,30410.76,2432712.64,2,12.25,0,0,0,0,0,0,0,0,0,0,0,1,1
20.0,28,14148.22,113222.95,11,153.02,1,0,0,0,1,0,0,0,0,0,0,1,0
23.0,62,19784.67,1702069.72,15,147.12,0,0,1,0,0,0,0,0,0,0,0,1,1
32.0,47,28108.64,1118424.56,6,229.14,1,0,0,1,0,0,0,0,1,1,0,0,0
44.0,59,47157.16,2677993.18,2,259.84,1,0,0,0,0,0,1,1,0,0,0,1,0
27.0,31,32491.94,440433.85,6,106.99,0,1,0,0,0,0,0,1,0,0,1,0,0
26.0,70,17322.71,1692478.86,7,135.39,1,0,0,0,1,0,0,0,1,1,0,0,0
50.0,49,1512.96,2912907.52,4,141.65,1,1,0,0,0,0,0,0,0,0,0,1,0
49.0,5,49101.62,1038373.73,15,97.94,1,0,0,0,0,0,1,1,0,1,0,0,0
65.0,31,25156.24,2226621.85,4,223.27,1,0,0,0,1,0,0,0,0,1,0,0,1
23.0,37,46986.26,2647941.21,13,157.11,1,0,0,0,0,0,1,0,1,0,1,0,0
58.0,15,27917.92,562700.63,3,274.27,0,0,1,0,0,0,0,0,0,0,0,1,0
53.0,52,30667.78,2977618.9,2,195.44,0,0,0,0,0,1,0,0,1,1,0,0,0
19.0,69,35883.7,2429113.06,11,64.36,1,0,1,0,0,0,0,0,1,1,0,0,1
46.0,11,16727.81,417004.95,7,50.28,0,0,0,0,0,1,0,0,0,0,0,1,0
21.0,43,35250.21,936099.68,10,112.34,0,0,1,0,0,0,0,0,0,0,1,0,0
18.0,70,26812.8,1876785.26,5,104.73,0,0,0,0,0,0,1,1,0,0,0,0,0
44.0,23,33951.52,2655328.7,13,122.73,1,0,0,0,0,0,1,0,1,0,0,1,0
43.0,40,41955.83,588532.39,5,55.89,1,0,0,0,0,0,1,0,0,0,0,0,1
42.0,63,25186.59,2194960.72,1,293.49,1,1,0,0,0,0,0,0,0,0,0,1,0
27.0,2,31063.99,815590.8,3,44.57,0,0,0,0,0,0,1,1,0,0,0,1,0
70.0,47,3553.46,2417222.27,15,196.14,0,0,1,0,0,0,0,1,0,1,0,0,0
32.0,30,6003.64,2051908.87,14,4.91,1,0,0,1,0,0,0,1,0,0,0,1,1
39.0,16,34055.12,1571112.56,4,122.68,1,0,0,0,0,0,1,0,1,0,1,0,1
68.0,59,4475.94,1951348.56,10,93.45,0,0,0,1,0,0,0,1,0,0,1,0,0
65.0,47,30172.53,2629953.51,9,115.23,0,0,0,0,0,1,0,0,1,0,0,1,0
38.0,30,11780.62,1162345.45,4,149.93,1,0,1,0,0,0,0,1,0,1,0,0,0
39.0,9,15900.16,2308904.29,2,180.51,0,0,0,0,0,0,1,0,1,1,0,0,0
53.0,65,7352.19,480921.78,9,175.47,0,1,0,0,0,0,0,1,0,0,0,0,0
51.0,59,13184.71,2105050.77,4,189.58,0,1,0,0,0,0,0,0,1,0,0,1,0
47.0,64,41243.3,2253218.8,4,253.52,0,0,0,0,0,1,0,1,0,0,0,0,1
42.0,8,32305.04,1331778.1,1,266.13,0,0,0,1,0,0,0,1,0,1,0,0,0
62.0,52,47538.23,2381898.21,4,221.44,0,0,0,0,0,0,0,0,0,0,1,0,0
45.0,18,3388.5,1673524.58,2,24.6,0,1,0,0,0,0,0,0,1,1,0,0,0
18.0,58,39828.19,2809141.82,14,288.43,1,1,0,0,0,0,0,0,0,0,1,0,0
66.0,49,35254.78,341836.98,2,284.27,1,1,0,0,0,0,0,0,1,0,0,0,0
62.0,32,13783.72,396810.17,4,213.8,0,0,1,0,0,0,0,0,0,1,0,0,0
21.0,48,36729.17,2528070.19,8,155.71,0,1,0,0,0,0,0,1,0,0,1,0,1
24.0,45,36110.88,2527872.02,13,75.93,0,0,0,0,1,0,0,0,0,0,0,0,0
66.0,54,23507.91,1416318.13,1,227.15,1,0,0,0,0,0,1,1,0,1,0,0,0
26.0,46,34743.34,2892066.82,8,263.48,1,0,0,0,0,1,0,0,1,0,0,1,0
53.0,31,22784.46,2039771.01,2,199.89,0,1,0,0,0,0,0,1,0,1,0,0,1
36.0,37,17441.73,2948645.47,12,189.09,1,0,0,0,0,0,0,0,0,0,0,0,1
18.0,16,23858.06,1599524.21,11,58.71,0,0,0,0,0,0,0,0,1,1,0,0,0
27.0,46,44861.34,608831.97,6,107.98,0,1,0,0,0,0,0,0,0,0,0,0,1
53.0,46,19844.61,1335957.42,11,217.22,0,1,0,0,0,0,0,1,0,0,1,0,0
26.0,61,20780.72,2941558.09,13,6.05,0,0,0,0,1,0,0,1,0,1,0,0,0
62.0,46,30811.76,1114389.79,0,192.74,0,1,0,0,0,0,0,0,0,0,0,0,0
63.0,51,37896.97,2871264.22,15,230.23,0,1,0,0,0,0,0,0,1,0,0,0,1
59.0,62,36996.42,2392078.94,0,101.08,0,0,0,0,0,0,1,0,0,0,0,1,1
49.0,35,1970.14,1329108.45,7,23.77,1,0,0,0,0,0,0,1,0,0,1,0,0
49.0,42,34683.35,1627903.74,8,245.92,0,0,0,0,1,0,0,0,1,0,0,1,0
23.0,45,23077.15,1824280.04,2,43.41,1,0,0,0,0,0,0,0,0,0,0,1,0
65.0,68,26680.41,1998969.42,5,111.87,0,0,0,0,1,0,0,1,0,1,0,0,0
55.0,47,28521.5,234714.15,14,212.47,0,0,0,0,0,0,0,0,1,0,0,0,0
34.0,30,36854.26,2801096.22,13,245.28,1,1,0,0,0,0,0,0,0,0,0,0,1
27.0,24,41735.32,1793014.14,2,258.85,1,0,0,0,0,0,0,0,1,0,0,0,0
67.0,66,32666.79,2793791.91,5,159.59,0,0,0,0,0,0,0,1,0,1,0,0,0
44.0,43,28631.45,1897535.92,6,143.29,1,0,0,0,1,0,0,0,0,1,0,0,0
67.0,34,19314.69,1295891.39,4,254.65,0,0,0,0,0,1,0,0,0,0,1,0,0
52.0,23,7756.03,1702949.39,2,169.36,0,0,0,1,0,0,0,1,0,0,0,1,1
69.0,61,47970.31,2489362.31,7,174.02,1,0,0,0,1,0,0,1,0,0,1,0,0
38.0,37,23630.27,981746.87,15,130.76,1,0,0,0,1,0,0,1,0,0,1,0,1
42.0,13,28744.4,2869597.87,12,112.47,1,0,0,0,1,0,0,0,0,1,0,0,0
45.0,71,37802.58,1400535.82,4,144.68,1,0,1,0,0,0,0,1,0,0,0,0,1
64.0,7,4352.11,2868929.82,0,110.09,0,0,0,0,0,1,0,0,0,1,0,0,0
32.0,42,42895.54,2642866.06,11,103.72,1,0,1,0,0,0,0,0,0,1,0,0,0
21.0,38,40054.26,2304147.56,14,298.11,1,0,1,0,0,0,0,0,1,1,0,0,0
46.0,52,38947.0,1404976.21,8,101.53,1,0,0,0,1,0,0,1,0,0,1,0,1
44.0,44,2077.15,1762900.71,2,77.66,1,0,0,1,0,0,0,1,0,0,0,0,0
44.0,64,26799.42,2514898.09,1,106.82,1,0,0,0,1,0,0,0,1,1,0,0,0
43.0,13,3659.15,1634447.13,2,177.64,0,1,0,0,0,0,0,0,0,0,1,0,0
36.0,28,27992.76,2215877.78,6,273.39,0,0,0,1,0,0,0,0,0,1,0,0,0
45.0,1,36203.97,2373023.86,11,236.57,1,0,1,0,0,0,0,0,0,0,0,1,0
34.0,43,6970.66,1541720.26,10,252.83,1,0,0,0,0,0,0,1,0,0,0,0,0
60.0,42,35049.27,1611061.32,11,257.84,0,0,0,0,0,0,0,0,0,0,1,0,0
58.0,50,23027.11,597514.98,9,276.24,1,0,0,0,0,1,0,0,1,0,0,1,0
59.0,60,40766.09,737993.84,7,71.29,0,0,0,0,0,0,1,0,0,1,0,0,1
67.0,1,27145.86,2715304.83,1,138.05,0,0,0,0,0,1,0,1,0,0,0,1,0
37.0,51,17469.96,2521787.19,13,116.17,1,0,0,1,0,0,0,1,0,0,0,1,0
62.0,16,17267.59,35317.06,12,115.18,0,0,1,0,0,0,0,0,0,0,1,0,1
57.0,39,44976.84,2608815.82,6,196.03,1,0,0,1,0,0,0,0,0,0,0,0,0
56.0,15,23190.71,80578.48,10,121.14,1,0,0,1,0,0,0,1,0,0,0,0,0
66.0,33,20881.94,1377549.81,4,185.28,0,0,0,0,0,0,0,0,0,0,1,0,0
70.0,53,2953.81,206961.01,8,115.3,0,0,0,0,1,0,0,0,1,1,0,0,1
40.0,17,18851.91,2906625.3,6,94.03,1,1,0,0,0,0,0,1,0,0,0,1,1
64.0,6,42631.73,2917096.17,0,106.57,0,0,0,0,0,0,1,0,0,0,0,0,0
49.0,31,38288.4,1834558.47,0,241.32,1,0,1,0,0,0,0,0,0,0,0,0,0
69.0,69,11824.75,1179653.71,5,180.71,0,0,0,1,0,0,0,0,0,0,0,1,0
64.0,40,21239.77,1538418.29,8,292.23,0,0,0,0,0,0,1,0,1,1,0,0,0
50.0,30,10632.4,2288086.46,0,249.96,1,0,0,1,0,0,0,1,0,0,0,1,0
63.0,69,47756.62,673462.91,15,146.25,1,0,0,0,0,0,0,0,1,0,1,0,0
22.0,7,30307.78,1327958.86,2,73.47,1,1,0,0,0,0,0,0,0,0,1,0,0
60.0,13,37963.38,2213119.73,15,202.5,0,0,0,0,0,0,0,0,1,1,0,0,0
65.0,4,35976.62,1189200.47,12,218.27,1,0,0,0,0,0,1,0,0,0,0,0,0
51.0,50,43810.78,100829.58,4,139.79,1,0,1,0,0,0,0,0,0,0,0,0,1
57.0,3,47517.06,1524646.29,3,69.75,0,0,0,1,0,0,0,1,0,1,0,0,0
28.0,12,2589.86,2213546.43,0,167.61,0,1,0,0,0,0,0,1,0,1,0,0,0
67.0,65,48789.76,2930565.15,9,76.89,1,0,0,0,0,0,0,0,0,0,1,0,0
20.0,27,43656.58,115953.23,3,282.06,1,0,0,0,0,0,1,0,0,0,1,0,0
50.0,50,19764.42,1622062.2,3,189.04,1,0,0,0,0,0,0,0,0,1,0,0,0
28.0,17,42016.39,1352566.29,10,88.29,1,0,0,1,0,0,0,1,0,0,0,0,0
33.0,72,37091.34,731134.12,11,65.5,0,0,0,1,0,0,0,1,0,0,0,1,0
35.0,32,39862.6,1915099.35,9,215.3,0,0,1,0,0,0,0,0,0,0,0,1,0
47.0,51,11813.86,495049.37,12,212.63,1,1,0,0,0,0,0,1,0,0,0,1,0
65.0,17,32779.62,855174.98,3,179.54,1,0,0,0,1,0,0,0,0,0,1,0,0
27.0,34,2270.37,2346363.38,15,184.68,1,0,0,0,0,0,0,0,1,1,0,0,1
35.0,35,42563.23,1383933.16,2,181.56,0,0,0,1,0,0,0,1,0,0,0,0,0
55.0,24,47601.11,2981043.59,6,108.67,1,0,0,0,0,0,1,0,0,0,1,0,0
36.0,54,33444.05,1162449.93,0,281.29,1,0,0,0,0,0,0,0,1,1,0,0,0
53.0,18,26120.81,1392466.89,15,144.3,0,0,1,0,0,0,0,0,0,1,0,0,1
30.0,50,36560.82,904272.0,1,7.08,0,0,1,0,0,0,0,0,1,0,0,1,1
63.0,46,16991.7,712699.35,0,105.16,1,0,0,1,0,0,0,1,0,0,0,1,0
20.0,48,31693.0,2767232.83,13,39.95,1,0,0,1,0,0,0,1,0,0,0,0,0
27.0,33,36229.67,2247735.79,3,109.65,0,0,0,1,0,0,0,0,0,0,0,0,0
55.0,27,7991.36,1003540.58,4,182.87,1,0,0,0,0,1,0,1,0,0,0,1,1
18.0,1,7863.33,2101967.19,10,7.78,1,0,0,0,1,0,0,1,0,0,0,1,0
44.0,59,36090.77,2897522.33,14,261.19,0,1,0,0,0,0,0,0,1,1,0,0,0
63.0,10,22157.34,226773.66,9,183.48,0,0,0,0,0,0,0,1,0,0,0,0,0
25.0,25,44570.87,797190.69,4,89.32,0,0,0,0,0,0,0,0,1,1,0,0,0
68.0,57,16285.01,605732.75,1,94.05,1,0,0,0,0,1,0,0,1,0,0,0,0
63.0,66,3079.11,2610000.58,10,140.23,0,0,0,0,0,1,0,0,1,0,0,0,1
59.0,15,32843.93,541675.04,15,75.18,0,1,0,0,0,0,0,1,0,0,1,0,1
34.0,28,34527.72,927687.61,2,2.3,1,0,0,0,0,0,1,0,0,0,0,1,0
26.0,13,28125.99,1633863.02,3,8.94,1,1,0,0,0,0,0,0,0,0,1,0,0
23.0,14,34483.3,1865177.59,9,107.96,0,0,0,0,0,0,0,1,0,0,0,0,1
60.0,66,26663.96,2425510.37,5,38.14,0,0,0,0,0,1,0,0,1,1,0,0,1
42.0,34,34939.01,1224933.12,5,7.69,1,0,0,0,0,0,0,1,0,0,0,0,0
56.0,25,3152.93,1605062.94,11,257.92,1,0,0,0,0,0,0,0,0,0,1,0,1
66.0,54,19051.47,2896558.91,1,82.97,0,0,0,0,0,1,0,0,1,0,0,1,0
45.0,12,11330.03,895598.4,1,151.43,0,0,0,0,1,0,0,1,0,1,0,0,0
50.0,9,5866.98,748042.16,8,54.64,1,0,0,0,0,1,0,0,1,0,0,0,0
54.0,31,12470.54,2133244.58,11,14.97,0,0,0,0,0,1,0,0,1,0,0,0,0
26.0,53,10374.22,2314553.13,1,223.72,1,0,0,0,0,0,1,0,0,0,0,1,0
35.0,43,25186.59,1247262.82,1,38.36,0,0,0,0,0,1,0,0,1,0,0,0,0
38.0,38,15040.75,642871.86,15,8.69,1,0,1,0,0,0,0,1,0,0,0,0,1
19.0,42,12316.99,2337873.35,15,176.58,1,0,0,0,0,1,0,0,1,0,0,1,0
60.0,72,41908.85,2013126.22,2,5.03,0,0,0,0,0,0,0,0,1,0,1,0,0
55.0,48,21536.69,2629302.26,14,131.45,0,0,0,1,0,0,0,1,0,0,1,0,0
57.0,67,21651.81,2533757.76,8,87.36,1,0,0,0,0,0,0,0,0,0,1,0,0
53.0,66,22735.93,619559.58,13,96.51,0,0,0,0,0,0,1,0,0,0,1,0,1
67.0,16,21410.19,2497855.84,15,2.17,0,0,1,0,0,0,0,1,0,1,0,0,0
60.0,16,17001.71,529645.35,5,289.34,0,0,0,0,0,1,0,0,1,1,0,0,0
54.0,31,15030.63,2591793.19,10,155.57,1,1,0,0,0,0,0,1,0,0,0,1,0
32.0,58,44216.02,2312111.2,14,172.18,0,1,0,0,0,0,0,1,0,0,0,1,0
45.0,28,8923.66,1711733.92,14,200.17,0,0,0,0,0,1,0,1,0,0,0,1,0
35.0,4,9872.06,1928453.92,11,239.46,1,0,0,1,0,0,0,0,0,1,0,0,0
51.0,10,29014.24,316717.42,5,182.76,0,1,0,0,0,0,0,0,1,0,0,0,0
39.0,51,17839.27,124456.12,11,228.9,0,0,0,0,1,0,0,1,0,1,0,0,0
28.0,18,21654.94,995286.99,9,135.17,1,0,0,0,0,0,1,0,0,0,1,0,0
30.0,47,25186.59,2465110.41,4,112.01,1,0,0,0,0,0,1,0,0,0,1,0,0
21.0,32,25186.59,1400027.79,14,247.12,0,0,0,0,1,0,0,0,1,0,0,0,0
39.0,30,39737.13,674065.12,6,259.73,0,0,0,0,0,0,0,1,0,0,0,1,0
24.0,36,12511.48,2504473.96,10,42.2,1,0,0,0,1,0,0,0,1,1,0,0,0
60.0,9,49018.59,689738.64,14,163.26,1,0,0,0,0,1,0,1,0,0,0,0,0
41.0,36,18795.65,2447403.7,3,205.41,0,0,0,1,0,0,0,0,0,0,0,0,0
21.0,29,9284.29,1361673.7,14,26.0,0,0,1,0,0,0,0,0,0,1,0,0,0
45.0,16,25475.34,1393167.19,9,278.95,0,0,0,0,0,1,0,0,1,0,0,0,0
32.0,21,36539.0,821795.23,9,156.51,1,0,0,0,0,1,0,1,0,0,0,1,0
18.0,64,5080.27,2701021.19,2,193.99,0,0,0,0,0,1,0,0,1,1,0,0,0
20.0,66,32080.06,270911.9,6,54.29,1,1,0,0,0,0,0,1,0,1,0,0,0
31.0,59,43045.82,437496.87,15,80.07,1,1,0,0,0,0,0,0,1,0,0,0,1
55.0,28,13827.29,1909474.88,15,37.18,1,0,0,0,0,0,1,0,0,0,0,1,0
67.0,55,34963.04,2551095.22,13,79.94,0,0,0,0,0,1,0,0,1,0,0,1,0
18.0,31,20595.52,290876.49,9,148.23,0,0,0,0,0,0,0,1,0,0,1,0,0
55.0,33,21292.62,2202587.99,0,250.26,0,0,0,0,0,0,1,0,1,1,0,0,0
55.0,60,14759.89,2228822.04,5,160.58,1,0,0,1,0,0,0,1,0,0,1,0,0
38.0,41,31595.3,1746660.58,12,74.09,0,0,0,0,1,0,0,0,1,0,0,1,1
65.0,46,18688.96,1462750.5,10,14.34,1,1,0,0,0,0,0,1,0,0,0,1,1
46.0,49,41714.25,966657.84,10,186.97,1,0,0,0,0,1,0,1,0,0,1,0,1
22.0,65,48182.37,1057628.07,10,126.63,1,0,0,1,0,0,0,1,0,1,0,0,1
66.0,42,46819.3,2024928.25,1,295.32,1,0,0,0,0,0,1,0,1,0,1,0,1
27.0,23,8993.29,200535.44,1,234.15,1,0,0,0,0,0,1,0,1,0,0,1,0
45.0,27,1695.32,1756880.29,10,242.7,1,1,0,0,0,0,0,0,0,0,0,1,0
38.0,32,22484.95,839802.92,7,4.66,0,0,0,0,0,0,1,1,0,0,0,0,0
67.0,3,36715.3,1402484.71,2,233.56,1,0,0,0,0,0,0,0,0,0,0,0,0
24.0,60,48895.31,1679143.96,8,59.19,0,0,0,0,0,0,1,0,0,0,1,0,0
20.0,17,39387.69,2657549.73,15,176.15,1,0,1,0,0,0,0,1,0,0,0,0,0
62.0,32,29446.92,1739329.29,3,134.78,0,0,0,0,1,0,0,0,0,0,0,1,0
64.0,7,2291.29,685342.92,13,171.91,0,0,0,0,0,0,1,0,1,1,0,0,1
37.0,71,41451.49,242981.06,5,40.9,0,0,1,0,0,0,0,0,0,1,0,0,1
36.0,69,9680.11,1882830.26,0,137.61,0,0,0,1,0,0,0,0,1,0,1,0,1
52.0,58,3724.72,1637419.95,10,12.05,1,0,0,0,0,0,1,1,0,0,0,0,0
21.0,40,42667.58,2017034.7,14,13.26,1,0,0,0,0,0,0,1,0,0,1,0,0
22.0,48,28746.29,1380892.75,9,197.66,1,0,0,1,0,0,0,1,0,0,0,0,0
18.0,51,7299.03,2476251.91,9,285.56,1,0,0,0,0,1,0,0,0,1,0,0,1
21.0,57,19940.59,2760938.15,2,233.44,0,0,0,0,0,0,1,1,0,0,0,0,0
29.0,71,5191.54,124813.24,3,141.28,0,1,0,0,0,0,0,1,0,0,0,0,1
44.0,37,32262.53,2233539.18,4,17.71,0,0,1,0,0,0,0,0,1,0,1,0,1
59.0,55,14838.94,110305.83,12,14.46,1,0,1,0,0,0,0,0,0,1,0,0,0
40.0,41,43438.61,1338064.58,0,48.21,0,1,0,0,0,0,0,0,0,0,0,0,1
42.0,20,18532.01,1387501.63,13,292.77,1,0,0,0,1,0,0,1,0,1,0,0,0
38.0,33,25237.06,2090174.1,3,120.2,0,0,0,0,0,1,0,0,0,0,0,0,0
69.0,40,4112.65,1060447.88,4,253.18,0,0,0,0,0,0,0,1,0,1,0,0,0
41.0,34,14504.04,2463599.51,3,211.84,0,0,1,0,0,0,0,0,1,0,0,0,1
42.0,62,34161.6,1031877.85,9,182.02,0,0,0,1,0,0,0,0,0,0,0,1,0
62.0,19,37076.88,1030841.08,9,284.4,0,0,0,0,0,0,0,0,0,1,0,0,0
63.0,43,12898.27,672168.2,6,69.89,1,0,1,0,0,0,0,0,1,0,0,1,0
49.0,69,25687.18,2053187.65,7,137.01,0,0,0,0,0,1,0,0,0,0,0,1,0
49.0,63,41059.02,234378.75,11,259.55,1,0,0,0,1,0,0,1,0,0,0,1,1
22.0,10,19615.6,1092349.98,7,165.98,1,0,0,0,0,1,0,0,0,0,0,0,0
53.0,13,7554.79,804337.78,2,74.69,1,0,0,1,0,0,0,0,0,1,0,0,1
63.0,5,22161.65,691860.23,12,63.47,1,0,0,0,0,1,0,0,1,0,0,0,0
59.0,58,30430.8,187645.03,4,226.11,1,0,0,0,0,0,0,0,1,0,0,0,0
66.0,59,1362.53,575197.43,9,4.82,1,0,0,1,0,0,0,1,0,1,0,0,0
59.0,59,18079.81,1341502.01,14,274.34,1,1,0,0,0,0,0,0,0,0,1,0,0
56.0,15,30764.36,1513705.66,7,6.51,1,0,0,0,0,0,1,0,0,0,0,0,0
33.0,1,47643.69,812166.5,6,189.67,0,1,0,0,0,0,0,0,1,0,0,1,0
50.0,38,21018.89,1952479.31,13,181.82,0,0,0,0,0,0,0,1,0,0,0,0,0
66.0,53,8985.64,1010701.05,8,173.94,1,0,0,0,0,0,1,0,0,0,1,0,0
38.0,52,27176.74,1104901.29,12,142.83,1,1,0,0,0,0,0,1,0,0,0,1,0
26.0,1,15001.87,2348959.88,9,255.88,1,0,0,0,0,0,1,0,0,0,0,0,0
23.0,11,11524.19,1658140.33,6,198.14,0,0,1,0,0,0,0,0,1,1,0,0,0
68.0,58,29929.76,2859758.68,1,234.78,0,0,0,0,0,1,0,0,1,0,0,1,0
62.0,40,45878.29,1081107.1,3,35.54,1,0,0,1,0,0,0,0,1,0,1,0,1
52.0,60,41925.99,2484382.29,11,15.92,1,0,0,0,0,0,1,0,1,0,0,0,0
56.0,44,9932.33,2216320.92,13,9.53,0,0,1,0,0,0,0,0,1,1,0,0,0
39.0,6,38528.09,2671115.84,11,45.01,0,0,0,0,0,1,0,0,1,0,0,1,0
58.0,28,12263.56,2870590.16,7,200.44,1,0,0,0,0,1,0,1,0,0,0,1,0
22.0,31,15244.36,27991.17,8,148.71,1,0,0,0,1,0,0,0,1,1,0,0,1
59.0,8,46082.52,269451.75,6,225.92,1,1,0,0,0,0,0,1,0,0,1,0,0
40.0,5,45641.46,2024644.77,4,58.33,1,0,0,0,1,0,0,0,1,0,0,1,0
34.0,54,9262.91,1173648.58,0,110.72,0,0,0,0,0,0,0,0,0,0,1,0,0
29.0,17,4145.4,2458279.68,14,266.66,0,0,1,0,0,0,0,0,0,0,1,0,0
40.0,38,15362.79,40879.59,8,280.78,1,0,0,0,1,0,0,0,0,1,0,0,1
33.0,9,29506.98,2421897.32,11,276.6,1,0,0,0,1,0,0,1,0,0,0,1,0
20.0,14,43967.69,410049.78,5,245.67,1,0,0,0,0,1,0,0,1,0,0,0,0
47.0,26,6823.03,874295.89,1,206.78,0,0,1,0,0,0,0,1,0,1,0,0,1
39.0,62,21332.97,2907389.21,10,274.19,1,0,0,0,0,1,0,0,1,1,0,0,1
26.0,25,14315.74,159536.35,9,214.54,1,0,0,1,0,0,0,0,0,0,1,0,1
46.0,36,1731.52,1050376.63,9,286.23,1,0,0,0,0,0,1,1,0,0,0,0,0
64.0,33,39633.87,258163.68,1,8.41,0,0,0,0,0,0,0,0,1,1,0,0,0
54.0,3,40850.93,2561545.2,9,276.57,1,0,0,0,0,0,0,1,0,0,1,0,1
40.0,11,11840.22,2110533.29,0,167.17,0,1,0,0,0,0,0,1,0,0,0,1,0
30.0,58,25186.59,2402010.48,11,34.43,1,0,0,0,0,1,0,0,0,0,1,0,1
49.0,64,8083.48,1584202.14,3,65.26,1,0,0,0,0,0,1,0,0,0,0,0,0
63.0,18,23733.41,1076371.46,9,255.8,1,1,0,0,0,0,0,0,0,0,0,0,0
44.0,47,13078.28,11809.49,10,152.33,0,0,0,0,0,0,0,0,0,0,1,0,0
64.0,44,26056.43,837392.3,12,294.86,1,0,0,0,0,0,1,0,0,0,0,1,1
65.0,59,19857.74,1546087.87,1,36.14,1,0,0,0,1,0,0,0,1,0,0,0,0
40.0,50,11333.62,1994764.3,9,124.34,0,0,0,1,0,0,0,0,1,0,0,0,1
62.0,69,37808.4,690667.58,10,100.23,0,0,0,0,1,0,0,0,0,0,0,1,0
34.0,29,8367.83,421008.03,8,155.32,0,0,0,1,0,0,0,0,0,1,0,0,1
57.0,67,40146.21,608836.51,1,190.4,1,0,0,0,0,1,0,0,0,0,0,0,0
38.0,2,28510.87,1065457.77,10,198.83,0,0,1,0,0,0,0,1,0,0,1,0,0
19.0,25,41769.82,449392.98,8,1.39,1,1,0,0,0,0,0,0,0,0,0,1,0
54.0,19,1233.19,474667.92,0,27.6,0,1,0,0,0,0,0,0,1,0,0,0,0
23.0,40,37710.24,136036.34,13,11.48,0,0,1,0,0,0,0,0,1,1,0,0,0
61.0,2,3524.26,2570891.96,6,259.52,0,1,0,0,0,0,0,1,0,0,0,0,0
35.0,65,47554.84,663177.08,14,94.67,1,0,1,0,0,0,0,0,1,1,0,0,0
47.0,62,35434.23,2466597.8,5,110.75,1,0,0,0,0,1,0,0,0,0,0,0,0
39.0,54,16688.44,1317736.61,5,135.66,1,0,0,0,0,0,0,1,0,0,0,0,0
50.0,45,16672.67,1899151.26,1,254.94,1,0,1,0,0,0,0,1,0,0,1,0,0
47.0,49,43213.13,231727.9,14,5.24,1,0,0,1,0,0,0,0,1,0,0,1,0
34.0,69,45239.17,1752823.59,0,36.47,1,0,0,0,0,0,0,0,0,0,0,1,0
60.0,38,44687.09,873536.23,9,205.86,1,0,1,0,0,0,0,0,0,0,1,0,0
49.0,4,40628.27,290153.81,7,289.2,1,1,0,0,0,0,0,0,0,0,0,1,1
59.0,17,41132.57,2725156.33,7,193.19,1,0,0,0,1,0,0,1,0,0,0,1,0
68.0,53,29065.63,1812865.99,1,79.08,0,0,0,1,0,0,0,0,1,0,0,1,1
31.0,53,2383.32,728914.34,3,156.44,0,0,0,0,0,1,0,0,1,0,0,0,0
27.0,31,5251.89,1261845.79,12,292.52,1,0,0,1,0,0,0,0,1,0,0,0,1
64.0,22,32828.11,1073915.9,12,158.89,1,0,0,0,0,0,1,0,0,1,0,0,1
68.0,11,20657.09,2103236.1,3,112.68,1,0,0,0,1,0,0,1,0,1,0,0,1
53.0,34,28798.17,1824262.36,14,115.64,1,0,0,1,0,0,0,1,0,0,0,1,0
51.0,15,12322.8,64247.62,1,290.14,0,0,1,0,0,0,0,0,1,0,0,1,1
26.0,10,32821.44,597491.83,10,215.96,0,0,0,1,0,0,0,0,1,0,0,1,0
59.0,53,12898.65,1436993.28,8,206.46,1,0,0,1,0,0,0,1,0,0,1,0,1
45.0,48,23579.83,1339229.95,11,70.38,0,0,0,1,0,0,0,0,1,0,0,0,0
28.0,31,24457.28,1552441.27,13,168.29,0,0,0,0,0,0,1,1,0,0,0,1,1
31.0,37,9705.74,2145858.45,3,107.67,1,0,0,1,0,0,0,1,0,0,0,1,1
56.0,28,25186.59,2047616.95,3,72.82,1,0,0,1,0,0,0,0,1,0,0,0,0
64.0,31,26765.23,1121576.2,14,268.77,1,0,0,0,0,0,1,1,0,1,0,0,0
36.0,70,43472.41,2633356.98,14,115.56,1,0,0,0,0,0,0,1,0,0,0,1,0
32.0,14,13864.25,193483.05,3,85.55,0,0,0,0,1,0,0,0,1,0,0,1,0
45.0,16,9444.46,1755607.14,4,279.58,1,0,0,0,0,1,0,0,1,0,0,1,1
41.0,25,1882.82,2849308.05,9,60.01,0,0,0,0,0,0,0,0,1,0,0,1,1
25.0,39,5599.37,1649498.91,11,223.91,1,1,0,0,0,0,0,1,0,0,0,0,0
60.0,66,8226.06,1368043.37,11,196.17,0,0,0,0,0,0,1,0,1,0,0,0,0
26.0,38,4863.92,406083.18,7,276.22,1,0,0,0,0,0,1,0,1,0,0,0,0
64.0,41,44947.09,2431516.34,3,249.78,1,0,0,1,0,0,0,1,0,1,0,0,0
50.0,40,45660.48,1124515.7,2,211.88,0,0,0,1,0,0,0,1,0,0,0,1,0
50.0,64,25186.59,2105231.5,10,95.06,0,0,0,0,0,1,0,0,1,1,0,0,1
36.0,16,48033.18,596652.91,0,149.18,0,1,0,0,0,0,0,0,1,1,0,0,0
20.0,59,25099.92,130380.29,1,283.4,1,0,0,1,0,0,0,1,0,0,0,0,0
27.0,11,26971.21,919875.02,3,7.94,0,0,1,0,0,0,0,1,0,0,0,1,0
57.0,1,7410.69,847834.52,8,238.51,0,0,0,1,0,0,0,0,0,0,0,1,0
64.0,13,7715.55,2621058.38,14,76.29,0,0,0,1,0,0,0,1,0,1,0,0,0
59.0,30,38865.07,2594697.97,13,56.32,0,0,1,0,0,0,0,1,0,0,1,0,1
18.0,69,42930.73,1604013.2,0,70.44,0,1,0,0,0,0,0,0,0,0,1,0,1
46.0,18,39451.01,61901.84,5,18.87,0,0,1,0,0,0,0,0,1,0,0,1,0
67.0,13,41894.22,688832.37,5,297.6,0,0,0,0,0,0,1,0,0,0,0,1,0
51.0,32,14551.95,1918842.72,9,261.09,0,0,1,0,0,0,0,1,0,1,0,0,0
68.0,71,23837.22,308718.16,2,156.8,0,0,0,0,1,0,0,0,0,1,0,0,1
30.0,72,23500.77,2103363.68,15,214.82,1,0,0,0,0,0,1,0,0,0,0,0,0
18.0,50,49768.89,40826.98,9,167.42,1,0,0,1,0,0,0,0,0,1,0,0,0
51.0,71,47509.72,2049197.64,8,243.66,0,0,0,0,0,1,0,0,0,1,0,0,0
46.0,31,30325.82,2534395.03,13,253.58,1,0,0,0,0,0,1,0,0,0,1,0,0
65.0,51,7760.68,1410307.07,9,70.6,1,1,0,0,0,0,0,0,0,0,1,0,0
64.0,27,13671.21,2488097.57,2,138.46,0,1,0,0,0,0,0,0,1,0,1,0,1
30.0,60,18824.32,2345675.56,0,190.82,0,0,1,0,0,0,0,0,0,0,1,0,0
65.0,33,43787.37,2015900.35,1,293.55,0,0,0,0,0,0,1,0,0,1,0,0,1
66.0,53,9360.99,1338222.1,14,205.12,0,0,0,1,0,0,0,0,0,0,0,1,1
70.0,72,11767.6,819352.61,14,269.39,0,1,0,0,0,0,0,0,0,0,1,0,1
46.0,33,18119.85,2583287.57,3,253.99,0,0,0,0,0,0,0,1,0,0,0,0,0
56.0,41,46418.6,1947528.19,3,175.04,1,0,0,1,0,0,0,0,0,0,0,0,0
41.0,19,25686.79,2395060.42,15,268.2,0,0,0,0,0,0,0,0,0,1,0,0,0
43.0,41,32694.97,1658140.95,1,113.85,1,0,0,0,1,0,0,0,0,0,0,0,0
34.0,42,19973.94,519739.97,9,114.41,0,0,0,0,0,0,0,0,1,0,1,0,0
24.0,23,10237.58,2938416.63,5,234.51,0,1,0,0,0,0,0,0,0,0,0,1,1
30.0,33,11917.23,552302.56,14,41.23,1,0,1,0,0,0,0,1,0,0,0,1,0
22.0,20,40330.89,2734168.3,5,92.44,0,0,0,0,1,0,0,0,1,0,1,0,0
43.0,25,44780.62,628375.24,2,182.96,0,0,0,0,0,0,1,1,0,0,0,0,0
66.0,52,25160.71,1124379.58,0,126.6,1,0,0,1,0,0,0,0,1,1,0,0,1
20.0,12,18492.73,1323049.92,9,282.28,0,1,0,0,0,0,0,0,1,0,0,1,1
24.0,32,40583.92,2764521.09,8,287.59,1,0,0,0,1,0,0,0,0,0,1,0,0
66.0,33,25186.59,2665154.72,3,151.27,0,0,0,0,1,0,0,0,0,0,1,0,1
56.0,68,3002.82,2470546.83,8,162.18,0,1,0,0,0,0,0,0,1,0,0,0,0
70.0,15,18186.3,1133142.07,4,217.66,1,0,0,0,0,0,1,0,0,1,0,0,1
18.0,51,34426.48,18457.27,6,137.72,0,0,0,0,0,0,1,0,0,1,0,0,1
44.0,6,29110.31,2046342.04,2,57.84,1,0,1,0,0,0,0,0,1,0,0,0,0
34.0,69,48925.3,1235806.73,14,224.34,1,0,0,0,0,1,0,0,1,0,1,0,0
60.0,69,43439.65,2272389.29,2,221.6,1,0,0,0,0,0,0,1,0,0,0,0,0
42.0,35,3927.18,2385581.88,7,74.25,0,0,0,0,0,0,1,0,1,0,0,0,0
20.0,34,36562.68,1321971.59,0,250.04,0,0,1,0,0,0,0,1,0,0,0,0,0
32.0,63,17480.0,2245567.18,7,184.48,1,0,0,0,0,0,0,1,0,0,1,0,0
46.0,68,34422.05,2520612.16,7,71.65,0,0,0,0,1,0,0,0,0,0,0,1,0
70.0,18,31244.0,2785786.01,2,195.96,0,1,0,0,0,0,0,0,0,0,1,0,0
60.0,26,25649.46,1749453.72,0,70.85,0,0,0,0,0,0,1,0,1,0,0,1,1
49.0,61,42794.53,2336543.91,8,80.3,1,0,1,0,0,0,0,0,1,0,0,1,1
43.0,48,35725.8,1486221.79,3,254.55,0,0,0,0,1,0,0,1,0,0,0,0,0
33.0,72,44588.2,129780.69,6,278.92,1,0,0,0,0,0,1,1,0,1,0,0,0
42.0,31,14798.58,469888.18,15,77.81,0,0,0,1,0,0,0,0,0,0,0,0,0
45.0,34,18058.25,389032.41,8,278.49,0,0,0,0,0,1,0,0,1,0,1,0,1
26.0,7,31475.62,519437.94,2,72.4,1,0,0,0,1,0,0,0,1,1,0,0,0
18.0,7,48356.76,35587.19,15,36.06,0,0,0,0,0,0,1,0,1,1,0,0,0
46.0,47,19207.52,2576826.94,4,18.41,1,0,0,0,1,0,0,0,1,0,1,0,0
39.0,8,2582.39,1682647.21,9,73.39,0,1,0,0,0,0,0,0,0,0,1,0,0
33.0,1,22848.51,1152534.26,10,116.19,1,1,0,0,0,0,0,0,0,0,0,0,0
58.0,3,27652.55,1232287.72,12,278.34,0,0,0,0,0,1,0,1,0,0,1,0,0
68.0,53,40248.38,1392736.53,2,73.41,0,1,0,0,0,0,0,0,0,0,0,1,0
61.0,38,36701.42,226281.08,4,110.27,0,0,0,0,0,0,0,1,0,0,0,1,0
68.0,51,48268.47,827622.91,10,220.51,1,0,0,1,0,0,0,0,0,1,0,0,1
58.0,15,39351.46,2555621.18,1,91.32,1,1,0,0,0,0,0,0,0,0,0,0,0
24.0,67,15632.79,2232307.33,15,205.63,1,0,0,1,0,0,0,0,1,0,0,0,0
31.0,64,32427.64,1692399.59,3,130.19,0,1,0,0,0,0,0,1,0,1,0,0,0
46.0,68,33939.82,1444708.43,11,59.74,1,0,0,0,0,0,0,1,0,0,1,0,0
36.0,5,49903.01,780624.69,1,220.48,1,0,0,0,1,0,0,1,0,0,0,0,1
36.0,10,7798.16,1416408.63,2,9.08,1,0,0,0,0,0,1,0,0,1,0,0,0
19.0,8,10374.95,1795576.55,14,88.41,1,0,0,0,0,0,1,0,1,1,0,0,0
58.0,12,8620.17,2139350.66,4,107.5,1,1,0,0,0,0,0,0,0,0,0,1,0
62.0,64,29863.95,504087.36,8,138.01,1,0,0,0,0,0,1,0,1,1,0,0,1
32.0,59,7629.75,2440265.25,2,204.28,1,1,0,0,0,0,0,0,0,0,1,0,1
20.0,67,33144.38,1040704.77,9,138.36,1,1,0,0,0,0,0,1,0,0,1,0,0
28.0,50,40384.93,1512257.96,5,178.7,1,0,0,0,0,1,0,0,0,0,1,0,0
70.0,23,22206.85,1825673.43,3,179.14,1,0,1,0,0,0,0,1,0,0,1,0,0
63.0,40,28473.57,1466844.99,3,112.61,0,0,1,0,0,0,0,0,1,1,0,0,0
47.0,18,45723.38,1718010.93,15,280.26,0,0,0,0,0,1,0,1,0,0,0,0,0
57.0,21,28908.73,339012.78,10,286.8,1,0,1,0,0,0,0,1,0,1,0,0,0
35.0,1,11221.67,1299305.59,12,174.97,0,0,0,1,0,0,0,1,0,0,0,0,0
68.0,38,17816.5,845000.08,14,22.44,0,0,1,0,0,0,0,1,0,0,0,0,0
65.0,41,26962.44,262648.33,14,147.85,1,1,0,0,0,0,0,0,1,0,0,0,0
19.0,42,8589.99,578989.43,9,56.14,1,0,0,0,0,0,0,0,0,0,0,1,0
49.0,9,31013.47,1809321.48,9,145.48,1,0,0,0,0,0,0,0,0,0,1,0,0
25.0,23,49963.06,594075.78,12,57.36,0,0,0,0,1,0,0,0,0,0,0,1,0
39.0,11,32974.21,547286.71,4,211.45,1,0,1,0,0,0,0,0,0,1,0,0,0
23.0,71,19248.15,1660727.14,14,25.05,0,0,0,0,0,0,0,1,0,0,0,1,0
29.0,31,17255.58,2714584.01,10,286.04,1,0,1,0,0,0,0,0,1,0,0,0,1
64.0,26,46648.56,2367135.09,6,59.42,0,0,0,0,1,0,0,0,1,1,0,0,0
57.0,30,43704.2,2715741.89,10,198.54,0,0,0,0,0,0,0,0,0,0,1,0,1
53.0,34,24145.57,1751025.71,13,275.17,1,1,0,0,0,0,0,0,0,0,0,0,1
32.0,46,18317.31,1232739.03,3,75.12,1,0,0,1,0,0,0,0,1,0,1,0,0
45.0,69,35812.75,2190275.89,7,280.35,0,0,0,0,0,1,0,0,1,0,0,1,0
69.0,5,16410.62,787785.26,11,117.21,0,0,0,0,0,1,0,1,0,0,1,0,0
66.0,61,6850.76,238771.6,12,288.2,1,0,0,0,0,1,0,0,1,1,0,0,0
62.0,38,16197.46,1037121.3,8,291.44,1,0,1,0,0,0,0,0,1,0,0,0,0
35.0,28,22280.5,901213.91,8,57.24,0,0,0,0,0,0,0,1,0,0,1,0,0
19.0,26,13515.16,2028239.09,8,249.5,1,0,0,0,0,0,0,1,0,0,0,1,0
30.0,61,11623.87,1656331.22,1,58.83,0,0,0,0,1,0,0,1,0,1,0,0,0
62.0,23,1300.87,419097.64,2,68.71,1,1,0,0,0,0,0,0,1,0,0,0,1
32.0,46,31911.3,2725970.02,4,26.15,1,0,0,0,0,0,1,0,1,0,0,1,0
37.0,30,31108.0,1782050.13,11,47.8,1,0,0,0,0,0,0,0,1,0,0,0,0
46.0,67,10213.24,1375764.26,0,190.03,0,0,0,1,0,0,0,1,0,0,1,0,0
59.0,33,47238.85,2811898.81,3,135.33,1,0,0,0,1,0,0,0,1,0,0,1,1
46.0,3,21068.97,296419.04,10,237.49,0,0,0,0,0,0,0,0,1,0,0,1,0
20.0,69,2248.49,2369830.85,13,100.27,1,0,0,0,0,0,0,1,0,0,1,0,0
36.0,42,11768.82,1097173.19,13,290.62,0,0,0,0,1,0,0,0,0,0,0,1,0
20.0,62,34911.31,2087692.3,4,15.91,0,0,0,0,1,0,0,0,0,0,0,1,0
31.0,58,10879.38,2792522.66,8,19.82,1,0,1,0,0,0,0,0,1,0,0,1,0
57.0,57,3641.71,1555550.68,7,210.71,0,0,0,0,0,0,0,1,0,0,1,0,0
21.0,1,31267.6,72803.28,0,266.37,0,0,0,0,0,0,1,1,0,0,1,0,0
69.0,60,26399.38,91400.45,13,238.85,0,0,0,1,0,0,0,0,1,0,0,0,0
28.0,69,38302.03,995029.65,12,147.46,0,1,0,0,0,0,0,0,1,0,1,0,0
48.0,59,38858.94,2346066.37,11,81.62,1,1,0,0,0,0,0,0,0,0,0,1,0
60.0,46,48036.83,868342.72,2,5.02,1,0,0,0,0,0,1,1,0,0,1,0,0
49.0,34,3793.86,1006733.46,13,153.33,1,0,0,0,1,0,0,0,1,0,0,1,1
44.0,25,2910.48,2354459.84,13,143.22,0,0,0,0,1,0,0,1,0,0,0,1,0
47.0,42,49372.66,352986.58,2,103.93,0,0,0,0,1,0,0,0,1,0,0,1,0
60.0,29,32597.55,2541204.82,10,173.84,1,0,0,0,0,0,0,0,0,0,1,0,0
19.0,25,36053.16,801048.58,5,218.92,1,0,0,0,1,0,0,0,1,0,0,1,1
66.0,54,5727.62,158413.1,3,210.57,0,0,0,0,1,0,0,0,0,0,0,0,0
26.0,67,4420.82,356441.41,3,79.71,1,0,0,0,0,0,0,0,0,1,0,0,0
45.0,15,8852.43,2857901.89,0,176.01,1,0,0,0,0,0,0,0,1,1,0,0,0
48.0,4,21932.58,1356715.25,11,45.48,0,0,0,0,0,0,1,0,1,0,0,0,0
51.0,38,6398.63,773032.13,9,37.36,1,0,1,0,0,0,0,0,0,1,0,0,1
32.0,20,22870.35,1566206.5,12,235.97,0,0,0,0,0,0,0,1,0,0,0,0,0
65.0,23,28515.26,2048628.23,11,208.43,1,0,0,1,0,0,0,1,0,0,1,0,0
42.0,37,1016.32,959801.23,10,230.61,0,0,0,0,1,0,0,0,0,1,0,0,1
53.0,62,6598.04,2177187.25,3,46.59,0,0,1,0,0,0,0,0,0,0,0,0,0
25.0,8,19384.56,760494.89,0,274.47,0,1,0,0,0,0,0,0,1,0,0,0,0
26.0,37,3613.16,341450.01,14,40.8,0,0,0,0,0,0,1,0,1,0,0,1,1
54.0,45,7542.92,1651376.12,4,261.14,0,0,1,0,0,0,0,0,0,0,1,0,0
65.0,33,12358.02,457600.43,12,106.36,1,0,0,0,0,0,0,0,0,0,0,0,0
62.0,7,22050.47,2821752.21,2,32.52,1,0,0,0,1,0,0,1,0,1,0,0,0
56.0,22,36027.02,6344.84,12,86.74,1,0,0,0,1,0,0,1,0,0,0,1,1
49.0,5,7501.74,2268309.82,9,55.25,0,0,0,0,1,0,0,1,0,0,0,1,0
69.0,15,37159.97,842022.25,4,147.71,1,0,1,0,0,0,0,0,0,0,0,1,0
34.0,21,42897.98,2539030.15,13,284.97,0,0,0,0,1,0,0,0,0,0,1,0,1
52.0,17,32922.46,185151.9,2,99.03,0,0,0,0,0,0,0,1,0,0,0,0,0
54.0,56,3142.56,2859236.79,4,184.02,1,0,1,0,0,0,0,1,0,0,1,0,0
36.0,50,22592.03,308677.68,3,267.62,0,0,0,0,1,0,0,0,1,0,0,0,0
61.0,7,33343.23,2364708.85,8,189.39,1,1,0,0,0,0,0,0,1,0,0,1,0
46.0,50,48947.14,1554439.93,13,109.3,0,1,0,0,0,0,0,0,0,1,0,0,0
24.0,60,47638.61,1294032.4,5,297.26,0,0,0,1,0,0,0,0,1,1,0,0,0
45.0,7,20389.45,844066.58,11,57.04,1,0,0,0,1,0,0,0,0,0,1,0,0
26.0,40,31180.62,2524901.76,14,157.45,0,0,0,0,1,0,0,0,0,0,0,1,0
45.0,45,44649.94,603255.44,13,239.21,1,0,1,0,0,0,0,0,0,0,0,0,0
44.0,59,41721.27,2165117.62,9,1.19,0,0,1,0,0,0,0,1,0,0,1,0,1
46.0,55,24491.67,1340145.99,1,210.91,1,0,0,0,0,1,0,0,1,0,0,1,0
34.0,64,13800.83,2995492.55,0,80.68,0,0,0,0,1,0,0,0,1,0,1,0,0
33.0,65,7717.9,1836140.07,0,51.75,1,0,0,1,0,0,0,0,1,1,0,0,0
40.0,54,24911.03,317047.86,0,82.98,1,0,0,0,1,0,0,0,1,0,0,1,0
48.0,40,36419.45,1261465.96,8,290.08,0,0,0,0,0,0,0,1,0,0,1,0,1
20.0,53,48518.72,203565.45,4,267.69,1,0,1,0,0,0,0,0,1,0,0,0,0
38.0,44,43228.93,860538.62,15,64.91,0,0,0,0,1,0,0,0,1,1,0,0,1
43.0,63,11007.81,1033233.8,13,35.99,0,0,1,0,0,0,0,1,0,0,0,0,0
53.0,2,36269.13,2560263.94,3,109.88,1,0,0,0,1,0,0,0,1,0,1,0,1
59.0,21,15165.96,2514772.49,9,178.11,1,0,0,0,0,0,1,0,1,0,0,1,0
54.0,50,34490.16,39613.87,4,260.28,1,0,1,0,0,0,0,1,0,1,0,0,0
70.0,52,33624.47,1599174.45,8,289.86,1,0,0,1,0,0,0,1,0,0,0,0,0
39.0,9,25186.59,674513.55,2,225.59,1,0,0,0,0,0,1,1,0,0,0,0,0
59.0,20,12485.04,963678.83,2,180.1,0,0,0,0,0,0,0,1,0,0,0,1,1
29.0,18,6092.95,69845.6,11,43.56,1,0,0,0,1,0,0,0,0,0,1,0,0
59.0,30,3476.44,2250488.87,1,23.13,0,0,0,0,0,1,0,1,0,0,0,0,1
30.0,65,43064.1,2852016.38,7,179.21,1,0,0,0,0,0,0,0,1,0,1,0,0
28.0,24,3442.62,661704.79,6,162.18,1,0,1,0,0,0,0,0,1,0,1,0,1
33.0,47,5348.32,1028609.74,1,253.98,1,0,0,0,0,0,1,0,1,0,1,0,0
