Customer ID,Age,Gender,City,Tenure,Monthly Charges,Total Charges,Contract Type,Payment Method,Support Calls,Internet Usage,Churn
C00001,56.0,Female,Jaffna,18,48538.06,720361.85,Month-to-Month,Cash,7,52.83,No
C00002,69.0,Female,Colombo,31,36750.71,2663536.69,Month-to-Month,Credit Card,12,118.66,Yes
C00003,46.0,Male,Batticaloa,60,13260.15,1002156.38,Two Year,Credit Card,14,116.26,No
C00004,32.0,Male,Jaffna,37,36484.33,579439.67,One Year,Credit Card,11,86.52,No
C00005,60.0,Female,Batticaloa,21,29176.25,2148088.71,One Year,Cash,13,299.55,No
C00006,25.0,Male,Kurunegala,14,6350.26,960613.92,Month-to-Month,Online Payment,3,23.01,Yes
C00007,38.0,Male,Batticaloa,60,9731.62,1003433.08,Two Year,Online Payment,5,193.24,No
C00008,56.0,Female,Kurunegala,23,3024.1,2218234.9,One Year,Cash,6,53.16,No
C00009,36.0,Female,Jaffna,29,40652.67,758700.18,Two Year,Bank Transfer,12,252.02,No
C00010,40.0,Female,Kurunegala,47,28033.53,2690796.34,Two Year,Bank Transfer,0,274.34,No
C00011,28.0,Female,Kandy,30,16520.68,1686457.93,Month-to-Month,Cash,12,121.04,No
C00012,28.0,Female,Kurunegala,38,7190.9,1615805.97,Two Year,Bank Transfer,0,247.22,No
C00013,41.0,Female,Negombo,27,24718.25,797932.94,Two Year,Bank Transfer,3,75.72,No
C00014,70.0,Male,Jaffna,15,26737.81,2506107.55,Month-to-Month,Online Payment,2,42.88,No
C00015,53.0,Male,Colombo,59,35395.48,1720384.9,One Year,Cash,9,95.45,Yes
C00016,57.0,Female,Batticaloa,3,48526.92,470772.06,Two Year,Credit Card,3,103.16,No
C00017,41.0,Male,Galle,10,22312.33,622863.22,Month-to-Month,Online Payment,12,119.81,No
C00018,20.0,Female,Jaffna,17,20895.68,1407426.45,One Year,Cash,12,112.51,No
C00019,39.0,Female,Negombo,11,19126.57,2340027.26,Two Year,Cash,8,123.93,No
C00020,70.0,Female,Kurunegala,48,41519.27,2818189.34,One Year,Online Payment,1,213.3,Yes
C00021,19.0,Female,Batticaloa,5,8659.54,1992178.4,Month-to-Month,Bank Transfer,13,74.43,Yes
C00022,41.0,Male,Kandy,69,17846.83,1520899.03,Two Year,Bank Transfer,3,6.55,No
C00023,61.0,Female,Colombo,64,36523.57,755942.27,Month-to-Month,Online Payment,6,147.41,Yes
C00024,47.0,Male,Kandy,14,1769.05,2020239.54,Month-to-Month,Cash,1,135.04,No
C00025,55.0,Female,Galle,50,15179.66,2946808.07,Two Year,Credit Card,7,18.96,No
C00026,19.0,Female,Jaffna,26,32430.91,1431286.31,Month-to-Month,Cash,9,41.01,No
C00027,38.0,Female,Batticaloa,72,10111.65,490614.93,One Year,Credit Card,3,153.47,No
C00028,50.0,Male,Jaffna,69,15832.82,314505.04,Month-to-Month,Credit Card,8,71.19,No
C00029,29.0,Female,Negombo,7,24816.21,811422.27,Two Year,Cash,13,263.4,Yes
C00030,39.0,Female,Jaffna,16,21679.15,1710478.85,Two Year,Cash,0,52.81,No
C00031,61.0,Female,Colombo,55,6195.33,2840681.88,One Year,Cash,6,7.02,Yes
C00032,42.0,Male,Galle,56,46973.53,900999.42,Two Year,Credit Card,0,134.82,No
C00033,66.0,Male,Kandy,4,3170.34,919646.56,Month-to-Month,Bank Transfer,10,295.86,Yes
C00034,44.0,Male,Galle,48,37737.4,1446133.08,Month-to-Month,Credit Card,9,190.53,No
C00035,59.0,Female,Batticaloa,17,4499.72,2756034.29,Two Year,Credit Card,10,106.85,No
C00036,45.0,Male,Jaffna,36,23897.49,1260069.88,One Year,Credit Card,8,6.04,Yes
C00037,33.0,Female,Batticaloa,70,9595.15,673572.03,One Year,Online Payment,13,146.0,Yes
C00038,32.0,Male,Kandy,38,7913.79,493577.09,Two Year,Bank Transfer,11,62.73,No
C00039,-5.0,Male,Batticaloa,62,7169.0,1373761.03,Month-to-Month,Credit Card,9,194.68,No
C00040,68.0,Female,Negombo,48,23186.55,2403028.92,Two Year,Credit Card,11,175.32,No
C00041,61.0,Male,Galle,10,26258.76,877600.45,Two Year,Online Payment,12,80.3,Yes
C00042,,Female,Kandy,36,7535.84,1540005.3,One Year,Credit Card,9,21.6,No
C00043,20.0,Female,Kandy,29,48990.39,1811009.78,Month-to-Month,Bank Transfer,11,226.75,No
C00044,54.0,Male,Kurunegala,4,13630.53,1354158.88,One Year,Credit Card,0,176.05,No
C00045,68.0,Female,Kandy,44,23483.23,579112.27,One Year,Bank Transfer,2,252.8,No
C00046,24.0,Female,Kurunegala,56,11597.21,2765628.31,Month-to-Month,Bank Transfer,11,78.68,No
C00047,38.0,Male,Colombo,42,25202.21,1698520.46,Month-to-Month,Cash,6,196.21,No
C00048,26.0,Male,Kurunegala,13,38044.81,2188757.48,Month-to-Month,Online Payment,13,36.49,No
C00049,56.0,Female,Galle,46,26534.0,1909948.8,Two Year,Online Payment,15,88.25,Yes
C00050,35.0,Male,Batticaloa,33,14996.79,2994153.83,Month-to-Month,Online Payment,12,197.31,No
C00051,21.0,Female,Kurunegala,21,13171.43,1371648.85,Two Year,Cash,0,247.85,No
C00052,42.0,Female,Kandy,57,38187.79,1277792.26,One Year,Cash,14,96.96,No
C00053,31.0,Male,Galle,69,6793.67,1083618.9,Month-to-Month,Bank Transfer,4,239.86,Yes
C00054,67.0,Male,Kurunegala,70,19128.36,1088077.24,Two Year,Online Payment,5,203.65,Yes
C00055,26.0,Male,Kurunegala,67,8422.65,830931.78,Two Year,Cash,13,105.25,No
C00056,,Male,Kandy,48,13640.82,2941987.22,Two Year,Cash,2,263.04,Yes
C00057,70.0,Female,Negombo,33,8481.48,2612992.19,Two Year,Cash,15,153.26,No
C00058,19.0,Female,Negombo,36,44451.85,953435.65,One Year,Bank Transfer,12,194.83,No
C00059,37.0,Male,Kurunegala,33,36863.31,919160.99,Month-to-Month,Credit Card,5,149.19,No
C00060,45.0,Male,Negombo,31,28485.44,315084.29,Month-to-Month,Cash,3,136.36,No
C00061,64.0,Female,Jaffna,21,11996.84,2631707.43,Month-to-Month,Cash,5,254.55,No
C00062,24.0,Female,Kandy,27,26001.11,1118439.32,Month-to-Month,Cash,5,89.12,No
C00063,61.0,Female,Jaffna,72,26520.83,1719983.1,Month-to-Month,Online Payment,15,11.95,No
C00064,25.0,Female,Galle,62,29929.78,2701631.3,Month-to-Month,Online Payment,3,264.06,No
C00065,64.0,Male,Jaffna,26,3944.17,1227261.44,Two Year,Cash,0,247.68,No
C00066,52.0,Female,Galle,66,48672.2,2421569.79,Month-to-Month,Bank Transfer,2,110.6,Yes
C00067,31.0,Female,Kurunegala,12,23806.51,1293705.45,Two Year,Credit Card,10,56.45,No
C00068,34.0,Male,Galle,22,46400.06,2104318.11,One Year,Online Payment,9,202.98,Yes
C00069,53.0,Female,Galle,17,1480.6,1296397.3,Two Year,Credit Card,6,24.55,No
C00070,67.0,Female,Batticaloa,7,13130.36,1181313.61,One Year,Cash,1,127.7,No
C00071,57.0,Male,Jaffna,68,6095.78,2972174.17,Month-to-Month,Online Payment,3,26.67,No
C00072,21.0,Male,Batticaloa,37,38711.19,1838987.78,One Year,Credit Card,5,179.77,No
C00073,19.0,Male,Kurunegala,38,16686.13,1105336.59,One Year,Cash,4,9.14,No
C00074,23.0,Female,Kandy,11,42184.13,777169.33,Two Year,Online Payment,13,189.14,No
C00075,59.0,Female,Jaffna,1,41786.88,124100.28,Two Year,Cash,5,202.29,No
C00076,21.0,Male,Kandy,25,33721.94,2121166.19,One Year,Online Payment,4,146.66,No
C00077,46.0,Male,Kandy,42,33623.31,1119611.5,One Year,Credit Card,8,53.33,No
C00078,35.0,Female,Galle,52,35307.82,2464656.22,Month-to-Month,Credit Card,10,31.32,No
C00079,43.0,Male,Jaffna,24,34014.43,1094786.04,Two Year,Online Payment,15,94.67,Yes
C00080,61.0,Male,Kandy,53,19958.51,1123120.93,One Year,Bank Transfer,11,140.1,Yes
C00081,51.0,Male,Negombo,56,34458.55,2338647.11,Two Year,Cash,12,193.02,No
C00082,27.0,Female,Kandy,63,44972.94,1470952.64,Month-to-Month,Credit Card,15,1.37,Yes
C00083,53.0,Female,Negombo,8,17296.1,2655259.84,Month-to-Month,Bank Transfer,1,213.61,No
C00084,31.0,Female,Jaffna,59,47299.56,1772456.59,One Year,Online Payment,3,214.1,No
C00085,48.0,Female,Kurunegala,45,1665.5,725731.22,Month-to-Month,Credit Card,0,133.92,Yes
C00086,65.0,Female,Batticaloa,27,18105.04,1706974.2,One Year,Credit Card,11,103.68,No
C00087,32.0,Female,Jaffna,52,7472.82,16985.02,Two Year,Cash,12,252.85,No
C00088,25.0,Male,Batticaloa,18,7204.37,940630.14,Two Year,Bank Transfer,6,235.59,Yes
C00089,31.0,Female,Batticaloa,16,40956.05,627817.26,One Year,Cash,0,295.0,No
C00090,40.0,Female,Jaffna,66,46000.05,1964292.63,One Year,Online Payment,5,112.21,No
C00091,57.0,Male,Kandy,5,39110.15,412435.56,One Year,Credit Card,9,272.14,No
C00092,38.0,Female,Colombo,3,48854.17,873841.85,Two Year,Bank Transfer,9,27.13,No
C00093,33.0,Female,Kandy,70,11600.12,997269.12,Two Year,Cash,12,124.03,No
C00094,62.0,Male,Kandy,7,7899.2,14863.22,Month-to-Month,Bank Transfer,8,140.15,Yes
C00095,35.0,Male,Kurunegala,50,26514.49,145065.87,Month-to-Month,Online Payment,1,132.82,No
C00096,64.0,Male,Galle,14,41622.84,936822.75,Two Year,Credit Card,15,187.9,No
C00097,70.0,Female,Galle,38,2952.12,670957.58,Two Year,Bank Transfer,0,51.89,No
C00098,41.0,Male,Kandy,47,49782.72,355135.68,One Year,Online Payment,11,260.07,Yes
C00099,43.0,Female,Negombo,33,30510.05,466714.16,Two Year,Online Payment,14,165.98,No
C00100,42.0,Female,Kurunegala,43,48968.15,2507433.2,Two Year,Credit Card,10,271.36,No
C00101,62.0,Female,Batticaloa,29,18889.0,2051542.13,Month-to-Month,Cash,10,1.79,No
C00102,58.0,Female,Galle,57,23443.17,1454932.01,Month-to-Month,Credit Card,10,189.37,No
C00103,46.0,Male,Kandy,5,37865.71,2727079.95,One Year,Credit Card,9,124.32,No
C00104,32.0,Male,Kurunegala,60,39842.32,93510.61,Month-to-Month,Bank Transfer,12,152.02,Yes
C00105,62.0,Female,Colombo,70,12418.62,1038080.13,One Year,Bank Transfer,2,223.4,Yes
C00106,18.0,Male,Negombo,2,46560.25,2471034.23,Two Year,Cash,5,68.92,No
C00107,42.0,Female,Jaffna,70,43503.73,1886725.54,Two Year,Online Payment,14,62.26,No
C00108,24.0,Female,Kandy,43,1892.06,2945153.87,One Year,Bank Transfer,12,211.2,No
C00109,26.0,Female,Kurunegala,4,7299.84,2833822.2,Month-to-Month,Cash,6,156.89,No
C00110,41.0,Male,Kandy,56,25308.76,513977.76,Month-to-Month,Credit Card,10,70.86,Yes
C00111,18.0,Female,Batticaloa,59,23586.82,2916101.06,Two Year,Online Payment,7,145.72,No
C00112,0.0,Female,Negombo,9,35711.15,2836876.68,Month-to-Month,Credit Card,3,138.41,No
C00113,25.0,Male,Galle,3,5395.86,1123964.78,One Year,Online Payment,15,207.74,No
C00114,41.0,Male,Galle,48,32597.91,2948726.47,Two Year,Bank Transfer,7,1.8,No
C00115,28.0,Male,Galle,43,31202.13,112353.24,Month-to-Month,Credit Card,6,176.44,Yes
C00116,68.0,Male,Jaffna,1,12447.36,1983947.91,Two Year,Credit Card,10,182.1,No
C00117,34.0,Female,Kurunegala,57,27577.3,802112.67,Two Year,Online Payment,7,223.91,No
C00118,25.0,Male,Negombo,53,11888.15,392741.97,Month-to-Month,Cash,4,266.88,No
C00119,52.0,Female,Negombo,16,8199.23,1734717.1,One Year,Online Payment,9,132.62,No
C00120,52.0,Male,Galle,51,29083.61,922519.17,Month-to-Month,Bank Transfer,6,103.41,No
C00121,50.0,Male,Galle,55,48896.24,2002141.9,Month-to-Month,Cash,15,31.59,No
C00122,22.0,Male,Batticaloa,1,12609.73,1622243.25,Month-to-Month,Credit Card,13,101.71,Yes
C00123,59.0,Male,Colombo,28,18411.47,1180805.26,Month-to-Month,Credit Card,15,21.48,No
C00124,56.0,Male,Colombo,53,13572.09,549557.37,Month-to-Month,Credit Card,3,241.04,Yes
C00125,58.0,Male,Kandy,58,14056.53,1805744.34,Month-to-Month,Bank Transfer,12,242.29,No
C00126,45.0,Female,Kandy,60,20805.41,2488545.74,One Year,Credit Card,0,125.75,Yes
C00127,24.0,Male,Negombo,59,35390.92,1802013.38,Two Year,Credit Card,2,78.63,No
C00128,26.0,Male,Negombo,22,2901.42,1833515.05,One Year,Cash,11,36.29,No
C00129,25.0,Male,Jaffna,8,47899.09,1537952.91,Month-to-Month,Bank Transfer,9,255.52,Yes
C00130,29.0,Male,Jaffna,49,3267.71,1167779.15,One Year,Credit Card,14,263.37,No
C00131,51.0,Female,Colombo,42,44181.41,1375086.83,Two Year,Cash,8,80.62,Yes
C00132,50.0,Male,Kandy,27,44824.53,2968677.56,One Year,Credit Card,14,186.91,Yes
C00133,65.0,Male,Colombo,39,26699.97,2250257.16,Month-to-Month,Cash,10,78.34,Yes
C00134,40.0,Male,Colombo,25,7712.84,1294525.59,Two Year,Credit Card,3,68.31,No
C00135,41.0,Male,Kandy,38,28692.15,1374602.72,Month-to-Month,Bank Transfer,13,7.34,Yes
C00136,54.0,Female,Kurunegala,24,31802.98,1501397.86,Month-to-Month,Online Payment,4,173.57,No
C00137,52.0,Male,Jaffna,24,43030.19,1979646.01,Two Year,Bank Transfer,14,45.83,Yes
C00138,61.0,Female,Batticaloa,60,27993.87,1400544.91,Two Year,Cash,2,4.7,No
C00139,57.0,Male,Batticaloa,50,,2060106.46,Month-to-Month,Credit Card,11,32.35,No
C00140,39.0,Female,Batticaloa,66,42076.27,990917.48,One Year,Bank Transfer,10,94.82,No
C00141,44.0,Female,Kandy,14,49066.64,1234865.7,Two Year,Credit Card,5,201.08,Yes
C00142,52.0,Male,Galle,53,32610.06,2592839.11,One Year,Bank Transfer,3,61.58,No
C00143,18.0,Male,Galle,32,43844.96,990072.44,One Year,Cash,4,266.39,Yes
C00144,52.0,Female,Galle,48,30338.02,2893488.02,Two Year,Online Payment,10,87.26,No
C00145,200.0,Female,Negombo,39,34799.61,521652.32,One Year,Bank Transfer,6,100.04,No
C00146,64.0,Male,Jaffna,40,34720.19,728831.05,Two Year,Credit Card,11,66.18,No
C00147,31.0,Female,Jaffna,42,35534.56,1393720.85,Two Year,Credit Card,6,76.89,No
C00148,20.0,Female,Kurunegala,8,16729.66,2393239.13,Two Year,Credit Card,8,23.17,Yes
C00149,18.0,Female,Kurunegala,26,29207.41,2196068.56,Two Year,Cash,1,89.14,Yes
C00150,22.0,Male,,12,30112.64,527525.72,One Year,Cash,13,258.03,Yes
C00151,43.0,Female,Colombo,43,16438.51,713871.65,One Year,Online Payment,3,206.84,No
C00152,31.0,Female,Kurunegala,51,18142.77,1727912.65,Two Year,Credit Card,14,262.71,Yes
C00153,56.0,Female,Batticaloa,63,38350.09,889018.41,Two Year,Online Payment,7,32.35,No
C00154,44.0,Male,Galle,49,29553.47,1269864.35,Two Year,Credit Card,15,137.23,No
C00155,26.0,Male,Batticaloa,27,8311.35,1462349.56,Two Year,Bank Transfer,3,69.55,No
C00156,32.0,Female,Galle,9,42044.21,1784766.79,Month-to-Month,Bank Transfer,11,216.64,No
C00157,32.0,Male,Batticaloa,39,,756898.72,One Year,Bank Transfer,15,291.1,No
C00158,43.0,Female,Colombo,65,23840.92,493604.73,One Year,Credit Card,2,244.79,No
C00159,59.0,Male,Batticaloa,71,11236.46,1198697.35,Two Year,Bank Transfer,13,11.55,No
C00160,30.0,Male,Batticaloa,71,47432.72,250668.54,Month-to-Month,Credit Card,9,95.68,No
C00161,68.0,Female,Kandy,7,44231.21,1582661.69,Month-to-Month,Online Payment,5,9.55,No
C00162,49.0,Male,Batticaloa,72,12974.71,2519617.45,Month-to-Month,Cash,2,13.01,No
C00163,56.0,Male,Kandy,67,5684.09,361332.1,Two Year,Bank Transfer,14,24.78,Yes
C00164,66.0,Male,Jaffna,10,22592.03,342627.94,Month-to-Month,Credit Card,11,83.62,No
C00165,69.0,Female,Negombo,71,34143.45,245252.31,Two Year,Credit Card,13,91.96,No
C00166,49.0,Male,Batticaloa,53,9594.04,2544344.56,Month-to-Month,Online Payment,11,120.74,No
C00167,21.0,Male,Jaffna,57,26147.42,246711.16,Two Year,Online Payment,1,122.07,No
C00168,47.0,Female,Kurunegala,27,21845.36,2950468.8,Two Year,Cash,8,231.65,No
C00169,54.0,Male,Kurunegala,54,44637.01,1078202.23,One Year,Online Payment,2,43.28,No
C00170,40.0,Male,Kandy,4,22048.77,989642.67,Two Year,Cash,0,48.16,Yes
C00171,56.0,Male,Batticaloa,23,27155.04,279437.1,Month-to-Month,Cash,13,188.35,No
C00172,62.0,Male,Batticaloa,48,47809.02,1758995.43,One Year,Online Payment,11,171.95,Yes
C00173,32.0,Male,Colombo,42,15684.9,1759717.23,Month-to-Month,Cash,14,47.05,No
C00174,60.0,Female,Jaffna,3,15160.56,1483948.45,Two Year,Bank Transfer,14,255.83,Yes
C00175,46.0,Female,Galle,3,40180.16,936505.34,One Year,Cash,11,99.39,Yes
C00176,53.0,Male,Galle,28,14599.41,1108899.77,Two Year,Credit Card,12,110.72,Yes
C00177,30.0,Male,Colombo,63,41761.43,964907.66,Two Year,Credit Card,12,126.72,No
C00178,49.0,Male,Kandy,31,5681.24,1281308.49,Month-to-Month,Credit Card,8,97.49,No
C00179,24.0,Female,Galle,10,6451.8,1028655.38,Month-to-Month,Online Payment,4,167.68,No
C00180,68.0,Female,Galle,49,45164.85,2028174.37,Month-to-Month,Credit Card,6,117.21,No
C00181,39.0,Male,Kurunegala,21,27499.8,890880.48,One Year,Online Payment,13,78.57,No
C00182,45.0,Male,Kurunegala,53,36221.9,1055760.5,Month-to-Month,Credit Card,15,271.44,No
C00183,19.0,Female,Negombo,54,12039.16,1309202.35,Two Year,Cash,1,93.2,No
C00184,59.0,Male,Jaffna,57,9147.44,16865.69,One Year,Online Payment,13,209.85,Yes
C00185,62.0,Female,Kandy,20,41912.76,1478787.31,Month-to-Month,Credit Card,0,104.82,No
C00186,70.0,Female,Batticaloa,49,18572.55,771180.31,Month-to-Month,Cash,5,131.13,Yes
C00187,23.0,Male,Jaffna,7,23296.6,173170.61,Month-to-Month,Online Payment,12,71.55,No
C00188,45.0,Female,Kandy,29,2370.62,2733508.79,Two Year,Cash,4,225.95,Yes
C00189,45.0,Male,Galle,48,19908.16,970644.11,Month-to-Month,Cash,9,221.42,No
C00190,61.0,Male,Negombo,13,38751.45,1281125.36,Two Year,Cash,15,7.65,No
C00191,61.0,Male,Jaffna,3,41242.48,2482892.76,One Year,Online Payment,5,19.0,Yes
C00192,37.0,Male,Galle,2,35238.98,504532.97,Month-to-Month,Online Payment,1,276.79,No
C00193,47.0,Male,Kandy,16,34916.81,2551674.88,Two Year,Bank Transfer,6,266.76,No
C00194,28.0,Male,Jaffna,6,25805.72,728705.65,Month-to-Month,Bank Transfer,0,152.32,Yes
C00195,45.0,Female,Batticaloa,45,27378.14,1769168.49,Month-to-Month,Bank Transfer,10,148.51,No
C00196,42.0,Female,Jaffna,71,37388.96,2058606.75,One Year,Bank Transfer,7,243.91,No
C00197,56.0,Female,Galle,5,13117.79,2715516.77,One Year,Online Payment,13,42.4,No
C00198,50.0,Female,Jaffna,56,12344.34,1824875.79,Two Year,Bank Transfer,6,196.46,Yes
C00199,18.0,Male,Batticaloa,71,47546.32,1362429.24,Two Year,Credit Card,6,143.32,Yes
C00200,44.0,Female,Negombo,32,2356.8,1718946.71,Two Year,Bank Transfer,5,223.26,No
C00201,69.0,Female,Negombo,49,7833.81,610236.98,One Year,Credit Card,9,10.0,No
C00202,30.0,Female,Galle,13,28946.29,2068777.63,Two Year,Credit Card,4,178.22,No
C00203,58.0,Male,Kandy,30,37153.91,564707.73,One Year,Cash,8,167.46,No
C00204,20.0,Female,Galle,25,27356.66,1673956.6,One Year,Cash,2,252.41,No
C00205,56.0,Male,Negombo,60,18398.14,1944572.97,Month-to-Month,Cash,13,203.37,Yes
C00206,23.0,Female,Colombo,59,48920.83,2696256.63,Month-to-Month,Bank Transfer,8,264.17,No
C00207,25.0,Male,Colombo,28,35488.78,1353318.53,Two Year,Online Payment,4,266.29,Yes
C00208,44.0,Male,Jaffna,58,41738.15,2327123.01,One Year,Credit Card,7,123.04,No
C00209,26.0,Female,Batticaloa,20,2972.1,506753.81,One Year,Online Payment,10,42.09,No
C00210,54.0,Male,Kurunegala,34,12560.09,472808.45,One Year,Online Payment,2,189.45,No
C00211,50.0,Male,Kurunegala,5,19334.38,1576770.05,Month-to-Month,Bank Transfer,6,262.25,No
C00212,68.0,Female,Kurunegala,60,9947.47,1791040.59,One Year,Online Payment,9,23.41,No
C00213,59.0,Female,Jaffna,43,4572.06,1898861.42,Two Year,Online Payment,3,167.82,Yes
C00214,61.0,Female,Colombo,57,12029.49,2238293.76,Two Year,Cash,4,35.38,No
C00215,41.0,Male,Negombo,57,27148.15,888319.81,Month-to-Month,Cash,3,9.07,No
C00216,,Male,Jaffna,54,35091.52,1869710.13,Two Year,Credit Card,12,204.21,No
C00217,49.0,Male,Kurunegala,45,38927.03,568476.67,One Year,Credit Card,8,204.87,No
C00218,49.0,Female,Kurunegala,37,3103.87,660898.14,One Year,Cash,11,180.6,No
C00219,41.0,Male,Galle,48,21971.32,206590.12,Two Year,Bank Transfer,6,257.91,No
C00220,58.0,Male,Kurunegala,54,6988.37,2242266.76,Month-to-Month,Bank Transfer,13,25.18,No
C00221,69.0,Male,Batticaloa,48,22128.82,1523443.95,One Year,Credit Card,15,32.47,Yes
C00222,66.0,Male,Kurunegala,6,22264.82,718366.19,One Year,Cash,14,259.5,No
C00223,66.0,Male,Galle,34,25412.37,1670931.99,Month-to-Month,Bank Transfer,14,151.48,Yes
C00224,69.0,Male,Kurunegala,63,44748.7,1065949.39,One Year,Online Payment,5,82.64,No
C00225,29.0,Male,Batticaloa,48,40449.68,2512443.68,Two Year,Credit Card,5,221.71,No
C00226,56.0,Female,Negombo,23,32199.32,1586802.9,Two Year,Credit Card,10,268.43,Yes
C00227,19.0,Female,Jaffna,13,44384.96,94283.11,Month-to-Month,Online Payment,9,207.19,No
C00228,20.0,Female,Batticaloa,47,34244.96,2955360.38,Month-to-Month,Online Payment,6,237.79,No
C00229,66.0,Male,Galle,44,41123.89,227524.12,Two Year,Credit Card,4,85.47,Yes
C00230,54.0,Male,Jaffna,32,28625.14,2089394.78,Month-to-Month,Online Payment,9,87.34,No
C00231,66.0,Female,Jaffna,26,26735.69,1314581.24,Two Year,Bank Transfer,12,259.37,No
C00232,34.0,Male,Galle,53,36480.76,751706.83,Month-to-Month,Credit Card,13,184.84,Yes
C00233,66.0,Female,Colombo,14,1964.78,2030992.41,Two Year,Bank Transfer,2,71.01,No
C00234,19.0,Male,Kurunegala,52,34828.5,382062.57,One Year,Credit Card,10,157.72,No
C00235,19.0,Male,Batticaloa,36,46791.39,2575448.86,One Year,Bank Transfer,10,206.07,No
C00236,45.0,Female,Galle,8,35983.16,755582.9,Two Year,Cash,2,66.35,Yes
C00237,40.0,Female,Negombo,40,2802.89,1087553.71,One Year,Bank Transfer,6,196.82,No
C00238,54.0,Female,Kandy,22,19516.4,1899767.69,Two Year,Online Payment,10,13.6,No
C00239,49.0,Female,Galle,16,40669.48,8082.8,Month-to-Month,Cash,13,91.8,No
C00240,50.0,Female,Kurunegala,60,47971.82,1420882.1,One Year,Credit Card,9,202.52,Yes
C00241,18.0,Male,Kurunegala,60,19138.0,2683275.52,One Year,Bank Transfer,0,45.66,No
C00242,36.0,Male,Jaffna,10,42218.51,2042844.85,One Year,Credit Card,3,67.44,Yes
C00243,19.0,Male,Jaffna,25,43326.68,1166761.59,Two Year,Cash,9,263.85,No
C00244,70.0,Female,Galle,31,7041.03,1982971.16,One Year,Online Payment,13,202.62,Yes
C00245,61.0,Female,Kandy,21,42443.63,2810025.43,Month-to-Month,Online Payment,7,150.18,Yes
C00246,43.0,Female,Galle,33,16888.24,567476.92,One Year,Online Payment,3,64.06,No
C00247,49.0,Female,Kandy,31,30068.65,1597764.99,Month-to-Month,Credit Card,0,103.08,Yes
C00248,23.0,Female,Kandy,21,27409.14,708039.06,One Year,Online Payment,4,172.72,No
C00249,49.0,Female,Kurunegala,36,33489.64,2563402.79,One Year,Online Payment,14,47.44,No
C00250,21.0,Male,colombo,65,37282.77,2164545.5,Month-to-Month,Credit Card,0,145.04,No
C00251,28.0,Male,Kurunegala,4,22603.17,2404222.38,One Year,Credit Card,8,123.28,Yes
C00252,34.0,Male,Negombo,68,44527.23,2829320.5,Month-to-Month,Cash,7,143.53,No
C00253,55.0,Male,Kurunegala,4,40665.42,700764.79,Month-to-Month,Online Payment,13,32.56,No
C00254,41.0,Male,Batticaloa,9,39485.63,150913.92,Month-to-Month,Cash,6,32.84,No
C00255,22.0,Female,Jaffna,30,23454.1,876256.64,One Year,Bank Transfer,4,289.27,No
C00256,69.0,Female,Jaffna,45,2841.07,1200422.23,One Year,Bank Transfer,3,293.83,No
C00257,51.0,Female,Kandy,4,25120.56,1877353.62,Month-to-Month,Bank Transfer,6,128.42,No
C00258,23.0,Female,Jaffna,69,45023.83,2394125.16,One Year,Bank Transfer,2,236.91,No
C00259,39.0,Female,Colombo,23,10332.06,1052660.85,Two Year,Credit Card,7,197.08,No
C00260,28.0,Female,Kandy,16,49147.03,1423123.48,Month-to-Month,Cash,4,35.96,No
C00261,65.0,Male,Jaffna,22,40576.84,2357474.46,Month-to-Month,Cash,4,89.71,No
C00262,33.0,Female,Colombo,72,35781.66,679859.54,Two Year,Credit Card,0,94.78,Yes
C00263,50.0,Female,Negombo,48,34180.84,655310.12,Two Year,Bank Transfer,12,179.14,Yes
C00264,26.0,Female,Jaffna,62,29764.27,1769752.8,Month-to-Month,Cash,14,174.41,Yes
C00265,23.0,Female,Colombo,60,36312.85,1310990.21,Two Year,Online Payment,9,277.13,Yes
C00266,33.0,Male,Galle,5,21673.37,2846945.93,Month-to-Month,Credit Card,14,237.22,Yes
C00267,46.0,Male,Batticaloa,7,42419.12,1074306.48,One Year,Credit Card,10,257.2,No
C00268,20.0,Female,Galle,51,35120.95,2279869.03,Two Year,Online Payment,7,267.48,No
C00269,37.0,Male,Colombo,65,38791.4,1751362.77,Month-to-Month,Bank Transfer,6,240.58,No
C00270,53.0,Male,Kandy,9,39831.88,168455.4,Month-to-Month,Bank Transfer,0,100.53,No
C00271,36.0,Female, Colombo ,45,5511.43,257734.72,Month-to-Month,Cash,11,65.29,No
C00272,43.0,Female,Kurunegala,47,3726.4,613453.68,Two Year,Online Payment,11,171.96,No
C00273,20.0,Female,Kurunegala,67,40248.31,433742.11,One Year,Cash,3,207.18,No
C00274,36.0,Female,Kandy,24,13709.82,991467.61,One Year,Bank Transfer,3,116.58,No
C00275,37.0,Female,Jaffna,10,29516.52,1739071.8,Two Year,Cash,11,254.65,Yes
C00276,49.0,Male,Kurunegala,48,22741.83,1809075.82,Month-to-Month,Online Payment,8,288.21,No
C00277,24.0,Female,Galle,35,2079.92,1765364.52,Month-to-Month,Online Payment,9,171.25,No
C00278,69.0,Female,Kandy,54,2973.78,357237.86,Month-to-Month,Online Payment,1,137.52,No
C00279,58.0,Female,Kandy,71,41529.14,1802675.11,Two Year,Bank Transfer,3,253.02,Yes
C00280,50.0,Male,Kurunegala,16,30776.2,1232191.93,Two Year,Credit Card,9,8.26,No
C00281,57.0,Female,Galle,53,26668.31,2709642.73,Month-to-Month,Credit Card,2,39.57,Yes
C00282,56.0,Female,Negombo,40,47273.25,2736392.67,Month-to-Month,Credit Card,9,253.85,No
C00283,35.0,Female,Kandy,20,9482.64,2305680.61,Month-to-Month,Cash,14,219.88,No
C00284,57.0,Male,Kurunegala,69,13640.57,2110805.92,Two Year,Online Payment,4,125.42,No
C00285,18.0,Female,Batticaloa,45,38080.21,349283.39,Two Year,Bank Transfer,11,266.77,Yes
C00286,28.0,Female,Colombo,6,38986.53,258659.16,One Year,Credit Card,6,106.09,No
C00287,45.0,Female,Jaffna,69,20839.96,2523296.9,Month-to-Month,Credit Card,4,190.52,No
C00288,42.0,Male,Kandy,49,47597.94,1283912.37,Month-to-Month,Cash,4,190.67,No
C00289,67.0,Female,Batticaloa,39,46974.47,1356830.01,One Year,Cash,3,56.12,No
C00290,40.0,Female,Batticaloa,2,1608.08,2544140.3,Month-to-Month,Credit Card,13,86.17,No
C00291,48.0,Female,Kandy,39,9444.07,1866185.72,One Year,Online Payment,8,274.89,No
C00292,47.0,Male,Negombo,21,41190.75,542324.69,Two Year,Online Payment,5,55.84,No
C00293,59.0,Female,Colombo,40,17425.62,636984.62,One Year,Cash,9,52.9,Yes
C00294,52.0,Female,Jaffna,54,5677.67,24099.62,One Year,Cash,5,144.41,No
C00295,24.0,Female,Kandy,12,39464.96,2133456.93,Two Year,Online Payment,10,28.57,No
C00296,33.0,Male,Jaffna,37,23274.59,1459406.92,Month-to-Month,Cash,5,268.49,No
C00297,43.0,Male,Galle,38,25128.13,2850141.92,One Year,Cash,5,30.94,No
C00298,65.0,Female,Batticaloa,15,10132.1,2143468.34,One Year,Online Payment,0,185.35,No
C00299,69.0,Male,Batticaloa,7,33383.86,313942.22,Month-to-Month,Online Payment,15,102.59,No
C00300,66.0,Male,Kandy,50,28010.82,488816.67,One Year,Bank Transfer,10,241.48,No
C00301,19.0,Male,Kandy,65,11126.97,1507665.32,Two Year,Cash,5,177.35,No
C00302,18.0,Female,Galle,67,17676.24,2774998.14,One Year,Cash,3,117.1,No
C00303,65.0,Female,Negombo,44,30247.09,745517.01,Month-to-Month,Bank Transfer,1,295.18,No
C00304,29.0,Male,Kandy,31,46318.74,2477612.7,Month-to-Month,Cash,5,20.8,Yes
C00305,22.0,Male,Batticaloa,43,46098.44,940255.9,One Year,Cash,0,173.76,Yes
C00306,54.0,Male,Jaffna,48,15107.39,813342.08,Month-to-Month,Credit Card,11,296.88,No
C00307,49.0,Female,Colombo,61,37045.43,2704671.28,Month-to-Month,Credit Card,0,207.59,No
C00308,26.0,Female,Kurunegala,10,39000.43,146488.57,One Year,Credit Card,4,222.19,No
C00309,58.0,Male,Jaffna,29,40632.33,1983919.41,One Year,Bank Transfer,5,10.6,No
C00310,52.0,Male,Negombo,48,28967.35,134286.71,Month-to-Month,Cash,1,7.39,No
C00311,36.0,Male,Colombo,62,1514.89,2403287.54,One Year,Bank Transfer,9,11.8,No
C00312,65.0,Male,Jaffna,13,38322.14,2489066.04,Two Year,Bank Transfer,7,297.53,Yes
C00313,33.0,Female,Jaffna,44,6223.28,2680602.94,One Year,Cash,3,293.88,No
C00314,20.0,Male,,47,6726.7,562339.73,Month-to-Month,Online Payment,11,101.02,Yes
C00315,37.0,Female,Kurunegala,64,30675.62,377871.98,Two Year,Online Payment,3,88.0,No
C00316,41.0,Male,Negombo,53,49192.51,1513087.46,Month-to-Month,Cash,9,44.64,No
C00317,50.0,Male,Batticaloa,44,12884.43,818539.7,Month-to-Month,Online Payment,13,99.41,No
C00318,41.0,Male,Galle,28,32644.73,1820860.93,Two Year,Credit Card,4,111.67,Yes
C00319,69.0,Male,Colombo,2,15879.03,1543673.14,One Year,Cash,9,224.74,No
C00320,28.0,Male,Kurunegala,57,45037.58,438832.07,Month-to-Month,Bank Transfer,3,260.02,No
C00321,66.0,Female,Batticaloa,57,30082.33,2219115.13,One Year,Credit Card,10,224.27,No
C00322,25.0,Male,Galle,34,11166.39,2412334.21,One Year,Bank Transfer,13,194.3,No
C00323,53.0,Male,Kurunegala,58,13844.42,2889313.85,Two Year,Online Payment,15,230.0,Yes
C00324,55.0,Male,Negombo,52,22191.56,1189638.93,Month-to-Month,Cash,4,221.81,No
C00325,57.0,Female,Kandy,29,6980.13,1016516.13,Two Year,Credit Card,9,143.25,No
C00326,37.0,Female,Kandy,35,4857.94,580826.65,Two Year,Cash,2,101.42,No
C00327,52.0,Female,Colombo,48,34323.01,546690.84,Month-to-Month,Credit Card,7,85.55,No
C00328,65.0,Female,Kandy,33,,966554.59,Month-to-Month,Credit Card,5,204.13,No
C00329,42.0,Male,Galle,9,36585.06,2945541.02,Two Year,Credit Card,7,287.83,No
C00330,52.0,Male,Colombo,48,6392.85,281314.73,Two Year,Cash,14,174.74,No
C00331,42.0,Male,Batticaloa,67,30883.41,781801.78,Two Year,Credit Card,14,273.85,No
C00332,46.0,Female,Negombo,36,22722.03,262505.3,Month-to-Month,Credit Card,4,5.25,No
C00333,35.0,Male,Colombo,71,3841.93,824526.02,Month-to-Month,Cash,6,238.55,No
C00334,63.0,Male,Batticaloa,44,27695.3,281742.29,Two Year,Bank Transfer,9,256.23,No
C00335,35.0,Female,Colombo,60,5057.41,1527385.06,Month-to-Month,Online Payment,6,189.67,No
C00336,19.0,Female,Jaffna,63,41558.27,1317875.18,Month-to-Month,Cash,5,280.28,No
C00337,52.0,Female,Jaffna,5,31965.92,526280.74,Month-to-Month,Cash,13,177.38,No
C00338,33.0,Male,Colombo,40,28291.41,528549.64,One Year,Credit Card,11,72.92,No
C00339,58.0,Male,Kurunegala,19,7539.98,1880196.68,One Year,Cash,9,65.5,Yes
C00340,53.0,Female,Kandy,47,15085.4,1164428.41,Two Year,Cash,13,167.2,No
C00341,50.0,Male,Jaffna,65,25150.92,173303.84,One Year,Online Payment,12,272.04,No
C00342,21.0,Female,Kurunegala,67,32030.89,2760976.84,Two Year,Cash,3,22.64,No
C00343,50.0,Female,Kurunegala,18,9978.31,1217832.7,Two Year,Credit Card,5,181.71,No
C00344,31.0,Male,Negombo,50,1434.45,1775187.43,Month-to-Month,Online Payment,8,231.17,No
C00345,38.0,Female,Batticaloa,30,17893.25,2656808.79,Two Year,Cash,15,35.51,No
C00346,65.0,Female,Galle,66,24660.7,1209466.2,Two Year,Credit Card,10,35.91,No
C00347,37.0,Female,Jaffna,5,10037.24,2462876.82,Two Year,Online Payment,13,110.47,No
C00348,25.0,Male,Colombo,42,25116.11,2744682.91,Two Year,Cash,14,82.89,Yes
C00349,24.0,Female,Kandy,5,17585.81,526331.81,Month-to-Month,Credit Card,11,60.3,No
C00350,20.0,Female,Galle,50,23299.39,2678014.92,Month-to-Month,Online Payment,3,60.41,No
C00351,34.0,Female,Batticaloa,58,18025.43,363898.18,Two Year,Credit Card,12,40.07,No
C00352,50.0,Female,Kurunegala,8,31794.92,829006.59,One Year,Online Payment,5,183.65,No
C00353,65.0,Female,Batticaloa,31,3101.95,2425593.29,One Year,Cash,5,206.75,Yes
C00354,29.0,Female,Jaffna,12,9374.36,2702550.22,Two Year,Bank Transfer,12,211.18,No
C00355,68.0,Female,Batticaloa,21,22204.79,2053995.67,Month-to-Month,Online Payment,2,160.17,Yes
C00356,39.0,Male,Batticaloa,62,18458.54,318953.42,Two Year,Cash,15,285.92,No
C00357,39.0,Male,Kandy,33,20189.97,1571361.87,Two Year,Online Payment,12,264.28,No
C00358,63.0,Female,Kurunegala,26,40384.27,1720039.16,Month-to-Month,Bank Transfer,3,287.33,Yes
C00359,47.0,Male,Kandy,40,44430.25,849169.89,One Year,Credit Card,2,117.25,No
C00360,55.0,Male,Kandy,65,13184.77,2973930.94,Two Year,Bank Transfer,14,263.46,No
C00361,55.0,Female,Colombo,59,41983.16,1010205.73,Month-to-Month,Bank Transfer,2,229.1,No
C00362,62.0,Male,Batticaloa,15,23480.7,634713.03,Month-to-Month,Credit Card,9,102.65,No
C00363,68.0,Female,Batticaloa,1,14417.21,334857.41,Two Year,Bank Transfer,11,32.87,No
C00364,25.0,Female,Batticaloa,11,49287.35,1138611.28,Month-to-Month,Cash,3,205.1,No
C00365,44.0,Female,Negombo,55,41415.29,2079392.98,Two Year,Online Payment,12,41.8,No
C00366,44.0,Female,Kandy,2,49718.41,698094.19,One Year,Bank Transfer,3,88.84,No
C00367,51.0,Female,Galle,65,9241.35,2309784.93,Two Year,Online Payment,5,150.61,No
C00368,38.0,Male,Jaffna,44,8048.29,410526.8,One Year,Online Payment,12,204.28,Yes
C00369,47.0,Female,Kurunegala,16,25665.52,1324201.45,Month-to-Month,Credit Card,14,277.94,No
C00370,50.0,Male,Galle,22,32293.54,2108609.35,Two Year,Bank Transfer,3,178.38,No
C00371,45.0,Female,Kurunegala,18,9381.94,410251.66,Month-to-Month,Credit Card,5,201.75,No
C00372,64.0,Female,Colombo,47,43161.1,1795537.42,Two Year,Credit Card,1,93.69,Yes
C00373,50.0,Female,Colombo,30,27068.66,2397862.77,Month-to-Month,Online Payment,3,206.5,Yes
C00374,22.0,Male,Kurunegala,10,21136.15,1788668.94,One Year,Cash,1,131.9,No
C00375,65.0,Female,Batticaloa,58,30500.63,1536834.45,Two Year,Online Payment,14,257.22,Yes
C00376,36.0,Female,Galle,62,32112.73,2515707.16,Month-to-Month,Credit Card,11,118.34,No
C00377,21.0,Female,Batticaloa,6,3096.38,2956333.95,Two Year,Bank Transfer,7,141.01,No
C00378,52.0,Female,Negombo,67,49994.74,548032.29,Two Year,Cash,11,130.34,No
C00379,66.0,Male,Colombo,41,18832.06,2075582.29,One Year,Cash,8,243.53,Yes
C00380,34.0,Female,Colombo,43,4015.59,246569.38,Month-to-Month,Bank Transfer,6,286.16,No
C00381,,Male,Galle,18,42763.84,133308.87,Two Year,Bank Transfer,5,98.86,No
C00382,45.0,Female,Colombo,58,49657.92,846052.82,Two Year,Cash,7,143.03,Yes
C00383,47.0,Male,Negombo,60,41001.57,2912904.77,Two Year,Credit Card,3,212.07,No
C00384,46.0,Male,Negombo,27,42742.24,1658825.98,Two Year,Cash,9,268.72,No
C00385,63.0,Female,Negombo,68,31670.82,808472.68,Two Year,Cash,10,148.62,No
C00386,70.0,Female,Jaffna,22,46193.95,402095.36,Month-to-Month,Cash,1,33.56,Yes
C00387,23.0,Male,Negombo,24,2751.19,2760949.29,Two Year,Credit Card,13,111.23,Yes
C00388,52.0,Female,Negombo,40,,1090287.91,Two Year,Bank Transfer,3,165.56,No
C00389,,Female,Jaffna,66,33864.8,923558.32,Two Year,Bank Transfer,4,125.84,No
C00390,54.0,Female,Batticaloa,40,3429.66,2574600.48,Month-to-Month,Bank Transfer,8,56.78,No
C00391,41.0,Male,Kandy,6,27654.71,1815186.48,Two Year,Credit Card,4,12.06,Yes
C00392,46.0,Female,Colombo,18,26237.96,510065.15,Two Year,Credit Card,8,206.54,No
C00393,66.0,Female,Negombo,30,34885.18,1267424.04,One Year,Bank Transfer,8,297.83,No
C00394,63.0,Female,Colombo,21,4799.04,2785052.05,One Year,Online Payment,7,275.84,No
C00395,70.0,Male,Galle,62,40458.66,2704104.71,Two Year,Online Payment,4,205.3,No
C00396,48.0,Female,Colombo,10,7830.77,214978.83,Two Year,Bank Transfer,13,252.62,No
C00397,52.0,Male,Kurunegala,13,21514.57,809496.51,One Year,Online Payment,11,77.46,Yes
C00398,50.0,Female,Batticaloa,9,44183.11,467845.5,Month-to-Month,Online Payment,1,187.11,No
C00399,69.0,Male,Jaffna,68,28466.05,1603766.08,Month-to-Month,Bank Transfer,4,19.12,Yes
C00400,38.0,Female,,39,19599.95,2251200.03,One Year,Bank Transfer,10,212.45,No
C00401,49.0,Female,Colombo,24,3361.91,890151.92,Two Year,Credit Card,0,290.99,No
C00402,40.0,Male,Colombo,34,33941.4,2275198.25,One Year,Online Payment,7,258.38,No
C00403,50.0,Male,Kandy,61,49340.79,2007803.14,Month-to-Month,Online Payment,1,160.8,No
C00404,20.0,Male,Kandy,41,45678.02,2186025.52,One Year,Bank Transfer,6,236.83,Yes
C00405,35.0,Female,Galle,5,36147.51,2844989.92,Month-to-Month,Cash,14,283.23,Yes
C00406,42.0,Female,Jaffna,50,6159.35,1276712.52,Two Year,Bank Transfer,10,65.59,No
C00407,59.0,Female,Colombo,4,12732.56,1030991.23,Two Year,Credit Card,1,238.18,No
C00408,48.0,Female,Colombo,51,10155.6,2053122.39,Two Year,Cash,11,81.68,No
C00409,20.0,Male,Colombo,52,18417.62,2423633.64,Month-to-Month,Cash,10,263.21,No
C00410,57.0,Female,,39,12540.34,578378.65,One Year,Cash,13,30.41,No
C00411,63.0,Female,Kandy,8,12977.53,2541164.8,Two Year,Credit Card,13,54.29,No
C00412,41.0,Female,Batticaloa,45,31219.77,178268.21,Month-to-Month,Online Payment,4,216.46,Yes
C00413,67.0,Female,Batticaloa,28,16616.43,24149.29,Two Year,Bank Transfer,9,53.26,Yes
C00414,49.0,Female,Galle,27,34180.98,479489.31,One Year,Credit Card,15,48.26,No
C00415,64.0,Female,Kurunegala,65,47446.59,2936108.22,Two Year,Credit Card,15,167.08,No
C00416,39.0,Female,Negombo,34,32285.42,1573078.31,Month-to-Month,Cash,6,250.66,No
C00417,40.0,Male,Jaffna,62,37831.18,144469.4,Month-to-Month,Cash,5,81.27,No
C00418,19.0,Female,Batticaloa,62,37827.44,2991541.17,Two Year,Credit Card,13,252.5,No
C00419,44.0,Female,Kurunegala,38,17204.44,2236009.21,Two Year,Online Payment,12,242.58,No
C00420,59.0,Female,Colombo,26,1732.94,2514825.2,Month-to-Month,Cash,4,174.15,No
C00421,19.0,Female,Batticaloa,24,3697.35,642756.88,Two Year,Credit Card,5,194.32,No
C00422,43.0,Male,Galle,39,14820.95,320821.06,Two Year,Cash,1,13.09,No
C00423,34.0,Male,Negombo,21,34787.62,1547679.4,Two Year,Bank Transfer,9,110.77,No
C00424,57.0,Male,Batticaloa,47,45427.47,2317666.17,One Year,Bank Transfer,0,79.76,No
C00425,50.0,Male,Galle,48,47981.11,1915153.05,One Year,Bank Transfer,0,45.85,No
C00426,26.0,Male,Kandy,13,2266.58,1895022.7,One Year,Cash,7,117.51,No
C00427,60.0,Male,Negombo,3,49514.28,2272502.77,Two Year,Cash,2,107.12,No
C00428,65.0,Female,Galle,32,16802.36,684927.37,Month-to-Month,Online Payment,14,218.94,No
C00429,56.0,Male,Kurunegala,35,42304.86,1986250.25,Two Year,Bank Transfer,10,179.83,Yes
C00430,46.0,Male,Batticaloa,19,9834.48,1179371.45,Two Year,Online Payment,2,274.02,Yes
C00431,59.0,Female,Kandy,14,4082.01,213911.69,One Year,Credit Card,8,44.48,Yes
C00432,43.0,Male,Kurunegala,48,19539.42,610417.11,Month-to-Month,Credit Card,12,18.86,No
C00433,52.0,Female,Galle,68,43087.34,2383041.2,One Year,Bank Transfer,5,160.85,Yes
C00434,67.0,Female,Galle,45,11820.42,2688312.44,Month-to-Month,Online Payment,3,1.31,No
C00435,42.0,Male,Kurunegala,19,8543.91,852051.33,Two Year,Cash,3,236.53,No
C00436,41.0,Female,Batticaloa,64,45580.41,575131.01,Two Year,Online Payment,6,152.29,No
C00437,30.0,Male,Negombo,66,46978.52,85039.89,Two Year,Credit Card,5,146.93,Yes
C00438,24.0,Male,Kandy,66,1614.86,2843353.68,Month-to-Month,Online Payment,1,109.39,No
C00439,53.0,Female,Colombo,45,36644.35,2053145.5,One Year,Credit Card,8,113.12,No
C00440,62.0,Female,Jaffna,67,16151.18,2871305.16,One Year,Credit Card,1,129.91,No
C00441,37.0,Male,Negombo,69,19360.51,2592228.3,One Year,Online Payment,7,5.79,No
C00442,,Female,Kandy,3,23986.05,1024697.45,Month-to-Month,Cash,3,25.98,No
C00443,25.0,Female,Kurunegala,38,21912.76,342485.72,Month-to-Month,Credit Card,9,152.01,Yes
C00444,63.0,Male,Galle,42,26233.72,1499675.1,Two Year,Online Payment,0,45.89,No
C00445,33.0,Male,Kurunegala,40,29535.72,85307.32,One Year,Credit Card,15,233.85,Yes
C00446,31.0,Female,Kandy,50,23814.18,454000.3,Month-to-Month,Bank Transfer,0,83.07,No
C00447,29.0,Male,Kurunegala,35,35376.61,704130.72,One Year,Cash,8,30.27,No
C00448,68.0,Male,Kurunegala,24,36211.48,1998611.56,One Year,Bank Transfer,3,71.33,No
C00449,40.0,Male,Jaffna,17,22577.6,1532083.03,Month-to-Month,Credit Card,0,107.77,Yes
C00450,32.0,Male,Batticaloa,40,7980.69,910746.57,Month-to-Month,Cash,2,11.56,No
C00451,45.0,Male,Jaffna,66,32391.31,1696481.36,Two Year,Online Payment,2,43.36,No
C00452,51.0,Male,Colombo,44,38874.88,379981.93,Two Year,Online Payment,6,97.83,Yes
C00453,19.0,Male,Colombo,23,32267.37,2268345.84,Two Year,Cash,5,93.83,No
C00454,49.0,Female,Jaffna,6,29814.68,2137545.24,One Year,Bank Transfer,7,240.32,No
C00455,40.0,Male,Negombo,66,12241.19,653425.51,One Year,Bank Transfer,6,253.13,No
C00456,39.0,Female,Negombo,21,32611.72,1821142.71,Two Year,Cash,0,58.83,No
C00457,68.0,Female,Kurunegala,35,17407.95,1512391.3,One Year,Online Payment,2,38.06,Yes
C00458,42.0,Female,Kurunegala,29,46058.38,187144.85,One Year,Cash,8,190.61,No
C00459,39.0,Male,Galle,7,33032.28,838070.98,One Year,Bank Transfer,3,241.58,No
C00460,39.0,Male,Colombo,53,14630.8,2998450.7,One Year,Credit Card,10,289.15,Yes
C00461,66.0,Female,Galle,37,24173.42,303109.31,Month-to-Month,Online Payment,11,3.03,No
C00462,69.0,Male,Colombo,23,42482.48,1521701.86,Month-to-Month,Cash,10,124.69,No
C00463,59.0,Female,Jaffna,8,17437.73,2548754.6,Two Year,Credit Card,12,220.46,No
C00464,23.0,Male,Negombo,48,26746.59,905452.36,Two Year,Bank Transfer,12,248.74,No
C00465,32.0,Male,Kurunegala,10,34303.83,785822.37,One Year,Online Payment,13,19.62,No
C00466,60.0,Female,Negombo,24,37971.94,2672925.19,One Year,Cash,13,204.5,Yes
C00467,,Female,Jaffna,47,9520.72,917965.69,Month-to-Month,Bank Transfer,13,87.39,Yes
C00468,50.0,Female,Galle,53,28692.46,1956222.47,One Year,Cash,14,23.3,No
C00469,25.0,Male,Galle,39,45697.8,2222237.39,One Year,Cash,11,147.24,No
C00470,70.0,Female,Kandy,67,48449.63,2366910.16,Two Year,Online Payment,2,48.29,No
C00471,61.0,Male,Kurunegala,66,33151.11,2984305.11,One Year,Bank Transfer,4,221.37,No
C00472,61.0,Male,Kurunegala,6,49199.38,2410560.25,Month-to-Month,Bank Transfer,7,222.64,No
C00473,22.0,Male,Kurunegala,21,28966.03,1972751.41,One Year,Credit Card,0,252.78,No
C00474,56.0,Female,Colombo,36,22687.65,2686913.36,One Year,Bank Transfer,1,113.89,Yes
C00475,21.0,Female,Galle,3,28027.79,2717705.18,One Year,Bank Transfer,12,4.98,No
C00476,23.0,Female,Jaffna,42,6669.91,2919633.54,One Year,Online Payment,6,78.66,No
C00477,62.0,Male,Galle,45,20684.08,2330513.47,One Year,Credit Card,12,140.88,No
C00478,49.0,Male,Negombo,44,23461.85,588807.36,Month-to-Month,Online Payment,0,208.51,No
C00479,69.0,Female,Colombo,33,42582.76,2130869.24,Two Year,Bank Transfer,12,115.23,No
C00480,47.0,Male,Kurunegala,60,38173.78,230009.68,One Year,Credit Card,15,161.28,No
C00481,64.0,Male,Batticaloa,70,30469.9,957298.97,Two Year,Online Payment,12,157.75,Yes
C00482,52.0,Female,Kandy,26,18016.58,351843.49,Two Year,Credit Card,12,50.33,No
C00483,57.0,Female,Colombo,21,10164.69,2850078.11,Month-to-Month,Bank Transfer,13,187.29,No
C00484,69.0,Female,Negombo,2,18040.49,1019568.57,Two Year,Credit Card,13,132.34,No
C00485,33.0,Male,Kurunegala,47,34310.4,2141080.86,One Year,Credit Card,10,242.57,No
C00486,30.0,Male,Negombo,30,13888.85,1716098.72,One Year,Credit Card,13,207.49,Yes
C00487,67.0,Male,Negombo,27,21917.45,326996.68,One Year,Bank Transfer,4,34.33,No
C00488,59.0,Male,Kurunegala,71,19951.74,1686226.62,One Year,Bank Transfer,9,147.14,Yes
C00489,47.0,Male,Negombo,20,38513.91,1984765.51,Month-to-Month,Credit Card,7,211.05,No
C00490,36.0,Female,Jaffna,50,44305.57,2645144.19,Two Year,Online Payment,14,27.02,Yes
C00491,34.0,Male,Kandy,23,35269.18,214906.5,Month-to-Month,Online Payment,5,237.96,No
C00492,36.0,Male,Batticaloa,13,17738.51,890423.79,Two Year,Bank Transfer,2,67.38,Yes
C00493,45.0,Male,Negombo,4,22225.68,2078561.13,Month-to-Month,Cash,6,151.42,Yes
C00494,43.0,Female,Negombo,14,8024.16,107823.25,Month-to-Month,Online Payment,2,282.23,No
C00495,54.0,Female,Galle,20,9236.77,614642.6,Month-to-Month,Credit Card,11,171.83,No
C00496,43.0,Female,Kandy,13,9050.34,659917.84,One Year,Cash,4,127.79,No
C00497,70.0,Male,Colombo,3,7398.73,2009632.61,One Year,Bank Transfer,15,3.03,Yes
C00498,40.0,Female,Kandy,47,9799.48,861452.24,Month-to-Month,Online Payment,6,40.89,No
C00499,26.0,Female,Kandy,3,10931.72,1800789.01,Two Year,Cash,1,174.02,No
C00500,29.0,Female,Kurunegala,1,6480.45,2896218.6,Two Year,Bank Transfer,9,148.65,No
C00501,70.0,Male,Kurunegala,24,32372.78,2380762.73,One Year,Bank Transfer,3,109.78,No
C00502,18.0,Female,Kurunegala,35,49529.68,1002043.9,Month-to-Month,Credit Card,1,277.04,Yes
C00503,18.0,Male,Batticaloa,14,44080.15,1419837.91,One Year,Online Payment,6,100.41,Yes
C00504,64.0,Male,Kandy,67,3234.53,606018.34,One Year,Cash,2,161.61,No
C00505,51.0,Female,Batticaloa,13,21729.88,52081.43,One Year,Credit Card,8,171.05,No
C00506,49.0,Male,Negombo,47,43106.22,872697.62,Month-to-Month,Online Payment,10,158.71,No
C00507,65.0,Female,Kurunegala,50,7599.07,1111378.79,Month-to-Month,Cash,5,143.8,No
C00508,42.0,Male,Negombo,26,42534.61,1695279.68,One Year,Bank Transfer,0,101.78,No
C00509,57.0,Female,Kurunegala,3,30042.33,2832479.61,Month-to-Month,Bank Transfer,9,272.72,No
C00510,62.0,Female,Jaffna,51,46633.63,2843816.96,Two Year,Online Payment,7,135.79,No
C00511,70.0,Female,Batticaloa,40,43925.92,214944.41,Two Year,Credit Card,12,159.01,No
C00512,18.0,Male,Batticaloa,68,34174.68,1845863.81,One Year,Cash,6,197.29,Yes
C00513,33.0,Female,Colombo,36,33233.31,131846.19,Two Year,Cash,0,21.23,No
C00514,56.0,Male,Galle,51,11445.05,1946002.82,One Year,Bank Transfer,2,234.61,No
C00515,22.0,Female,Kandy,1,6720.9,357520.67,One Year,Online Payment,2,154.24,No
C00516,39.0,Male,Colombo,33,21354.28,2839476.46,One Year,Credit Card,13,197.5,Yes
C00517,46.0,Male,Batticaloa,7,10142.42,2593694.35,Month-to-Month,Bank Transfer,2,231.83,Yes
C00518,20.0,Female,Colombo,52,6018.42,71874.85,Month-to-Month,Bank Transfer,14,262.36,No
C00519,29.0,Female, Colombo ,11,15814.01,2347484.51,Month-to-Month,Credit Card,6,118.27,No
C00520,43.0,Female,Galle,27,43164.01,1909511.87,Month-to-Month,Cash,5,243.62,No
C00521,33.0,Female,Batticaloa,14,1840.26,1488630.73,One Year,Cash,10,78.39,No
C00522,68.0,Female,Batticaloa,46,15339.25,1809890.29,Month-to-Month,Online Payment,11,198.44,No
C00523,54.0,Male,Kandy,10,21778.56,2036358.93,Two Year,Bank Transfer,1,31.71,No
C00524,39.0,Female,Kurunegala,24,26017.92,2653950.14,Two Year,Online Payment,15,6.99,No
C00525,46.0,Female,Galle,61,9897.3,2303236.19,Month-to-Month,Cash,4,29.63,No
C00526,31.0,Male,Jaffna,18,48246.79,1728256.57,Two Year,Credit Card,5,96.5,Yes
C00527,45.0,Female,Negombo,9,29364.78,2474723.9,Two Year,Cash,11,10.3,No
C00528,22.0,Female,Colombo,17,26583.42,2960834.25,Month-to-Month,Cash,1,189.52,No
C00529,64.0,Male,Kandy,58,1432.31,904045.15,One Year,Bank Transfer,14,95.65,No
C00530,66.0,Female,Batticaloa,13,24800.05,359669.98,One Year,Cash,13,221.18,Yes
C00531,47.0,Female,Negombo,50,42045.86,2195687.54,One Year,Online Payment,0,14.73,Yes
C00532,63.0,Female,Jaffna,6,11762.58,2935896.02,Month-to-Month,Credit Card,3,65.79,No
C00533,69.0,Male,Galle,51,18209.17,354534.23,One Year,Bank Transfer,13,122.99,Yes
C00534,22.0,Female,Colombo,36,2008.0,1297963.24,One Year,Credit Card,14,115.41,No
C00535,29.0,Male,Kandy,71,48869.45,191491.59,Two Year,Online Payment,11,40.17,No
C00536,33.0,Female,Batticaloa,25,4265.94,2330713.17,One Year,Online Payment,3,298.25,No
C00537,43.0,Male,Batticaloa,11,45012.84,2846382.6,Month-to-Month,Cash,3,86.05,No
C00538,43.0,Female,Negombo,44,16336.4,1499487.49,One Year,Online Payment,0,216.59,No
C00539,65.0,Male,Negombo,14,29790.26,1231515.84,Two Year,Cash,2,66.79,No
C00540,38.0,Male,Colombo,29,34286.46,2723618.47,Two Year,Bank Transfer,6,263.48,Yes
C00541,56.0,Male,Galle,50,7900.63,404498.23,Two Year,Credit Card,3,116.94,Yes
C00542,53.0,Male,Jaffna,5,22744.21,2675295.01,Two Year,Cash,1,270.37,No
C00543,50.0,Male,Kurunegala,72,16947.84,1179417.38,One Year,Cash,7,103.21,No
C00544,47.0,Male,Galle,69,3773.52,1680422.21,Two Year,Bank Transfer,10,3.58,Yes
C00545,54.0,Female,Galle,57,41826.49,1587234.85,Two Year,Online Payment,0,155.59,No
C00546,40.0,Female,Galle,26,3213.22,1849857.63,Two Year,Cash,12,157.91,No
C00547,27.0,Male,Kurunegala,6,33009.64,2826659.32,One Year,Online Payment,15,36.83,No
C00548,22.0,Male,Colombo,16,16389.79,2853625.46,Month-to-Month,Cash,8,71.25,No
C00549,53.0,Male,Kurunegala,60,10414.34,2494289.06,Two Year,Online Payment,4,235.27,No
C00550,51.0,Male,Colombo,12,,578674.51,Two Year,Cash,1,11.99,No
C00551,69.0,Female,Kurunegala,3,29152.35,1003881.39,Two Year,Credit Card,12,147.37,No
C00552,48.0,Male,Jaffna,63,16447.56,1466035.43,One Year,Credit Card,13,159.59,No
C00553,27.0,Female,Galle,64,26135.08,2716855.51,One Year,Credit Card,3,206.92,No
C00554,36.0,Female,Colombo,62,13065.62,1564990.15,Two Year,Cash,2,12.2,No
C00555,49.0,Male,Kurunegala,6,43321.13,2932419.82,Month-to-Month,Online Payment,6,176.11,Yes
C00556,18.0,Male,Jaffna,19,16377.12,2951604.31,Two Year,Bank Transfer,5,1.93,Yes
C00557,22.0,Female,Kurunegala,18,13012.5,1797759.86,Month-to-Month,Bank Transfer,10,80.29,No
C00558,62.0,Female,Batticaloa,43,37839.85,2633098.54,Month-to-Month,Bank Transfer,11,150.41,No
C00559,21.0,Male,Jaffna,3,1862.03,2997672.02,One Year,Credit Card,10,273.47,No
C00560,33.0,Male,Galle,72,14132.57,2549900.97,One Year,Credit Card,8,38.85,Yes
C00561,41.0,Male,Kandy,38,19394.37,1972448.48,One Year,Credit Card,3,51.62,Yes
C00562,33.0,Female,Galle,68,44229.66,2536174.91,Month-to-Month,Online Payment,11,201.11,No
C00563,19.0,Female,Kandy,44,47571.65,252551.91,Month-to-Month,Credit Card,2,113.08,No
C00564,66.0,Male,Jaffna,63,36107.42,1906289.85,Month-to-Month,Online Payment,6,187.4,No
C00565,45.0,Female,Batticaloa,42,25134.06,653483.49,One Year,Online Payment,5,299.24,No
C00566,,Female,Batticaloa,64,32390.46,352610.63,One Year,Online Payment,4,296.07,No
C00567,44.0,Male,Colombo,54,21286.05,2679149.4,One Year,Cash,14,106.76,No
C00568,37.0,Male,Batticaloa,71,-500.0,1920736.61,Two Year,Bank Transfer,14,151.67,No
C00569,41.0,Female,Negombo,37,47583.72,734421.91,Month-to-Month,Online Payment,9,271.5,No
C00570,29.0,Female,Jaffna,4,6654.12,1163412.98,Month-to-Month,Bank Transfer,6,28.56,No
C00571,67.0,Male,Jaffna ,2,17973.28,2919963.25,Two Year,Online Payment,4,136.24,No
C00572,52.0,Male,Batticaloa,44,45055.36,2587235.25,Month-to-Month,Online Payment,8,113.9,No
C00573,50.0,Male,Jaffna,67,36433.93,51667.48,Month-to-Month,Credit Card,11,89.17,No
C00574,50.0,Male,Galle,68,2425.97,2939503.98,Two Year,Bank Transfer,3,298.27,No
C00575,68.0,Male,Batticaloa,62,2131.88,1108745.77,Month-to-Month,Online Payment,0,220.33,No
C00576,60.0,Female,Kurunegala,1,26309.11,2087777.41,One Year,Bank Transfer,9,117.24,No
C00577,54.0,Female,Kandy,17,24728.4,2139466.31,Two Year,Credit Card,11,248.88,No
C00578,29.0,Female,Jaffna,16,22706.59,2735494.88,Month-to-Month,Online Payment,4,147.41,No
C00579,20.0,Female,Colombo,9,15814.84,2655757.32,One Year,Credit Card,0,261.97,No
C00580,18.0,Male,Galle,53,49345.3,848780.13,Month-to-Month,Online Payment,11,80.65,No
C00581,50.0,Male,Negombo,59,14327.38,1932388.76,Two Year,Credit Card,12,67.86,No
C00582,57.0,Male,Galle,9,25011.97,1184147.74,One Year,Credit Card,0,74.94,Yes
C00583,27.0,Female,Batticaloa,12,20839.76,1579003.49,Month-to-Month,Cash,0,162.01,No
C00584,60.0,Female,Kandy,41,9342.22,1666262.18,Two Year,Online Payment,0,88.1,No
C00585,61.0,Female,Galle,15,10928.32,1192048.62,Month-to-Month,Online Payment,7,44.99,No
C00586,46.0,Male,Negombo,66,45996.83,1394362.59,Month-to-Month,Online Payment,1,298.39,No
C00587,30.0,Female,Kurunegala,11,43055.71,628985.09,One Year,Bank Transfer,8,270.23,No
C00588,29.0,Male,Colombo,8,10753.17,1824900.92,Month-to-Month,Cash,6,190.87,No
C00589,48.0,Male,Jaffna,55,43907.47,2278084.65,Two Year,Bank Transfer,13,267.57,No
C00590,63.0,Male,Kandy,6,11250.12,1292074.91,Two Year,Online Payment,10,280.7,No
C00591,19.0,Male,Negombo,53,31700.77,2933151.86,One Year,Cash,2,203.16,Yes
C00592,68.0,Male,Batticaloa,20,4982.75,176393.09,One Year,Credit Card,8,156.09,No
C00593,67.0,Male,Batticaloa,39,44138.11,1769536.24,Month-to-Month,Cash,3,264.72,No
C00594,52.0,Female,Batticaloa,72,3523.51,1752884.32,Two Year,Credit Card,6,170.77,No
C00595,40.0,Male,Kandy,34,28192.2,113707.35,One Year,Online Payment,14,38.91,No
C00596,34.0,Male,Galle,57,39205.86,677587.67,Month-to-Month,Online Payment,2,110.69,No
C00597,43.0,Female,Kandy,19,6724.9,2717100.04,Month-to-Month,Credit Card,4,134.33,No
C00598,25.0,Male,Batticaloa,71,20819.53,1635819.56,Two Year,Cash,12,280.68,No
C00599,46.0,Female,Kurunegala,31,3055.56,1311975.7,Two Year,Bank Transfer,3,198.1,No
C00600,43.0,Female,Negombo,40,34454.88,1249411.85,Month-to-Month,Cash,12,262.71,Yes
C00601,27.0,Female,Jaffna,14,16065.03,2665041.69,Two Year,Credit Card,5,227.52,No
C00602,43.0,Male,Jaffna,37,28410.37,1104258.37,Month-to-Month,Credit Card,11,93.65,No
C00603,51.0,Male,Kandy,44,46703.88,2578204.75,Month-to-Month,Bank Transfer,12,215.89,No
C00604,68.0,Female,Batticaloa,9,15987.05,931031.83,Two Year,Bank Transfer,8,59.39,No
C00605,58.0,Male,Colombo,58,3382.75,1596854.43,One Year,Bank Transfer,14,123.04,No
C00606,24.0,Male,Kurunegala,20,34105.76,435740.21,Month-to-Month,Credit Card,4,242.02,Yes
C00607,21.0,Female,Kandy,50,39555.22,2475965.79,Two Year,Online Payment,14,183.97,No
C00608,70.0,Female,Batticaloa,20,47935.56,2209244.74,Month-to-Month,Cash,0,247.8,No
C00609,67.0,Male,Galle,36,8732.24,1592628.73,Month-to-Month,Bank Transfer,12,77.16,Yes
C00610,62.0,Female,Jaffna,27,20214.86,82574.42,Month-to-Month,Credit Card,4,225.17,Yes
C00611,28.0,Female,Jaffna,72,42362.88,1446365.71,Two Year,Cash,4,61.49,No
C00612,46.0,Female,Kurunegala,32,40536.7,679463.6,Two Year,Bank Transfer,8,164.05,No
C00613,53.0,Male,Jaffna,1,31614.99,1243056.02,Two Year,Online Payment,7,130.63,Yes
C00614,42.0,Male,Colombo,17,14199.06,2569997.33,One Year,Cash,4,167.39,No
C00615,38.0,Male,Batticaloa,9,14917.73,2309961.9,Month-to-Month,Cash,4,41.52,No
C00616,53.0,Female,Batticaloa,45,7076.15,729648.96,One Year,Credit Card,14,109.01,No
C00617,27.0,Male,Kurunegala,66,46170.83,2954935.53,Month-to-Month,Credit Card,13,200.4,No
C00618,54.0,Female,Batticaloa,32,9473.64,2710115.47,Two Year,Credit Card,1,168.0,No
C00619,26.0,Male,Kurunegala,45,,1588376.96,Month-to-Month,Online Payment,15,165.14,No
C00620,41.0,Male,Batticaloa,9,29633.22,1592800.21,Month-to-Month,Cash,8,153.74,Yes
C00621,52.0,Female,Colombo,30,19110.67,2704291.57,Month-to-Month,Bank Transfer,13,283.22,No
C00622,66.0,Male,Negombo,38,18273.4,1910253.7,One Year,Online Payment,10,280.44,Yes
C00623,52.0,Female,Kandy,60,33760.83,1612381.79,Two Year,Bank Transfer,14,108.68,No
C00624,65.0,Male,Kandy,1,20026.59,2248699.83,Two Year,Bank Transfer,3,106.22,No
C00625,53.0,Male,Batticaloa,5,13500.65,709115.86,Month-to-Month,Credit Card,6,166.91,No
C00626,35.0,Female,Galle,63,20557.45,2635740.37,Two Year,Bank Transfer,9,29.59,No
C00627,66.0,Female,Jaffna,36,40575.44,1596588.65,One Year,Bank Transfer,5,91.6,No
C00628,56.0,Female,Colombo,65,48357.44,1812480.39,One Year,Online Payment,13,70.03,No
C00629,49.0,Male,Galle,24,32161.56,274381.89,Two Year,Credit Card,4,67.79,No
C00630,41.0,Male,Galle,4,39322.96,931979.33,One Year,Bank Transfer,10,191.91,Yes
C00631,40.0,Male,Batticaloa,68,27108.42,1283072.33,One Year,Bank Transfer,10,115.92,No
C00632,49.0,Female,Colombo,25,31616.33,1244659.02,Two Year,Bank Transfer,4,52.18,No
C00633,54.0,Female,Kandy,7,49416.25,2335961.68,Two Year,Cash,13,266.38,No
C00634,29.0,Female,Jaffna,13,22482.52,850555.58,Month-to-Month,Cash,6,262.37,Yes
C00635,66.0,Male,Kandy,68,-1000.0,550417.24,Month-to-Month,Credit Card,13,258.88,No
C00636,30.0,Male,Galle,43,47893.34,1749938.67,One Year,Online Payment,12,117.83,No
C00637,40.0,Female,Jaffna,57,39860.02,1846969.5,Two Year,Credit Card,1,18.04,Yes
C00638,42.0,Male,Negombo,36,20517.21,369142.0,One Year,Cash,15,32.92,No
C00639,52.0,Female,Galle,14,49137.36,12393.17,Two Year,Credit Card,8,83.54,No
C00640,58.0,Male,Kandy,72,17931.25,2753358.99,One Year,Online Payment,1,66.77,No
C00641,47.0,Male,Kandy,27,19233.89,243512.81,One Year,Credit Card,8,262.32,No
C00642,34.0,Female,Batticaloa,37,30876.84,2694111.46,One Year,Bank Transfer,10,295.92,No
C00643,66.0,Male,Kandy,71,14443.02,1200648.55,Month-to-Month,Online Payment,3,245.19,No
C00644,37.0,Male,Colombo,25,35230.0,1960902.44,Two Year,Online Payment,12,219.22,No
C00645,65.0,Female,Galle,67,8489.66,560916.0,One Year,Online Payment,9,177.0,No
C00646,42.0,Female,Kurunegala,4,6293.24,2472631.5,Month-to-Month,Credit Card,10,231.2,No
C00647,39.0,Male,Kurunegala,16,27209.02,544679.19,One Year,Credit Card,9,284.16,No
C00648,30.0,Female,Jaffna,19,28219.19,1162594.9,One Year,Bank Transfer,5,180.8,Yes
C00649,36.0,Male,Kandy,29,6226.1,717887.21,Two Year,Online Payment,0,47.23,No
C00650,66.0,Female,Batticaloa,51,48244.64,2513330.34,One Year,Bank Transfer,4,49.99,No
C00651,53.0,Male,Batticaloa,18,0.0,2575715.76,Two Year,Online Payment,5,175.57,Yes
C00652,29.0,Male,Kandy,58,8400.71,1119226.52,Month-to-Month,Cash,8,100.71,Yes
C00653,58.0,Female,Colombo,44,16260.68,925598.52,Month-to-Month,Credit Card,13,273.16,Yes
C00654,36.0,Male,Batticaloa,16,40211.48,2321828.3,One Year,Bank Transfer,8,183.88,No
C00655,29.0,Male,Kurunegala,65,26638.34,2636143.36,Month-to-Month,Credit Card,15,203.27,No
C00656,26.0,Female,Jaffna,2,10219.27,1873939.88,Two Year,Credit Card,8,2.74,No
C00657,24.0,Female,Galle,56,6039.6,2782574.01,Two Year,Cash,13,150.16,No
C00658,45.0,Male,Negombo,28,22107.95,1152216.22,Month-to-Month,Cash,2,129.92,No
C00659,31.0,Female,Colombo,65,17533.32,459899.77,Two Year,Online Payment,12,212.06,Yes
C00660,48.0,Female,Batticaloa,5,33139.95,543030.73,Two Year,Cash,3,115.41,No
C00661,69.0,Male,Galle,22,46337.1,2011146.7,One Year,Online Payment,7,293.0,No
C00662,36.0,Male,Negombo,13,13138.78,1225541.64,One Year,Cash,7,201.39,Yes
C00663,64.0,Female,Kandy,65,42906.46,473162.22,Two Year,Cash,15,198.32,No
C00664,33.0,Female,Kandy,16,46102.64,880219.43,Month-to-Month,Bank Transfer,1,275.88,No
C00665,70.0,Female,Jaffna,64,45198.13,1594162.19,Two Year,Cash,7,298.57,No
C00666,22.0,Male,Negombo,32,47651.79,368728.57,One Year,Bank Transfer,6,60.15,No
C00667,52.0,Male,Kandy,51,42263.32,15310.28,Month-to-Month,Cash,8,243.35,No
C00668,29.0,Male,Kandy,58,30080.81,2752307.65,Two Year,Bank Transfer,15,49.53,No
C00669,42.0,Male,Kurunegala,46,21082.46,918059.27,Month-to-Month,Credit Card,4,137.66,No
C00670,69.0,Male,Batticaloa,52,25092.7,668386.95,Month-to-Month,Online Payment,1,30.96,No
C00671,38.0,Male,Jaffna,63,43758.0,2096950.03,Month-to-Month,Cash,4,187.39,No
C00672,53.0,Male,Galle,60,15768.52,2560941.15,Two Year,Bank Transfer,13,141.09,No
C00673,70.0,Female,Kandy,65,8803.82,1898674.91,One Year,Cash,1,188.98,No
C00674,40.0,Female,Kurunegala,55,7900.14,767175.85,Month-to-Month,Bank Transfer,12,203.71,No
C00675,33.0,Male,Colombo,57,41522.74,2585601.69,Month-to-Month,Bank Transfer,11,186.21,No
C00676,56.0,Male,Colombo,71,38312.8,1533729.45,Two Year,Cash,14,88.91,No
C00677,62.0,Male,Galle,26,25384.62,1146666.45,One Year,Online Payment,4,251.25,No
C00678,70.0,Female,,12,14468.7,1816154.73,One Year,Bank Transfer,14,165.95,Yes
C00679,59.0,Male,Jaffna,71,34203.05,2103333.61,Two Year,Credit Card,12,147.47,No
C00680,56.0,Female,Kurunegala,46,2883.22,1783520.47,Month-to-Month,Cash,14,296.13,No
C00681,31.0,Female,Batticaloa,47,28843.16,2761135.11,Two Year,Credit Card,8,85.77,No
C00682,48.0,Female,Kurunegala,38,20522.83,1885913.33,One Year,Bank Transfer,6,158.88,No
C00683,22.0,Female,Colombo,21,48915.12,2636349.23,Month-to-Month,Bank Transfer,6,205.02,No
C00684,52.0,Female,Colombo,14,25870.45,1762940.51,Month-to-Month,Cash,0,38.44,No
C00685,40.0,Male,Galle,2,28061.12,992390.32,One Year,Online Payment,8,106.92,Yes
C00686,46.0,Male,Negombo,72,35905.77,1599228.97,Month-to-Month,Credit Card,5,240.7,Yes
C00687,60.0,Female,Negombo,70,24742.39,263578.39,Two Year,Online Payment,6,71.79,Yes
C00688,28.0,Male,Galle,33,12003.86,694373.03,One Year,Credit Card,12,148.49,Yes
C00689,35.0,Female,Kurunegala,6,27326.61,2299863.83,One Year,Online Payment,15,189.56,No
C00690,64.0,Female,Colombo,37,47269.17,1986119.45,Month-to-Month,Cash,11,201.68,No
C00691,29.0,Male,Kurunegala,14,21085.64,503723.54,One Year,Credit Card,1,218.76,Yes
C00692,26.0,Male,Kurunegala,37,34302.41,1316855.45,Two Year,Cash,15,259.93,No
C00693,27.0,Male,Jaffna,8,48923.68,430266.66,One Year,Online Payment,0,118.46,No
C00694,61.0,Male,Colombo,13,41666.19,2568174.48,Month-to-Month,Online Payment,10,212.28,Yes
C00695,34.0,Male,Negombo,40,33292.67,331963.26,One Year,Online Payment,12,219.92,No
C00696,55.0,Female,Batticaloa,58,37063.83,1964433.82,Month-to-Month,Cash,3,90.78,No
C00697,24.0,Male,Kurunegala,18,46887.68,1822965.0,Month-to-Month,Bank Transfer,11,290.48,Yes
C00698,63.0,Male,Colombo,57,48027.85,1420966.05,Two Year,Bank Transfer,8,259.7,Yes
C00699,30.0,Male,Kurunegala,38,48479.44,838312.69,One Year,Credit Card,13,87.67,No
C00700,57.0,Female, Colombo ,32,31656.44,1214849.72,Two Year,Cash,8,202.85,No
C00701,59.0,Male,Kandy,66,19850.87,2420141.94,Two Year,Cash,13,215.62,No
C00702,26.0,Female,Colombo,25,7524.5,2285844.69,One Year,Cash,15,130.01,No
C00703,67.0,Male,Galle,58,19891.85,2217733.3,Two Year,Online Payment,10,259.26,No
C00704,44.0,Male,Kandy,33,47204.82,2250721.64,Two Year,Cash,2,207.38,No
C00705,19.0,Female,Kurunegala,66,44600.06,435939.69,Month-to-Month,Bank Transfer,0,197.79,No
C00706,22.0,Male,Galle,30,26659.32,301793.87,Two Year,Credit Card,1,67.03,No
C00707,46.0,Male,Galle,34,27313.36,2585188.38,One Year,Bank Transfer,15,122.94,No
C00708,54.0,Female,Galle,69,16137.1,2512337.84,Month-to-Month,Cash,14,130.74,Yes
C00709,55.0,Male,Colombo,48,23270.89,2045548.32,Two Year,Credit Card,8,220.36,No
C00710,36.0,Female,Negombo,40,36007.98,1819687.71,Two Year,Credit Card,8,185.9,No
C00711,25.0,Female,Kurunegala,51,20719.11,1103780.76,One Year,Cash,15,26.67,No
C00712,150.0,Female,Kandy,13,10211.21,676127.36,Two Year,Cash,11,93.0,No
C00713,62.0,Female,Jaffna,31,27502.12,2004631.03,One Year,Bank Transfer,0,142.44,Yes
C00714,18.0,Female,Negombo,39,12041.51,2739538.74,Two Year,Bank Transfer,8,221.28,Yes
C00715,39.0,Male,Kurunegala,63,48740.09,1313804.74,Two Year,Online Payment,0,223.33,No
C00716,69.0,Male,Colombo,48,20126.66,913121.35,One Year,Online Payment,9,147.67,No
C00717,34.0,Male,Galle,48,45573.58,815871.73,Month-to-Month,Online Payment,3,35.96,No
C00718,24.0,Female,Jaffna,61,12052.15,75997.2,One Year,Cash,4,88.58,Yes
C00719,42.0,Female,Kurunegala,12,10271.24,1563348.58,Month-to-Month,Cash,7,77.15,No
C00720,62.0,Female,Kandy,56,31228.16,2964766.91,Month-to-Month,Online Payment,12,234.53,Yes
C00721,21.0,Female,Kurunegala,18,39189.57,2446636.96,One Year,Online Payment,4,54.82,No
C00722,53.0,Male,Negombo,27,28771.46,2692936.78,One Year,Bank Transfer,4,140.01,Yes
C00723,23.0,Male,Batticaloa,28,12259.99,1865386.47,Two Year,Online Payment,3,201.54,No
C00724,48.0,Female,Jaffna ,52,2856.82,1446932.0,Two Year,Online Payment,8,289.47,No
C00725,36.0,Female,Kurunegala,16,31296.15,2971418.74,Month-to-Month,Credit Card,12,299.77,No
C00726,61.0,Male,Jaffna,58,7420.82,1344250.52,Two Year,Online Payment,7,285.92,No
C00727,56.0,Female,Kurunegala,9,,2750907.57,One Year,Credit Card,8,215.75,No
C00728,44.0,Female,Kurunegala,26,34113.45,2286725.2,Month-to-Month,Online Payment,6,224.19,No
C00729,27.0,Female,Colombo,28,5803.15,996280.38,Two Year,Credit Card,6,228.0,No
C00730,43.0,Male,Kandy,36,7235.32,1511671.24,Two Year,Online Payment,4,258.92,No
C00731,36.0,Male,Jaffna,9,4021.64,1156066.02,One Year,Bank Transfer,9,285.58,No
C00732,56.0,Female,Kurunegala,47,49807.88,412988.71,One Year,Cash,15,134.27,No
C00733,20.0,Male,Galle,51,19966.76,1073515.91,Two Year,Credit Card,0,125.54,No
C00734,62.0,Female,Kandy,57,45383.96,2667473.79,Month-to-Month,Cash,11,138.68,Yes
C00735,30.0,Female,Negombo,32,15385.7,2259143.88,Month-to-Month,Bank Transfer,5,198.29,No
C00736,67.0,Male,Jaffna,67,37906.93,836355.32,One Year,Online Payment,9,232.86,No
C00737,45.0,Female,Negombo,57,11734.26,1106900.37,One Year,Online Payment,15,261.29,No
C00738,37.0,Female,Kurunegala,54,25417.91,1851219.6,One Year,Bank Transfer,5,137.41,No
C00739,45.0,Male,Negombo,16,41406.17,1251338.75,Two Year,Cash,9,109.65,No
C00740,25.0,Female,Negombo,62,41000.39,1511617.13,Two Year,Cash,3,295.02,No
C00741,58.0,Female,Colombo,56,39919.76,2096014.39,One Year,Cash,1,70.33,Yes
C00742,56.0,Female,Negombo,23,41362.99,1404416.29,Month-to-Month,Cash,14,67.38,No
C00743,18.0,Male,Galle,17,11362.14,576954.52,One Year,Credit Card,0,214.91,No
C00744,20.0,Female,Galle,38,24628.6,1564118.94,One Year,Cash,2,54.72,No
C00745,30.0,Male,Kandy,72,24758.7,1071574.1,Month-to-Month,Credit Card,10,120.42,No
C00746,45.0,Female,Kurunegala,30,44634.62,875749.01,Month-to-Month,Bank Transfer,12,88.42,No
C00747,66.0,Female,Batticaloa,58,15547.7,987685.14,Month-to-Month,Online Payment,14,51.44,Yes
C00748,42.0,Female,Negombo,22,46643.3,1319811.64,Month-to-Month,Credit Card,12,174.33,No
C00749,50.0,Female,Negombo,17,23088.99,2660406.36,Two Year,Cash,8,112.68,No
C00750,55.0,Male,Jaffna,15,33819.56,2203501.03,Two Year,Online Payment,11,139.21,Yes
C00751,70.0,Male,Colombo,48,14175.27,2005306.41,One Year,Credit Card,0,59.56,Yes
C00752,23.0,Female,Batticaloa,32,21104.61,1416424.33,Two Year,Online Payment,4,230.59,No
C00753,61.0,Female,Kandy,40,35780.25,10480.69,One Year,Bank Transfer,9,95.1,Yes
C00754,62.0,Female,Batticaloa,57,26124.61,1024949.38,One Year,Cash,5,103.47,Yes
C00755,49.0,Female,Negombo,58,46604.69,2440510.16,Month-to-Month,Bank Transfer,14,76.39,No
C00756,62.0,Female,Jaffna,16,37119.12,1167571.87,Month-to-Month,Online Payment,8,130.89,No
C00757,64.0,Female,Kurunegala,28,28655.74,1693638.28,Two Year,Bank Transfer,0,139.61,No
C00758,38.0,Female,Colombo,1,44446.82,618195.75,Two Year,Cash,11,159.37,No
C00759,33.0,Female,Kurunegala,41,33612.26,2747993.94,Two Year,Credit Card,4,290.3,No
C00760,38.0,Male,Kandy,48,32718.7,2769895.46,Two Year,Bank Transfer,15,271.5,No
C00761,28.0,Male,Batticaloa,31,13072.2,442480.8,Month-to-Month,Cash,0,183.21,No
C00762,54.0,Male,Kandy,36,20347.99,2173856.05,Month-to-Month,Online Payment,1,12.63,No
C00763,53.0,Female,Negombo,33,34481.88,230339.33,Two Year,Bank Transfer,13,184.07,No
C00764,52.0,Female,Kandy,33,44697.79,1797650.12,One Year,Credit Card,1,27.81,No
C00765,36.0,Female,Kurunegala,23,16461.83,540067.68,Month-to-Month,Bank Transfer,10,213.39,No
C00766,37.0,Male,Jaffna,60,11558.8,441387.23,Month-to-Month,Online Payment,4,117.63,No
C00767,35.0,Female,Kandy,30,30091.1,17338.85,Month-to-Month,Online Payment,9,251.47,No
C00768,64.0,Male,Galle,45,,2822867.12,Month-to-Month,Online Payment,3,282.82,No
C00769,58.0,Female,Jaffna,39,36012.54,2488611.21,Two Year,Bank Transfer,5,125.72,No
C00770,66.0,Male,Batticaloa,45,35453.79,237039.29,Two Year,Bank Transfer,4,138.71,Yes
C00771,31.0,Male,Colombo,12,18393.34,1800129.95,One Year,Bank Transfer,1,177.45,No
C00772,32.0,Male,Colombo,32,44741.21,702530.21,Month-to-Month,Credit Card,8,59.94,No
C00773,48.0,Female,Negombo,56,25606.88,795727.57,Two Year,Cash,12,278.27,No
C00774,18.0,Male,Negombo,24,32642.48,2623140.11,Two Year,Bank Transfer,9,130.47,No
C00775,70.0,Female,Galle,13,11269.35,347405.61,Month-to-Month,Credit Card,7,50.88,No
C00776,20.0,Female,Batticaloa,20,21449.68,1806462.96,Two Year,Online Payment,14,229.06,No
C00777,33.0,Female,Kurunegala,56,43258.46,1206760.33,Two Year,Bank Transfer,8,66.53,No
C00778,40.0,Female,Colombo,53,11434.04,576447.8,Two Year,Bank Transfer,10,43.92,No
C00779,28.0,Female,Colombo,68,20138.14,1358494.64,One Year,Bank Transfer,5,169.3,No
C00780,29.0,Male,Colombo,54,16585.75,2821765.41,Two Year,Credit Card,4,201.78,No
C00781,27.0,Female,Kurunegala,34,8404.4,2345922.1,Month-to-Month,Bank Transfer,4,171.3,No
C00782,49.0,Female,Colombo,28,15196.18,400673.65,Month-to-Month,Bank Transfer,1,197.3,No
C00783,33.0,Female,Kandy,50,12405.84,2549042.07,Month-to-Month,Cash,10,35.54,No
C00784,25.0,Female,Batticaloa,2,46256.09,2812634.38,Two Year,Credit Card,3,143.33,Yes
C00785,55.0,Female,Jaffna,26,37312.86,834508.02,One Year,Cash,1,107.75,No
C00786,29.0,Male,Jaffna,51,16488.98,1003591.99,Two Year,Cash,1,292.04,No
C00787,41.0,Male,Galle,47,38403.61,383298.23,Month-to-Month,Cash,11,15.84,No
C00788,45.0,Female,Kandy,26,2084.86,1038095.61,One Year,Cash,7,90.19,No
C00789,70.0,Male,Colombo,61,26799.71,2021056.69,One Year,Online Payment,3,282.62,No
C00790,25.0,Male,Colombo,23,13266.39,820104.27,Two Year,Bank Transfer,11,295.07,Yes
C00791,45.0,Female,Negombo,37,6601.78,25440.91,Month-to-Month,Cash,13,247.65,No
C00792,53.0,Male,Negombo,41,44304.17,1018941.22,Two Year,Credit Card,3,23.72,Yes
C00793,43.0,Female,Galle,52,10767.69,1362256.22,Month-to-Month,Bank Transfer,6,168.85,Yes
C00794,25.0,Male,Colombo,49,41297.16,1701236.33,One Year,Cash,3,120.64,No
C00795,67.0,Male,Galle,27,21247.91,2053056.19,Two Year,Cash,8,242.13,No
C00796,45.0,Male,Kandy,6,1700.25,190044.11,One Year,Credit Card,8,17.45,Yes
C00797,45.0,Female,Jaffna,66,36894.11,1411907.08,Month-to-Month,Online Payment,11,59.94,Yes
C00798,54.0,Male,Colombo,24,30221.63,802755.58,One Year,Credit Card,13,147.27,Yes
C00799,58.0,Male,Batticaloa,38,17864.42,2844168.85,One Year,Online Payment,13,48.14,No
C00800,53.0,Female,Kurunegala,28,14795.75,1082896.04,One Year,Online Payment,2,208.12,Yes
C00801,44.0,Female,Kandy,28,4610.87,304870.48,Two Year,Online Payment,5,246.41,No
C00802,34.0,Male,Colombo,66,47129.85,129267.01,Month-to-Month,Cash,14,211.65,No
C00803,26.0,Female,Kurunegala,61,25205.26,799890.63,One Year,Cash,6,132.64,No
C00804,50.0,Male,Batticaloa,46,5190.7,540741.82,One Year,Online Payment,2,263.64,No
C00805,70.0,Male,Negombo,69,43565.31,1951149.88,One Year,Online Payment,3,42.17,No
C00806,37.0,Female,Galle,43,14662.83,2541664.79,One Year,Cash,13,78.84,Yes
C00807,30.0,Female,Negombo,59,10976.53,941113.32,Month-to-Month,Online Payment,0,147.37,No
C00808,45.0,Female,Jaffna,2,14765.93,1735485.41,Month-to-Month,Cash,10,19.34,No
C00809,65.0,Male,Negombo,15,28664.0,2192264.3,Two Year,Online Payment,8,29.61,No
C00810,46.0,Female,Colombo,37,4628.77,1198470.63,Month-to-Month,Cash,6,119.84,No
C00811,30.0,Male,Batticaloa,71,24606.09,203645.21,Month-to-Month,Credit Card,9,283.22,Yes
C00812,63.0,Female,Negombo,20,44891.43,691408.81,One Year,Online Payment,15,272.62,No
C00813,52.0,Male,Colombo,35,10220.41,2649782.1,Two Year,Online Payment,6,140.33,No
C00814,23.0,Female,Jaffna,34,17228.25,2474318.4,Two Year,Credit Card,14,43.51,No
C00815,35.0,Male,Kurunegala,31,20409.98,264164.92,One Year,Bank Transfer,8,54.25,No
C00816,68.0,Female,Batticaloa,19,29724.81,675726.43,Two Year,Online Payment,11,113.89,Yes
C00817,22.0,Male,Negombo,68,46043.46,2308650.02,Month-to-Month,Bank Transfer,13,63.81,Yes
C00818,64.0,Female,Galle,24,20332.42,1460265.2,Two Year,Credit Card,14,25.81,No
C00819,42.0,Female,Galle,39,4388.49,2281101.26,One Year,Online Payment,5,202.46,No
C00820,19.0,Male,Batticaloa,54,18049.59,637221.95,Two Year,Bank Transfer,7,174.85,Yes
C00821,27.0,Female,Galle,39,10314.19,2858330.93,Two Year,Online Payment,4,88.1,No
C00822,47.0,Male,Negombo,17,32936.95,2351904.31,Two Year,Online Payment,15,233.91,No
C00823,67.0,Male,Negombo,19,2433.84,596369.71,One Year,Cash,7,233.01,No
C00824,62.0,Female,Batticaloa,48,15304.57,1677555.36,Month-to-Month,Bank Transfer,11,147.81,No
C00825,22.0,Male,Negombo,35,27713.5,343725.9,Two Year,Cash,15,29.86,No
C00826,50.0,Female,Kurunegala,32,14589.38,1087497.27,Month-to-Month,Cash,9,275.62,No
C00827,18.0,Female,Colombo,47,27998.77,1980566.0,Month-to-Month,Bank Transfer,13,200.93,No
C00828,35.0,Male,Jaffna,47,6620.9,993732.43,Month-to-Month,Bank Transfer,0,74.87,Yes
C00829,49.0,Female,Kurunegala,64,47197.47,1971991.4,Two Year,Cash,2,183.53,No
C00830,64.0,Male,Kurunegala,46,15254.43,738114.5,Month-to-Month,Online Payment,14,122.1,No
C00831,66.0,Male,Galle,35,46227.04,2165014.31,Two Year,Online Payment,3,190.97,Yes
C00832,28.0,Female,Colombo,17,16965.94,1081970.77,Two Year,Credit Card,15,142.69,No
C00833,38.0,Female,Batticaloa,42,39310.17,2372491.41,Two Year,Online Payment,13,146.16,Yes
C00834,43.0,Male,Galle,29,13063.18,414386.29,Month-to-Month,Bank Transfer,10,221.03,Yes
C00835,42.0,Male,Colombo,70,33818.68,1089123.96,Two Year,Bank Transfer,8,184.5,No
C00836,39.0,Female,Negombo,17,16862.09,1394477.7,One Year,Credit Card,7,24.91,Yes
C00837,44.0,Female,Batticaloa,14,25948.8,1274417.35,One Year,Bank Transfer,13,20.55,No
C00838,66.0,Female,Batticaloa,24,34016.89,1302118.04,One Year,Cash,15,92.2,No
C00839,30.0,Female,Galle,57,29855.24,1337185.98,Two Year,Credit Card,7,129.64,Yes
C00840,50.0,Male,Negombo,50,29237.75,2966466.56,One Year,Credit Card,1,83.29,No
C00841,51.0,Female,Galle,57,4218.36,583505.52,Two Year,Online Payment,6,195.79,No
C00842,58.0,Male,Kandy,61,13204.76,2307148.17,Two Year,Online Payment,14,59.34,No
C00843,52.0,Male,Colombo,39,29020.13,1657607.4,Two Year,Cash,11,211.54,No
C00844,18.0,Female,Kandy,55,1897.54,1243817.11,Month-to-Month,Cash,2,232.17,No
C00845,38.0,Male,Colombo,36,13281.57,1902418.51,One Year,Online Payment,5,38.17,Yes
C00846,65.0,Female,Jaffna,37,12230.08,2561326.67,Two Year,Online Payment,14,195.59,Yes
C00847,23.0,Male,Kurunegala,14,13242.95,1402581.9,One Year,Cash,3,288.47,No
C00848,45.0,Female,Batticaloa,27,27244.87,2595080.1,One Year,Online Payment,15,58.65,Yes
C00849,34.0,Male,Galle,31,29516.06,285926.01,Month-to-Month,Credit Card,5,272.88,No
C00850,22.0,Male,Jaffna,44,45540.9,1960987.24,One Year,Cash,3,182.21,No
C00851,48.0,Female,Jaffna,68,19915.52,1002874.28,Two Year,Online Payment,2,177.69,Yes
C00852,22.0,Female,Batticaloa,48,46402.37,1163212.41,Two Year,Bank Transfer,1,16.52,Yes
C00853,55.0,Male,Batticaloa,57,32945.76,1715204.15,One Year,Bank Transfer,3,224.74,No
C00854,20.0,Male,Colombo,22,45720.36,1442350.81,One Year,Cash,9,144.0,No
C00855,70.0,Female,Kandy,4,41840.13,1148429.42,Month-to-Month,Bank Transfer,1,216.63,No
C00856,40.0,Male,Jaffna ,72,34691.54,928428.65,Two Year,Bank Transfer,6,242.95,Yes
C00857,54.0,Female,,46,18449.19,1856854.33,One Year,Credit Card,14,157.62,Yes
C00858,70.0,Male,Negombo,59,12814.41,1519211.06,One Year,Cash,0,79.83,No
C00859,54.0,Female,Jaffna,34,11897.18,973310.83,Two Year,Bank Transfer,13,43.33,Yes
C00860,27.0,Male,Negombo,11,47656.52,618858.25,One Year,Online Payment,10,48.99,No
C00861,27.0,Female,Kandy,31,47970.12,2324532.25,Month-to-Month,Cash,15,260.21,No
C00862,36.0,Female,Colombo,11,36516.74,2400146.2,One Year,Cash,0,37.95,No
C00863,34.0,Male,Batticaloa,56,44306.0,645295.44,One Year,Bank Transfer,4,116.02,No
C00864,38.0,Female,Kandy,38,46030.81,788638.79,Month-to-Month,Bank Transfer,15,100.95,No
C00865,31.0,Male,Kurunegala,21,26066.25,721233.35,Month-to-Month,Credit Card,6,259.77,No
C00866,26.0,Female,Kandy,10,31823.92,2654286.39,Month-to-Month,Online Payment,13,143.83,No
C00867,63.0,Female,Kurunegala,26,21518.97,2323520.49,Two Year,Credit Card,0,298.94,No
C00868,18.0,Female,Colombo,8,21506.05,228347.7,One Year,Credit Card,15,221.38,No
C00869,68.0,Male,Batticaloa,8,2883.02,2498834.52,One Year,Online Payment,11,255.43,Yes
C00870,62.0,Female,Kandy,60,22257.25,115371.2,Month-to-Month,Bank Transfer,11,30.5,Yes
C00871,30.0,Male,Kurunegala,72,34001.0,763333.37,Two Year,Credit Card,3,76.68,Yes
C00872,21.0,Female,Batticaloa,34,21677.13,2757379.2,Month-to-Month,Cash,4,41.5,Yes
C00873,18.0,Male,Galle,16,43748.07,2593672.23,One Year,Credit Card,1,139.62,No
C00874,66.0,Male,Galle,13,17295.58,2345396.37,Two Year,Online Payment,6,215.77,Yes
C00875,57.0,Male,Galle,22,7501.42,1375353.95,Two Year,Credit Card,3,51.55,No
C00876,49.0,Female,Negombo,27,40766.38,967635.23,One Year,Credit Card,7,39.92,No
C00877,,Male,Kandy,64,34023.45,2645229.78,Two Year,Cash,13,184.77,No
C00878,45.0,Female,Colombo,2,12849.15,1972936.9,Two Year,Online Payment,13,69.86,No
C00879,48.0,Male,Colombo,26,27286.11,890049.02,Month-to-Month,Cash,14,144.32,No
C00880,25.0,Male,Negombo,69,20690.76,1392271.65,Two Year,Bank Transfer,0,16.28,Yes
C00881,56.0,Male,Colombo,30,47004.13,2645093.17,Month-to-Month,Online Payment,9,204.5,Yes
C00882,43.0,Male,Kurunegala,8,30759.27,2710849.03,Two Year,Credit Card,0,162.85,Yes
C00883,51.0,Female,Galle,38,8761.07,1979609.77,Month-to-Month,Cash,0,194.58,No
C00884,20.0,Male,Kandy,61,25605.27,2199004.8,Month-to-Month,Cash,3,83.35,Yes
C00885,67.0,Male,Colombo,65,43265.28,122697.01,Two Year,Online Payment,0,84.3,No
C00886,29.0,Female,Colombo,67,33903.34,1815778.52,Month-to-Month,Cash,15,240.61,No
C00887,18.0,Male,Jaffna,46,42280.15,2068532.74,One Year,Online Payment,15,215.85,Yes
C00888,61.0,Male,Jaffna,72,13269.57,66029.56,One Year,Bank Transfer,14,174.34,No
C00889,22.0,Male,Jaffna,43,44529.22,2532357.67,Two Year,Online Payment,4,188.81,No
C00890,47.0,Male,Kandy,59,38024.96,2785213.61,Two Year,Online Payment,13,29.12,No
C00891,47.0,Female,Galle,46,36716.77,717619.67,Two Year,Bank Transfer,13,257.0,No
C00892,34.0,Female,Batticaloa,72,17980.51,2538158.82,One Year,Bank Transfer,5,231.2,Yes
C00893,65.0,Male,Galle,35,44495.25,1998210.19,Two Year,Credit Card,6,177.56,Yes
C00894,64.0,Female,Galle,39,32260.99,1744183.98,Two Year,Cash,7,275.66,Yes
C00895,40.0,Female,Kandy,51,42740.13,2530162.29,Month-to-Month,Bank Transfer,7,51.42,Yes
C00896,32.0,Male,Kurunegala,4,18687.6,860403.55,Two Year,Bank Transfer,1,206.31,No
C00897,54.0,Female,Kurunegala,51,8136.95,2373614.25,One Year,Cash,11,288.93,No
C00898,38.0,Male,Kandy,5,17284.52,946989.7,One Year,Cash,3,93.69,No
C00899,31.0,Female,Jaffna,55,23307.95,2363432.35,Two Year,Credit Card,6,5.57,Yes
C00900,19.0,Female,Colombo,20,,1355906.75,One Year,Credit Card,8,220.73,No
C00901,28.0,Female,Negombo,24,26029.65,355251.69,Month-to-Month,Online Payment,8,3.09,Yes
C00902,68.0,Male,Negombo,36,27756.68,1147651.98,Month-to-Month,Credit Card,10,261.89,No
C00903,56.0,Female,Batticaloa,34,42243.58,704312.37,Two Year,Bank Transfer,2,17.83,No
C00904,55.0,Male,Colombo,54,9334.96,306091.99,Two Year,Bank Transfer,11,196.18,No
C00905,51.0,Male,Batticaloa,34,16486.51,335309.77,Month-to-Month,Cash,6,113.78,No
C00906,55.0,Female,Jaffna,17,44541.82,2341313.84,Month-to-Month,Credit Card,3,61.8,No
C00907,67.0,Male,Batticaloa,5,28462.45,2644786.57,Two Year,Online Payment,8,269.58,Yes
C00908,51.0,Female,Colombo,18,29586.1,2781751.71,One Year,Online Payment,6,224.13,No
C00909,35.0,Male,Colombo,55,24425.06,2562568.79,Two Year,Online Payment,15,102.79,No
C00910,47.0,Male,Negombo,53,27899.76,2491521.17,Two Year,Online Payment,12,85.96,No
C00911,32.0,Female,Kurunegala,50,10705.91,211163.38,Two Year,Cash,12,221.07,No
C00912,44.0,Female,Jaffna,72,27796.48,2371420.17,Two Year,Credit Card,5,251.13,No
C00913,68.0,Female,Kandy,45,49861.48,2350931.57,Two Year,Credit Card,8,215.04,No
C00914,51.0,Female,Batticaloa,13,-500.0,398214.73,Two Year,Credit Card,6,192.36,Yes
C00915,69.0,Male,Negombo,16,3175.72,1987717.65,Two Year,Credit Card,10,69.15,No
C00916,55.0,Male,Batticaloa,13,40025.35,1360259.47,One Year,Online Payment,7,255.99,No
C00917,50.0,Male,Batticaloa,20,20427.3,2700540.5,Two Year,Online Payment,10,225.15,Yes
C00918,41.0,Female,Kandy,66,8530.13,2087748.05,Month-to-Month,Cash,4,155.67,No
C00919,32.0,Male,Jaffna,47,43263.47,2853207.67,Two Year,Cash,3,153.96,No
C00920,47.0,Female,Colombo,19,10700.69,319243.32,One Year,Online Payment,0,171.18,No
C00921,59.0,Male,Galle,45,-1000.0,126618.91,Month-to-Month,Bank Transfer,13,248.65,No
C00922,68.0,Female,Batticaloa,37,22648.03,2920870.18,Two Year,Credit Card,7,222.94,Yes
C00923,34.0,Male,Galle,54,37396.75,245175.52,Two Year,Cash,5,257.02,Yes
C00924,22.0,Male,Jaffna,6,27802.8,1161656.48,Month-to-Month,Online Payment,3,152.68,No
C00925,46.0,Female,Galle,14,13574.71,1951662.01,Two Year,Credit Card,2,187.77,No
C00926,21.0,Male,Batticaloa,4,33883.42,2640769.74,One Year,Credit Card,4,256.52,No
C00927,27.0,Female,Kandy,55,47937.71,767459.07,Two Year,Online Payment,3,70.46,No
C00928,34.0,Male,Galle,34,38712.21,92029.34,One Year,Bank Transfer,10,133.76,No
C00929,27.0,Male,Jaffna,27,30596.88,1566253.94,Two Year,Bank Transfer,10,186.58,Yes
C00930,34.0,Female,Jaffna,7,49540.78,1415980.5,Month-to-Month,Cash,6,274.63,No
C00931,37.0,Female,Kurunegala,3,14001.01,924145.08,One Year,Online Payment,5,5.73,No
C00932,41.0,Male,Kurunegala,47,4054.73,2622328.61,Two Year,Cash,2,64.56,No
C00933,22.0,Male,Kandy,2,2574.41,2249219.9,Two Year,Bank Transfer,11,71.1,No
C00934,51.0,Male, Colombo ,25,35823.71,2575058.57,Month-to-Month,Cash,9,98.66,No
C00935,,Male,Galle,60,41681.39,489617.83,Month-to-Month,Cash,12,85.25,No
C00936,70.0,Male,Kurunegala,24,32119.93,2078773.82,One Year,Bank Transfer,10,177.45,No
C00937,19.0,Male,Colombo,15,45346.3,2925429.7,One Year,Credit Card,11,265.8,No
C00938,30.0,Female,Negombo,14,35200.83,1837682.11,One Year,Credit Card,15,191.46,No
C00939,60.0,Female,Jaffna,54,19176.78,518236.27,Two Year,Bank Transfer,13,73.22,No
C00940,60.0,Female,Colombo,6,9881.66,2987362.28,Two Year,Credit Card,0,259.26,Yes
C00941,65.0,Male,Jaffna,18,46307.73,1587329.13,One Year,Online Payment,13,189.98,No
C00942,28.0,Male,Colombo,20,6076.26,2520976.76,Two Year,Credit Card,6,66.47,Yes
C00943,68.0,Male,Kurunegala,62,27606.43,452337.54,Month-to-Month,Bank Transfer,4,109.14,No
C00944,64.0,Female,Kurunegala,40,16386.39,1999958.17,Two Year,Online Payment,0,237.2,Yes
C00945,40.0,Female,Negombo,39,14299.34,2738290.01,One Year,Cash,0,221.94,No
C00946,33.0,Male,Colombo,52,32645.91,1598393.37,Two Year,Bank Transfer,5,173.4,No
C00947,48.0,Male,Jaffna,32,12330.61,869536.88,Month-to-Month,Bank Transfer,3,44.29,No
C00948,28.0,Female,Galle,27,45901.89,386628.37,One Year,Credit Card,13,241.18,No
C00949,33.0,Female,Jaffna,52,20896.15,891354.27,One Year,Online Payment,7,92.96,Yes
C00950,25.0,Female,Batticaloa,63,34191.39,1067878.19,One Year,Bank Transfer,1,231.71,No
C00951,21.0,Male,Kurunegala,63,36660.03,2131315.54,One Year,Online Payment,3,194.62,Yes
C00952,57.0,Male,Kandy,17,34464.14,539971.11,Two Year,Online Payment,11,79.99,Yes
C00953,21.0,Male,Kandy,49,45266.61,322784.04,Month-to-Month,Credit Card,12,64.5,No
C00954,42.0,Female,Kurunegala,23,12325.41,1163883.93,Two Year,Bank Transfer,7,40.14,No
C00955,20.0,Female,Batticaloa,72,5216.67,1378667.58,Two Year,Online Payment,14,73.34,Yes
C00956,49.0,Male,Kandy,13,3717.82,1887013.23,One Year,Online Payment,14,48.19,No
C00957,20.0,Male,Kurunegala,23,44014.36,2124056.25,Month-to-Month,Cash,11,185.5,Yes
C00958,44.0,Female,Kandy,57,48691.07,2668386.74,Two Year,Credit Card,7,180.04,No
C00959,46.0,Male,Kurunegala,62,15823.8,870415.93,Month-to-Month,Bank Transfer,15,176.27,No
C00960,49.0,Female,Negombo,54,34982.18,1588180.43,Month-to-Month,Online Payment,15,192.93,No
C00961,67.0,Female,Galle,20,1436.73,1101291.92,Month-to-Month,Credit Card,4,244.62,No
C00962,68.0,Male,Galle,52,10242.94,9257.91,Month-to-Month,Bank Transfer,2,274.15,No
C00963,36.0,Female,Jaffna,23,34774.44,1740398.31,Two Year,Online Payment,12,69.88,No
C00964,38.0,Male,,35,4228.47,2448309.25,Month-to-Month,Bank Transfer,14,176.74,No
C00965,22.0,Female,Kurunegala,67,23956.99,114136.26,Two Year,Bank Transfer,3,24.42,No
C00966,35.0,Female,Colombo,34,33466.58,15457.82,Month-to-Month,Credit Card,2,36.92,No
C00967,45.0,Male,Jaffna,33,38531.95,2184816.13,Month-to-Month,Credit Card,10,196.65,Yes
C00968,59.0,Female,Jaffna,46,23236.98,2053159.88,Two Year,Cash,1,146.49,No
C00969,39.0,Male,Kurunegala,45,31883.92,1220527.06,One Year,Cash,13,227.74,No
C00970,38.0,Male,Kurunegala,19,27439.21,1986506.62,Two Year,Cash,3,128.28,No
C00971,23.0,Female,Jaffna,15,3562.98,2860391.29,Month-to-Month,Online Payment,8,39.15,No
C00972,18.0,Male,Jaffna,66,37397.43,747349.08,Two Year,Cash,5,261.74,No
C00973,22.0,Male,Galle,39,9445.73,741550.15,Month-to-Month,Bank Transfer,3,25.78,Yes
C00974,58.0,Male,Colombo,18,2558.47,562765.45,Two Year,Credit Card,0,57.5,No
C00975,29.0,Male,Jaffna,70,23107.23,2173340.32,Two Year,Bank Transfer,13,83.82,Yes
C00976,43.0,Male,Galle,59,43416.24,1062801.77,Two Year,Credit Card,6,298.59,Yes
C00977,63.0,Male,Jaffna,32,8390.64,2966135.94,One Year,Credit Card,1,125.64,Yes
C00978,51.0,Female,Kandy,21,1630.02,2145373.47,Two Year,Bank Transfer,11,151.01,No
C00979,66.0,Male,Jaffna,40,6388.98,1105293.78,Two Year,Bank Transfer,5,231.14,No
C00980,31.0,Female,Kurunegala,27,18819.3,451812.17,One Year,Online Payment,9,191.29,No
C00981,43.0,Female,Batticaloa,2,29428.42,1778114.33,One Year,Credit Card,0,252.58,Yes
C00982,62.0,Male,Batticaloa,39,10457.59,888235.24,Month-to-Month,Cash,12,146.44,No
C00983,44.0,Female,Jaffna,56,40296.24,2716999.7,Month-to-Month,Online Payment,6,291.68,No
C00984,26.0,Female,Negombo,13,37911.56,1327006.18,Two Year,Cash,3,239.25,No
C00985,43.0,Male,Kandy,56,35097.32,881486.64,Month-to-Month,Online Payment,10,121.01,No
C00986,64.0,Male,Colombo,66,24886.02,1767712.68,Two Year,Credit Card,2,115.0,Yes
C00987,39.0,Male,Jaffna,56,18895.63,415238.63,One Year,Bank Transfer,9,278.92,No
C00988,64.0,Female,Colombo,28,19403.74,1686839.47,One Year,Bank Transfer,6,205.64,No
C00989,47.0,Female,Kandy,64,25650.46,173053.88,Two Year,Credit Card,12,186.81,No
C00990,60.0,Male,Jaffna,71,4788.42,1822631.6,Month-to-Month,Bank Transfer,2,227.59,No
C00991,65.0,Male,Negombo,64,34432.97,1592840.71,Month-to-Month,Credit Card,7,168.69,No
C00992,34.0,Female,Galle,56,18223.87,1564694.12,Month-to-Month,Credit Card,10,48.59,No
C00993,43.0,Female,Negombo,41,12013.18,2054072.34,Two Year,Credit Card,15,96.45,No
C00994,53.0,Female,Kurunegala,41,14638.03,138147.56,Month-to-Month,Online Payment,3,167.83,Yes
C00995,18.0,Female,Negombo,4,9834.42,1381895.74,One Year,Bank Transfer,2,6.43,No
C00996,25.0,Male,Galle,57,45176.84,1334895.8,One Year,Online Payment,6,131.77,No
C00997,66.0,Female,Kurunegala,30,9282.84,1382048.41,One Year,Cash,6,226.99,No
C00998,52.0,Female,Galle,46,44263.38,2939773.46,One Year,Credit Card,15,50.11,Yes
C00999,69.0,Female,Batticaloa,56,29039.93,422139.03,One Year,Bank Transfer,8,20.3,Yes
C01000,32.0,Female,Galle,31,43505.1,2072837.12,One Year,Cash,9,250.97,Yes
C01001,64.0,Male,Jaffna,7,24229.15,1208978.43,One Year,Credit Card,6,185.56,Yes
C01002,39.0,Male,Colombo,54,46454.05,1537620.94,One Year,Cash,5,53.8,Yes
C01003,31.0,Female,Batticaloa,8,11363.05,2288369.75,One Year,Online Payment,2,242.09,Yes
C01004,43.0,Female,Batticaloa,55,28179.9,476339.45,Two Year,Online Payment,3,197.78,No
C01005,45.0,Male,Colombo,69,7166.1,2291937.71,Two Year,Bank Transfer,7,100.9,No
C01006,40.0,Male,Batticaloa,44,22913.79,215640.69,One Year,Cash,5,113.48,No
C01007,31.0,Female,Galle,13,28925.28,1452511.99,One Year,Cash,8,47.61,No
C01008,41.0,Female,Negombo,20,30678.09,2227502.22,One Year,Online Payment,7,250.74,Yes
C01009,19.0,Male,Kandy,32,18910.91,581691.61,Month-to-Month,Online Payment,13,153.19,Yes
C01010,62.0,Male,Galle,60,4740.45,2313892.36,Two Year,Bank Transfer,7,167.55,No
C01011,43.0,Male,Kurunegala,50,33110.98,504603.46,One Year,Credit Card,10,265.16,Yes
C01012,31.0,Male,Kurunegala,27,24933.16,2398720.08,Two Year,Bank Transfer,9,5.73,No
C01013,68.0,Male,Negombo,25,7707.06,1409462.04,One Year,Online Payment,9,21.01,No
C01014,24.0,Male,Negombo,52,46857.92,2055491.8,Month-to-Month,Bank Transfer,6,49.31,No
C01015,20.0,Female,Batticaloa,68,47827.76,2752632.34,One Year,Credit Card,9,9.98,No
C01016,64.0,Male,,21,42973.71,1228222.46,Two Year,Online Payment,10,197.79,No
C01017,40.0,Male,Jaffna,18,42349.55,702707.79,Two Year,Credit Card,0,190.53,No
C01018,63.0,Male,Batticaloa,39,5834.89,2602156.47,Two Year,Bank Transfer,14,64.03,Yes
C01019,60.0,Male,Batticaloa,15,49677.59,489041.86,Two Year,Credit Card,4,45.67,No
C01020,64.0,Female,Colombo,53,20618.65,1896270.78,One Year,Online Payment,13,44.56,No
C01021,62.0,Female,colombo,38,8992.93,2770143.6,Month-to-Month,Online Payment,6,286.02,No
C01022,35.0,Male,Kandy,48,40792.98,2024818.15,Month-to-Month,Credit Card,9,208.36,No
C01023,55.0,Female,Kandy,52,12060.81,591064.85,One Year,Bank Transfer,8,176.04,No
C01024,52.0,Female,Kandy,72,26782.59,461090.44,One Year,Bank Transfer,15,97.42,No
C01025,68.0,Female,Kandy,28,7272.79,760655.07,Two Year,Bank Transfer,15,130.48,No
C01026,32.0,Female,Negombo,16,24257.64,1177263.46,One Year,Bank Transfer,11,27.73,No
C01027,42.0,Female,Negombo,16,28348.93,481681.3,Month-to-Month,Cash,3,299.45,No
C01028,54.0,Female,Colombo,35,22850.27,2394453.13,One Year,Cash,7,226.77,No
C01029,45.0,Male,Jaffna,17,4404.85,1074320.85,One Year,Credit Card,0,186.81,No
C01030,27.0,Male,Batticaloa,52,24762.01,2808579.77,Month-to-Month,Cash,3,176.74,No
C01031,-5.0,Male,Kurunegala,12,23978.2,2528260.14,Month-to-Month,Cash,3,151.79,No
C01032,34.0,Male,Jaffna,48,13819.39,2726910.7,One Year,Cash,1,77.97,Yes
C01033,56.0,Male,Galle,22,46158.48,887005.68,Two Year,Credit Card,10,68.69,No
C01034,39.0,Female,Negombo,49,21471.82,1723325.97,Two Year,Cash,10,165.31,Yes
C01035,43.0,Male,Kandy,52,43341.67,967741.31,Two Year,Bank Transfer,2,21.99,No
C01036,61.0,Male,Kandy,1,6373.53,774560.79,Month-to-Month,Bank Transfer,2,23.27,No
C01037,42.0,Female,Galle,66,16624.99,1823224.91,Month-to-Month,Credit Card,8,168.68,No
C01038,34.0,Female,Jaffna,64,9640.21,2454896.16,Two Year,Credit Card,6,276.02,No
C01039,30.0,Male,Kandy,8,21012.13,285325.43,One Year,Credit Card,1,274.37,No
C01040,37.0,Female,Jaffna,25,6470.2,830927.44,One Year,Online Payment,8,4.24,Yes
C01041,42.0,Female,Batticaloa,66,22610.71,619376.87,One Year,Cash,7,33.11,No
C01042,21.0,Female,Galle,70,18339.67,2396058.77,Month-to-Month,Credit Card,5,175.34,No
C01043,27.0,Female,Kurunegala,51,11942.44,2800449.36,Month-to-Month,Credit Card,5,254.69,No
C01044,20.0,Male,Jaffna,53,32466.79,244428.42,Two Year,Credit Card,11,286.38,No
C01045,58.0,Female,Batticaloa,15,47594.66,1140744.18,One Year,Bank Transfer,15,258.31,No
C01046,62.0,Male,Jaffna,50,11148.56,2743954.58,Month-to-Month,Credit Card,1,203.61,Yes
C01047,35.0,Male,Jaffna,71,35877.75,1037191.47,Month-to-Month,Bank Transfer,12,60.96,No
C01048,64.0,Female,Kandy,38,37376.66,2139421.0,Two Year,Bank Transfer,15,22.71,Yes
C01049,53.0,Female,Colombo,40,25407.91,306495.83,One Year,Online Payment,2,15.21,Yes
C01050,64.0,Female,Negombo,66,44985.75,1335940.66,Month-to-Month,Credit Card,5,184.01,No
C01051,39.0,Male,Jaffna,39,48353.11,1512385.82,Month-to-Month,Online Payment,13,11.82,No
C01052,51.0,Female,Jaffna,17,18750.08,2274203.91,Month-to-Month,Credit Card,15,222.03,Yes
C01053,64.0,Female,,7,32900.63,870029.83,Month-to-Month,Cash,11,214.03,No
C01054,25.0,Female,Colombo,39,33448.42,796244.77,One Year,Credit Card,2,24.8,No
C01055,57.0,Female,Batticaloa,68,20778.14,912388.17,Two Year,Credit Card,10,272.08,No
C01056,66.0,Female,Kurunegala,35,16522.76,1669311.04,One Year,Credit Card,10,157.06,No
C01057,61.0,Male,Kurunegala,51,46753.47,2628633.22,Two Year,Credit Card,6,271.43,Yes
C01058,36.0,Female,Galle,47,39709.1,2493669.48,Month-to-Month,Credit Card,13,270.58,No
C01059,59.0,Female,Kandy,36,6608.76,178547.24,One Year,Credit Card,15,59.91,No
C01060,58.0,Female,Colombo,64,6874.32,2637470.56,Two Year,Online Payment,4,114.79,No
C01061,54.0,Male,Batticaloa,13,46204.6,289852.58,Two Year,Cash,3,41.25,No
C01062,23.0,Female,Jaffna,18,4989.08,1248967.47,Month-to-Month,Online Payment,7,232.72,Yes
C01063,69.0,Male,Batticaloa,21,34732.65,2297386.3,Two Year,Cash,10,151.73,No
C01064,43.0,Male,Colombo,65,12111.15,249125.55,Two Year,Online Payment,10,278.71,Yes
C01065,51.0,Female,Colombo,8,2724.08,125997.04,Two Year,Online Payment,1,63.26,No
C01066,62.0,Female,Colombo,48,3922.24,993337.43,Month-to-Month,Credit Card,2,206.82,No
C01067,23.0,Female,Galle,43,19302.58,2191127.2,One Year,Online Payment,9,296.78,No
C01068,54.0,Male,Negombo,53,4801.83,1567660.53,Month-to-Month,Cash,11,199.95,Yes
C01069,50.0,Male,Kandy,27,30235.32,1253920.6,Two Year,Bank Transfer,3,21.56,No
C01070,70.0,Male,Galle,19,32715.47,2440154.59,Two Year,Cash,11,176.94,No
C01071,39.0,Male,Galle,23,19299.96,2301294.24,One Year,Online Payment,9,54.77,Yes
C01072,38.0,Male,Negombo,50,37401.03,2359199.41,Two Year,Bank Transfer,13,10.12,No
C01073,23.0,Male,Galle,51,25012.08,1381881.84,One Year,Credit Card,5,101.15,No
C01074,23.0,Female,Colombo,43,22081.2,63250.48,Two Year,Bank Transfer,14,80.57,No
C01075,65.0,Female,Colombo,51,20942.42,520550.24,Two Year,Credit Card,4,236.84,Yes
C01076,21.0,Male,Batticaloa,69,22124.22,2225194.78,Month-to-Month,Cash,14,112.73,No
C01077,47.0,Female,Jaffna,41,48426.49,2260754.55,Month-to-Month,Bank Transfer,4,220.15,Yes
C01078,28.0,Female,Galle,72,34388.95,2917034.35,One Year,Bank Transfer,6,5.86,No
C01079,47.0,Male,Jaffna,11,16445.28,574608.65,Month-to-Month,Bank Transfer,7,5.43,No
C01080,48.0,Male,Kandy,52,36959.13,373165.73,One Year,Credit Card,5,9.76,No
C01081,41.0,Female,Kurunegala,23,17183.1,420674.95,Month-to-Month,Credit Card,14,66.59,Yes
C01082,,Male,Colombo,49,7160.03,558440.4,One Year,Cash,13,112.82,No
C01083,20.0,Male,Batticaloa,38,24292.66,1587762.68,Two Year,Cash,2,182.75,No
C01084,68.0,Female,Kandy,47,37800.17,2925758.33,One Year,Online Payment,3,295.79,No
C01085,48.0,Male,Batticaloa,72,19505.34,1770347.29,Month-to-Month,Credit Card,13,106.97,No
C01086,57.0,Female,Kurunegala,7,43589.53,1570450.76,One Year,Cash,15,17.64,Yes
C01087,54.0,Female,Kurunegala,66,19960.68,2021701.91,Month-to-Month,Bank Transfer,0,59.28,No
C01088,53.0,Female,Negombo,62,18142.11,226421.52,Two Year,Bank Transfer,13,269.46,No
C01089,41.0,Female,Colombo,29,49913.95,2446985.63,Month-to-Month,Bank Transfer,10,210.11,No
C01090,48.0,Female,Kandy,38,24641.13,1942404.23,Two Year,Cash,13,237.27,Yes
C01091,23.0,Male,Negombo,33,40455.84,517719.08,Two Year,Bank Transfer,4,38.13,No
C01092,19.0,Male,Kurunegala,29,40444.41,1893992.69,Month-to-Month,Bank Transfer,12,41.36,No
C01093,37.0,Male,Kandy,23,46392.1,1790642.85,Two Year,Credit Card,14,34.56,No
C01094,45.0,Male,Batticaloa,3,5159.86,199234.69,Month-to-Month,Credit Card,11,257.29,No
C01095,28.0,Female,Negombo,45,14289.79,804461.93,One Year,Cash,9,63.78,Yes
C01096,21.0,Female,Negombo,8,38619.66,1175870.16,Two Year,Credit Card,15,193.3,No
C01097,32.0,Male,Colombo,29,28567.47,738441.15,One Year,Online Payment,7,155.33,No
C01098,23.0,Female,Jaffna,2,28421.13,733269.25,One Year,Cash,2,163.77,No
C01099,66.0,Male,Batticaloa,50,9144.55,1720980.68,Month-to-Month,Online Payment,9,59.44,No
C01100,47.0,Male,Batticaloa,65,14776.5,1415222.76,Month-to-Month,Online Payment,12,190.94,No
C01101,55.0,Male,Negombo,20,26545.37,2003540.08,Two Year,Cash,14,13.89,No
C01102,68.0,Female,Negombo,52,14581.89,2869439.23,Month-to-Month,Credit Card,3,298.05,Yes
C01103,19.0,Female,Colombo,37,11303.86,1983365.35,One Year,Credit Card,12,9.0,No
C01104,32.0,Female,Jaffna,72,5300.05,1748377.32,One Year,Cash,3,16.0,Yes
C01105,28.0,Female,Batticaloa,27,8630.57,2543440.68,One Year,Online Payment,5,98.07,No
C01106,25.0,Male,Kurunegala,47,38674.52,1898058.97,Two Year,Cash,15,249.66,Yes
C01107,43.0,Female,Galle,6,36220.18,500856.0,Month-to-Month,Cash,8,77.9,No
C01108,68.0,Female,Galle,60,3245.85,947672.35,One Year,Bank Transfer,9,142.11,No
C01109,62.0,Female,Jaffna,45,10960.92,2201414.05,Two Year,Bank Transfer,2,6.38,No
C01110,61.0,Male,Kandy,44,28462.31,2216455.24,Month-to-Month,Online Payment,3,24.58,No
C01111,22.0,Male,Colombo,18,16808.76,2961091.21,Month-to-Month,Credit Card,5,182.78,Yes
C01112,23.0,Female,Jaffna,65,41339.23,1882789.76,One Year,Bank Transfer,5,59.11,No
C01113,43.0,Female,Galle,25,39464.48,2699137.84,Two Year,Bank Transfer,6,208.58,No
C01114,21.0,Female,Negombo,27,44687.45,168468.03,One Year,Online Payment,14,235.83,No
C01115,36.0,Female,Galle,7,28583.63,1700835.92,One Year,Cash,0,255.25,Yes
C01116,37.0,Male,Negombo,44,18251.75,2759944.83,Two Year,Bank Transfer,13,41.01,No
C01117,50.0,Female,Colombo,29,30697.17,865296.48,One Year,Credit Card,13,137.2,No
C01118,37.0,Female,Negombo,44,5367.7,468855.43,Two Year,Online Payment,8,284.18,No
C01119,66.0,Female,Jaffna,36,1469.71,1054777.93,Two Year,Bank Transfer,15,231.85,No
C01120,29.0,Male,Negombo,19,1837.58,2377747.32,One Year,Online Payment,1,35.97,No
C01121,64.0,Male,Kandy,6,20969.6,258678.94,One Year,Bank Transfer,13,151.25,Yes
C01122,18.0,Female,Jaffna,25,12175.8,1803014.28,Month-to-Month,Bank Transfer,3,276.79,No
C01123,43.0,Female,Colombo,31,8709.55,411216.66,Month-to-Month,Online Payment,2,132.57,No
C01124,31.0,Female,Jaffna,9,31150.97,1309419.66,Two Year,Credit Card,2,251.39,Yes
C01125,55.0,Female,Kandy,37,49759.66,2898101.12,Two Year,Credit Card,10,149.26,No
C01126,54.0,Female,Colombo,27,9709.91,589457.09,Two Year,Cash,4,32.94,No
C01127,28.0,Male,Galle,13,27774.65,106879.56,Month-to-Month,Bank Transfer,15,45.21,No
C01128,53.0,Male,Kandy,41,6866.65,1284474.0,One Year,Cash,6,14.96,No
C01129,30.0,Male,Colombo,66,46777.59,1735198.29,One Year,Online Payment,12,59.4,Yes
C01130,60.0,Female,Kurunegala,24,15296.0,896065.62,Month-to-Month,Cash,11,268.19,Yes
C01131,20.0,Male,Negombo,44,44038.65,1627595.17,One Year,Online Payment,6,195.41,No
C01132,50.0,Male,Jaffna,60,14870.75,2860438.83,One Year,Credit Card,13,221.92,No
C01133,23.0,Male,Colombo,9,40496.57,938753.51,One Year,Online Payment,13,186.88,No
C01134,67.0,Female,Jaffna,2,11259.69,931733.96,Month-to-Month,Online Payment,6,116.58,Yes
C01135,27.0,Female,Negombo,56,15346.68,1450889.85,Two Year,Cash,2,65.84,No
C01136,22.0,Male,Colombo,30,10431.29,1548372.43,One Year,Bank Transfer,8,277.76,No
C01137,40.0,Female,Galle,22,13948.73,9090.95,One Year,Cash,5,154.93,Yes
C01138,27.0,Male,Kurunegala,13,41908.42,1849546.02,Two Year,Credit Card,15,144.85,No
C01139,61.0,Male,Kurunegala,71,32312.59,2992085.26,One Year,Credit Card,10,298.84,No
C01140,19.0,Male,Kandy,16,20888.1,879564.11,One Year,Credit Card,11,115.8,Yes
C01141,30.0,Male,Colombo,45,48604.53,1894276.09,Two Year,Bank Transfer,10,256.38,No
C01142,57.0,Female,Negombo,65,23778.21,18841.86,Month-to-Month,Cash,9,258.84,No
C01143,19.0,Female,,11,48518.24,1814958.2,Month-to-Month,Online Payment,10,70.57,No
C01144,37.0,Female,Jaffna,70,10632.76,1343969.59,One Year,Online Payment,7,29.36,Yes
C01145,18.0,Female,Batticaloa,20,45327.28,1593227.99,One Year,Bank Transfer,13,292.71,No
C01146,54.0,Male,Colombo,63,1677.29,1633995.38,Two Year,Credit Card,14,128.34,Yes
C01147,26.0,Female,Kurunegala,12,27719.86,534974.14,Two Year,Bank Transfer,13,1.66,No
C01148,34.0,Male,Kurunegala,62,21729.57,2311054.53,One Year,Online Payment,0,150.21,No
C01149,26.0,Female,Kurunegala,42,26729.3,1668631.51,One Year,Credit Card,3,186.17,No
C01150,28.0,Female,Galle,69,28118.8,814232.41,Month-to-Month,Bank Transfer,14,233.05,No
C01151,32.0,Female,Colombo,58,20062.54,2812457.73,Month-to-Month,Online Payment,14,282.94,Yes
C01152,41.0,Male,Kandy,5,49911.69,43257.26,Month-to-Month,Online Payment,6,274.64,No
C01153,55.0,Male,Colombo,27,48848.85,2179181.96,Month-to-Month,Bank Transfer,11,282.1,No
C01154,52.0,Male,Batticaloa,28,48125.52,1146799.38,Two Year,Online Payment,8,10.61,No
C01155,47.0,Male,Kurunegala,26,48975.17,1570021.77,Month-to-Month,Cash,11,213.82,No
C01156,48.0,Female,Jaffna,49,39857.61,878071.7,Month-to-Month,Cash,2,68.53,No
C01157,66.0,Male,Kurunegala,21,49440.93,967150.27,One Year,Credit Card,11,57.08,No
C01158,22.0,Male,Colombo,1,44725.65,50422.81,Month-to-Month,Cash,10,240.3,No
C01159,61.0,Female,Galle,58,21380.7,2190886.04,One Year,Cash,11,125.72,No
C01160,67.0,Female,Negombo,55,39454.08,2133841.24,One Year,Bank Transfer,5,275.06,No
C01161,31.0,Male,Colombo,26,45691.32,1964802.81,Month-to-Month,Credit Card,7,13.69,Yes
C01162,70.0,Female,Colombo,25,35917.7,2634462.29,Month-to-Month,Bank Transfer,10,240.85,No
C01163,28.0,Male,Kandy,33,21716.33,2704296.4,One Year,Bank Transfer,2,41.91,Yes
C01164,26.0,Female,Galle,72,4223.72,1671550.74,Two Year,Cash,15,53.8,Yes
C01165,51.0,Male,Batticaloa,69,40675.15,2056046.36,One Year,Cash,15,143.73,Yes
C01166,29.0,Male,Negombo,6,47684.4,37940.21,Two Year,Online Payment,5,119.28,Yes
C01167,52.0,Male,Kurunegala,23,18760.7,2539797.46,Two Year,Online Payment,8,146.37,No
C01168,52.0,Male,Jaffna,30,8443.4,2450158.21,Month-to-Month,Credit Card,8,282.07,No
C01169,18.0,Male,Colombo,54,16998.69,65644.61,Month-to-Month,Cash,5,197.56,No
C01170,57.0,Female,Batticaloa,11,29548.5,1630761.52,Month-to-Month,Online Payment,4,87.8,No
C01171,39.0,Male,Negombo,31,16529.52,2720433.43,Month-to-Month,Bank Transfer,0,52.7,No
C01172,46.0,Male,Jaffna,6,30920.32,548257.02,One Year,Cash,2,126.59,No
C01173,25.0,Male,Batticaloa,11,48375.76,1061171.54,Two Year,Credit Card,14,136.04,No
C01174,28.0,Male,Galle,12,33865.99,996505.77,One Year,Credit Card,2,180.79,No
C01175,58.0,Male,Galle,66,18770.31,1071041.72,Two Year,Bank Transfer,11,80.53,Yes
C01176,54.0,Female,Negombo,53,46851.9,130448.66,One Year,Online Payment,3,230.49,No
C01177,31.0,Female,Kurunegala,36,28716.13,840657.96,Two Year,Bank Transfer,4,30.44,No
C01178,47.0,Male,Jaffna,17,7290.25,888094.66,Month-to-Month,Online Payment,15,168.58,Yes
C01179,52.0,Female,Galle,28,25450.07,2598286.79,Two Year,Cash,10,187.44,No
C01180,38.0,Male,Negombo,22,33028.19,1059587.44,Month-to-Month,Credit Card,7,62.84,No
C01181,54.0,Female,Galle,7,42074.46,1344414.14,Two Year,Online Payment,12,247.98,Yes
C01182,22.0,Female,Galle,15,46887.36,1145310.49,One Year,Bank Transfer,10,185.01,No
C01183,36.0,Male,Batticaloa,11,16553.39,366416.98,Two Year,Cash,8,194.07,No
C01184,31.0,Female,Batticaloa,24,8620.11,2971118.49,One Year,Online Payment,11,149.83,Yes
C01185,43.0,Female,Galle,67,4617.6,2478346.45,One Year,Cash,13,272.97,No
C01186,21.0,Male,Kandy,30,37179.38,1625056.32,Month-to-Month,Cash,13,208.48,No
C01187,42.0,Male,Batticaloa,70,39962.75,1431711.66,Two Year,Bank Transfer,6,115.17,No
C01188,62.0,Female,Jaffna,66,21059.28,1949517.9,One Year,Bank Transfer,12,72.34,No
C01189,59.0,Female,Negombo,61,20400.34,982661.29,Two Year,Cash,9,22.25,No
C01190,42.0,Female,Negombo,41,47757.61,155597.2,Month-to-Month,Cash,5,50.44,Yes
C01191,35.0,Male,Kurunegala,51,45917.38,1215928.86,Month-to-Month,Online Payment,14,297.81,No
C01192,57.0,Female,Jaffna,44,,2952012.84,Two Year,Bank Transfer,2,122.62,No
C01193,25.0,Female,Jaffna,13,39259.57,551128.68,One Year,Online Payment,8,269.71,No
C01194,56.0,Female,Jaffna,12,31512.32,1585477.35,One Year,Credit Card,9,52.0,No
C01195,57.0,Male,Kurunegala,9,8556.91,30521.58,One Year,Online Payment,0,128.18,No
C01196,31.0,Male,Jaffna,48,18481.78,370484.39,Two Year,Cash,8,288.2,No
C01197,49.0,Male,Colombo,49,9696.17,1763639.14,One Year,Credit Card,2,28.25,No
C01198,68.0,Male,Kurunegala,53,15462.65,895754.72,One Year,Online Payment,8,178.6,Yes
C01199,55.0,Female,Negombo,56,31149.76,2717525.04,One Year,Credit Card,15,275.83,No
C01200,50.0,Male,Colombo,40,19388.01,1221478.45,Month-to-Month,Bank Transfer,12,284.96,No
C01201,40.0,Female,Kurunegala,24,20308.92,628060.62,One Year,Online Payment,9,253.96,Yes
C01202,32.0,Female,Galle,72,27442.72,1639047.35,Two Year,Online Payment,0,256.92,No
C01203,50.0,Female,Galle,33,5273.98,2385946.04,Two Year,Bank Transfer,15,196.0,No
C01204,42.0,Female,Negombo,23,37201.07,63161.99,One Year,Online Payment,7,66.91,Yes
C01205,34.0,Male,Galle,54,20683.77,1519032.76,Two Year,Credit Card,5,219.47,Yes
C01206,50.0,Male,Jaffna,53,24539.46,2321412.54,Two Year,Bank Transfer,13,293.54,No
C01207,64.0,Male,Kurunegala,49,48740.69,315248.02,One Year,Credit Card,8,158.25,No
C01208,19.0,Male,Colombo,49,17873.98,2708881.56,Month-to-Month,Online Payment,3,78.95,Yes
C01209,31.0,Male,Jaffna,60,32762.73,797229.64,One Year,Online Payment,11,172.47,No
C01210,70.0,Female,Galle,65,20232.71,515957.81,Two Year,Online Payment,4,207.49,No
C01211,57.0,Male,Batticaloa,32,44819.85,1769821.94,Two Year,Online Payment,5,63.28,No
C01212,57.0,Male,Colombo,21,42491.06,529218.28,One Year,Credit Card,11,216.04,No
C01213,68.0,Male,Jaffna,18,12839.59,2040706.05,Two Year,Online Payment,8,176.64,No
C01214,56.0,Male,Kurunegala,60,34895.54,1472855.74,Month-to-Month,Bank Transfer,5,184.09,No
C01215,68.0,Female,Negombo,13,4193.43,334318.11,One Year,Bank Transfer,8,92.49,No
C01216,23.0,Female,Jaffna,24,48196.08,2737907.95,Two Year,Cash,1,47.42,Yes
C01217,23.0,Female,Batticaloa,30,18100.52,2021250.2,Month-to-Month,Bank Transfer,13,187.41,Yes
C01218,20.0,Female,Galle,2,41760.3,1640249.11,Two Year,Cash,3,176.28,No
C01219,24.0,Female,Colombo,25,16603.14,1126150.14,Month-to-Month,Bank Transfer,2,102.07,No
C01220,68.0,Male,Negombo,50,32005.77,408905.41,Two Year,Bank Transfer,3,89.47,Yes
C01221,25.0,Female,Colombo,14,49195.95,2124017.52,One Year,Online Payment,0,104.83,No
C01222,59.0,Female,Negombo,6,43960.74,2441899.18,Two Year,Bank Transfer,1,147.48,No
C01223,69.0,Female,Kurunegala,30,8857.93,381827.46,One Year,Online Payment,3,292.47,No
C01224,32.0,Male,Colombo,30,27826.93,1486230.04,Month-to-Month,Online Payment,9,229.31,Yes
C01225,64.0,Male,Galle,38,18078.06,1457114.33,Month-to-Month,Bank Transfer,3,255.67,No
C01226,46.0,Female,Kurunegala,58,22282.6,1052985.57,Two Year,Credit Card,4,152.19,No
C01227,50.0,Male,Kurunegala,41,17423.97,2369078.98,One Year,Online Payment,8,158.31,No
C01228,69.0,Male,Negombo,57,17462.0,303091.7,One Year,Bank Transfer,0,62.09,No
C01229,47.0,Female,Kandy,36,27585.11,619032.58,Month-to-Month,Credit Card,7,216.59,No
C01230,56.0,Male,Colombo,64,10406.24,9800.29,Month-to-Month,Bank Transfer,2,127.05,Yes
C01231,44.0,Male,Colombo,16,27332.38,1122091.24,Two Year,Bank Transfer,8,222.99,No
C01232,53.0,Male,Jaffna,72,14669.31,877078.61,Month-to-Month,Credit Card,15,123.31,Yes
C01233,46.0,Female,Negombo,14,15160.16,2601646.98,Month-to-Month,Bank Transfer,10,33.45,No
C01234,55.0,Female,Batticaloa,31,37198.65,2238701.68,One Year,Online Payment,7,52.74,No
C01235,50.0,Female,Kandy,66,2450.09,257994.23,One Year,Cash,7,243.66,No
C01236,54.0,Male,Galle,68,19666.34,2224162.97,One Year,Cash,8,78.33,No
C01237,44.0,Female,Jaffna,65,20969.18,2027823.66,Month-to-Month,Bank Transfer,14,80.04,No
C01238,50.0,Male,Kandy,55,24770.4,848764.2,Two Year,Cash,3,278.88,No
C01239,21.0,Male,Negombo,40,33781.54,51305.02,Two Year,Cash,15,197.63,Yes
C01240,39.0,Male,Kandy,25,19114.65,349911.39,Month-to-Month,Cash,15,35.18,No
C01241,19.0,Female,Kurunegala,25,11443.72,753573.55,Two Year,Online Payment,11,43.93,Yes
C01242,27.0,Female,Colombo,3,44358.77,2450783.99,Month-to-Month,Online Payment,4,82.44,Yes
C01243,22.0,Female,Kurunegala,69,49070.89,1398611.91,Two Year,Cash,11,178.6,No
C01244,27.0,Female,Colombo,26,1980.72,2755594.6,Month-to-Month,Credit Card,6,226.09,No
C01245,50.0,Male,Jaffna,40,27776.88,2368499.64,One Year,Credit Card,1,83.07,Yes
C01246,55.0,Female,Negombo,38,17743.42,864889.0,Two Year,Credit Card,6,261.32,No
C01247,30.0,Male,Negombo,38,14572.49,2536859.66,One Year,Online Payment,15,33.64,No
C01248,48.0,Female,COLOMBO,68,17449.61,354590.9,One Year,Online Payment,11,63.07,No
C01249,64.0,Female,Jaffna,7,32305.01,113171.97,Two Year,Online Payment,2,291.17,No
C01250,53.0,Female,Negombo,30,10345.08,1827571.67,Month-to-Month,Online Payment,5,41.29,No
C01251,62.0,Male,Batticaloa,19,,1028520.39,One Year,Cash,12,266.55,No
C01252,41.0,Male,Batticaloa,35,23839.61,991629.93,One Year,Online Payment,5,211.48,No
C01253,69.0,Male,Kurunegala,33,16953.26,2063188.52,Month-to-Month,Cash,5,22.85,No
C01254,32.0,Male,Colombo,33,38511.04,2551060.96,Month-to-Month,Credit Card,9,145.63,No
C01255,46.0,Male,Kandy,38,1800.99,969915.64,Two Year,Cash,14,156.17,No
C01256,-5.0,Female,Galle,10,22160.79,978416.4,Two Year,Credit Card,1,279.71,No
C01257,22.0,Male,Colombo,57,18409.88,1603883.86,Month-to-Month,Online Payment,8,126.91,Yes
C01258,46.0,Male,Jaffna,28,17572.29,1961284.89,One Year,Credit Card,7,134.58,No
C01259,64.0,Male,Negombo,38,17516.5,612702.86,Month-to-Month,Credit Card,6,34.63,Yes
C01260,21.0,Male,Colombo,16,2532.3,2738474.06,Two Year,Cash,10,192.11,Yes
C01261,29.0,Female,Galle,21,8453.7,1964977.49,One Year,Credit Card,13,64.06,No
C01262,62.0,Male,Galle,6,7952.37,1877359.63,One Year,Bank Transfer,11,24.18,No
C01263,19.0,Female,Batticaloa,41,49441.91,2713065.93,Two Year,Credit Card,11,299.08,Yes
C01264,44.0,Female,Jaffna,15,2086.12,2722258.92,One Year,Online Payment,15,81.62,No
C01265,48.0,Female,Colombo,3,9186.61,410972.61,Month-to-Month,Credit Card,14,43.17,No
C01266,68.0,Male,Kandy,43,48734.55,439501.13,Two Year,Bank Transfer,8,210.15,No
C01267,68.0,Female,Colombo,47,31784.57,2287036.35,One Year,Cash,3,246.68,No
C01268,53.0,Male,Batticaloa,14,23082.69,2870855.44,Two Year,Credit Card,14,20.16,No
C01269,53.0,Male,Kurunegala,66,4859.29,2001208.47,One Year,Bank Transfer,1,32.51,No
C01270,43.0,Male,Galle,29,33813.4,1236894.41,Month-to-Month,Online Payment,3,27.96,No
C01271,60.0,Male,Jaffna,4,7752.35,2052002.05,Two Year,Online Payment,13,15.04,No
C01272,44.0,Male,Jaffna,26,33888.12,690290.67,One Year,Cash,11,198.18,No
C01273,22.0,Female,Kandy,12,48979.65,2993909.07,Month-to-Month,Online Payment,9,176.91,No
C01274,37.0,Female,Jaffna,2,27066.66,1296100.23,Month-to-Month,Bank Transfer,10,199.18,No
C01275,28.0,Male,Batticaloa,17,11490.15,2795399.58,Month-to-Month,Credit Card,13,152.19,No
C01276,27.0,Female,Batticaloa,35,31638.9,1295240.17,One Year,Bank Transfer,2,245.43,Yes
C01277,57.0,Male,Batticaloa,10,26133.55,2784778.64,One Year,Cash,1,164.45,No
C01278,55.0,Female,Jaffna,43,27123.87,1010377.9,Month-to-Month,Credit Card,1,275.71,Yes
C01279,23.0,Female,Jaffna,21,24427.24,2282826.24,Month-to-Month,Bank Transfer,13,146.21,No
C01280,25.0,Female,Batticaloa,15,34013.29,2853251.03,Month-to-Month,Cash,7,237.41,Yes
C01281,40.0,Female,Jaffna,35,29025.32,1939712.13,Month-to-Month,Cash,12,122.8,No
C01282,64.0,Female,Jaffna,60,49362.76,2034307.85,Month-to-Month,Credit Card,4,131.13,No
C01283,43.0,Male,Galle,44,41467.31,313144.3,One Year,Credit Card,11,254.85,No
C01284,63.0,Male,Colombo,5,13970.22,1425288.74,Two Year,Online Payment,13,33.19,Yes
C01285,60.0,Female,Negombo,18,36562.07,2660832.44,Two Year,Online Payment,5,169.91,No
C01286,29.0,Male,Jaffna,21,11500.72,726524.96,Two Year,Credit Card,7,218.17,No
C01287,43.0,Female,,72,39334.97,2366147.23,One Year,Online Payment,6,225.38,No
C01288,30.0,Male,Kurunegala,51,8230.32,2028751.11,Two Year,Credit Card,6,177.86,No
C01289,57.0,Female,Negombo,41,24204.14,672842.96,Two Year,Online Payment,11,134.97,No
C01290,35.0,Female,Galle,24,39739.7,851959.66,Two Year,Bank Transfer,12,78.97,Yes
C01291,42.0,Female,Jaffna,24,14725.52,1285544.9,Two Year,Cash,6,272.92,No
C01292,50.0,Male,Batticaloa,38,42018.84,379762.0,Month-to-Month,Credit Card,11,111.57,No
C01293,64.0,Male,Negombo,44,32563.38,2740547.03,One Year,Credit Card,10,239.9,Yes
C01294,57.0,Female,Jaffna,57,20478.59,2219376.03,Two Year,Credit Card,15,10.47,No
C01295,60.0,Female,Kandy,59,21747.42,1098067.48,Month-to-Month,Bank Transfer,10,70.42,No
C01296,29.0,Male,Kurunegala,34,46373.59,902498.16,Two Year,Cash,6,104.33,No
C01297,61.0,Male,Batticaloa,23,11671.76,2070288.72,Two Year,Online Payment,7,201.8,Yes
C01298,53.0,Male,Kandy,43,34974.77,1275541.66,Two Year,Online Payment,0,96.48,No
C01299,65.0,Male,Kandy,40,35657.42,691863.03,Two Year,Cash,12,13.37,No
C01300,21.0,Male,Negombo,47,46200.03,1293301.51,Two Year,Online Payment,2,52.99,No
C01301,22.0,Female,Kandy,41,35945.05,2614534.46,Month-to-Month,Credit Card,14,78.49,No
C01302,54.0,Male,Galle,47,29638.9,210476.88,Two Year,Cash,0,53.64,No
C01303,25.0,Female,Galle,20,45223.6,1108232.95,Month-to-Month,Bank Transfer,7,61.91,No
C01304,59.0,Female,Negombo,65,41627.47,2887206.57,Two Year,Cash,1,230.92,No
C01305,66.0,Male,Jaffna,68,36122.05,49421.37,One Year,Credit Card,6,124.2,No
C01306,45.0,Male,Colombo,24,2596.34,2672467.75,Month-to-Month,Cash,5,122.15,No
C01307,48.0,Female,Jaffna,36,19302.5,1127626.93,Two Year,Bank Transfer,10,290.02,Yes
C01308,26.0,Male,Jaffna,45,31962.59,572607.02,Month-to-Month,Bank Transfer,0,134.56,No
C01309,68.0,Female,Jaffna,2,26590.28,49864.34,Two Year,Cash,11,278.37,No
C01310,46.0,Male,Jaffna,28,16646.6,216215.79,Two Year,Cash,14,90.42,No
C01311,31.0,Male,Batticaloa,26,8076.77,519670.88,Month-to-Month,Online Payment,5,120.79,No
C01312,57.0,Male,Colombo,23,28096.83,81100.67,Two Year,Online Payment,8,119.49,Yes
C01313,58.0,Female,Batticaloa,36,15009.96,1010870.35,Two Year,Credit Card,2,164.28,No
C01314,39.0,Male,Kandy,6,12417.02,139454.88,Two Year,Online Payment,11,175.69,No
C01315,28.0,Female,Kurunegala,35,20548.95,2078187.11,Two Year,Credit Card,6,75.19,Yes
C01316,40.0,Male,Jaffna,38,39489.08,2457626.81,Two Year,Credit Card,15,238.28,No
C01317,18.0,Female,Kurunegala,35,24904.82,2662954.45,Two Year,Cash,3,149.46,No
C01318,63.0,Male,Galle,53,11608.12,1649638.9,Month-to-Month,Online Payment,0,3.11,Yes
C01319,54.0,Female,Negombo,38,6728.25,2839796.08,One Year,Bank Transfer,6,177.81,No
C01320,38.0,Female,Negombo,59,25450.38,21908.12,Two Year,Bank Transfer,15,239.62,No
C01321,43.0,Female,Batticaloa,43,39923.95,406384.87,Month-to-Month,Cash,0,75.89,Yes
C01322,63.0,Female,Batticaloa,4,32988.08,883032.11,One Year,Bank Transfer,10,12.32,No
C01323,53.0,Female,Galle,5,12375.3,2368128.2,Month-to-Month,Bank Transfer,3,242.35,No
C01324,40.0,Female,Jaffna,68,22398.62,2656740.47,One Year,Cash,12,292.91,Yes
C01325,18.0,Male,Kurunegala,45,42906.29,1856312.68,One Year,Bank Transfer,14,23.89,No
C01326,68.0,Female,Kurunegala,25,9705.14,1152792.85,One Year,Cash,15,281.47,No
C01327,57.0,Female,Colombo,11,27071.95,1999207.58,Month-to-Month,Credit Card,8,108.42,No
C01328,32.0,Female,Kandy,29,18455.34,546793.62,One Year,Online Payment,4,282.49,No
C01329,38.0,Male,Negombo,34,7084.81,1376332.79,Two Year,Bank Transfer,6,195.0,No
C01330,64.0,Male,Kandy,14,3445.29,1525094.57,Two Year,Cash,12,267.18,No
C01331,26.0,Male,Colombo,24,28237.7,319089.31,One Year,Bank Transfer,6,235.96,No
C01332,70.0,Female,Batticaloa,59,2016.69,106448.62,One Year,Online Payment,14,9.37,No
C01333,26.0,Male,Kurunegala,39,6068.86,2251565.96,Two Year,Bank Transfer,11,20.57,No
C01334,27.0,Male,Negombo,26,18030.65,1606445.55,Month-to-Month,Credit Card,2,158.2,No
C01335,69.0,Female,Kandy,43,3132.49,1000054.91,Month-to-Month,Cash,12,39.76,No
C01336,70.0,Female,Batticaloa,36,20621.82,1314499.75,Two Year,Online Payment,10,138.85,No
C01337,43.0,Male,Colombo,39,7387.89,2873321.72,Month-to-Month,Credit Card,7,286.43,Yes
C01338,58.0,Female,Kandy,61,18143.78,1157816.75,Month-to-Month,Bank Transfer,0,89.13,Yes
C01339,52.0,Female,Kurunegala,16,39766.82,314920.28,One Year,Bank Transfer,3,147.18,Yes
C01340,69.0,Female,Jaffna,59,31691.85,1393488.53,Month-to-Month,Bank Transfer,9,115.89,No
C01341,42.0,Female,Batticaloa,6,22824.65,1945904.88,Two Year,Online Payment,3,189.32,No
C01342,43.0,Male,Colombo,56,5499.83,41278.78,Month-to-Month,Cash,1,58.96,Yes
C01343,28.0,Female,Kandy,8,31338.33,1000359.98,One Year,Online Payment,5,78.72,No
C01344,55.0,Male,Kurunegala,27,9021.77,1183575.69,Two Year,Credit Card,14,257.77,Yes
C01345,19.0,Male,Jaffna,71,4752.73,1393825.96,Two Year,Cash,0,243.59,Yes
C01346,24.0,Male,Jaffna,27,33535.8,908544.16,Two Year,Online Payment,2,236.97,No
C01347,35.0,Male,Colombo,46,45690.93,2002432.16,One Year,Bank Transfer,8,231.5,No
C01348,44.0,Female,Galle,41,23569.08,2834404.13,Two Year,Credit Card,11,138.37,Yes
C01349,51.0,Female,Kurunegala,25,3008.8,2742424.54,One Year,Bank Transfer,9,218.94,No
C01350,,Female,Kurunegala,18,-1000.0,1994858.28,One Year,Online Payment,5,116.77,No
C01351,34.0,Male,Negombo,12,4281.71,1523117.78,Month-to-Month,Credit Card,1,31.11,No
C01352,60.0,Male,Colombo,51,43508.15,2478316.3,Two Year,Cash,11,118.62,No
C01353,61.0,Male,Jaffna,39,20199.15,2508631.88,Month-to-Month,Cash,11,48.44,No
C01354,68.0,Female,Jaffna,10,18904.33,2489571.29,Month-to-Month,Online Payment,14,117.86,No
C01355,41.0,Male,Colombo,54,27597.07,477748.58,One Year,Online Payment,14,89.93,No
C01356,42.0,Female,Galle,29,47897.16,81169.86,Month-to-Month,Cash,8,180.15,No
C01357,24.0,Female,Negombo,41,45038.29,2949664.26,Month-to-Month,Cash,12,109.1,No
C01358,69.0,Female,Kandy,9,24046.17,2879164.32,Month-to-Month,Online Payment,1,211.97,No
C01359,23.0,Female,Colombo,63,35095.34,1695313.49,Two Year,Cash,11,154.13,No
C01360,70.0,Male,,37,29441.03,2979225.83,Month-to-Month,Credit Card,15,275.93,No
C01361,41.0,Female,Kurunegala,14,34979.62,2312788.4,One Year,Online Payment,6,28.22,No
C01362,50.0,Male,Negombo,72,41637.05,1554553.65,Two Year,Credit Card,14,206.63,No
C01363,66.0,Female,Batticaloa,39,2690.2,1171046.55,One Year,Bank Transfer,0,202.05,No
C01364,46.0,Male,Jaffna,40,16962.23,1780625.31,Two Year,Credit Card,4,285.24,Yes
C01365,60.0,Male,Kandy,54,48007.13,1549827.29,Two Year,Online Payment,6,112.09,No
C01366,39.0,Female,Colombo,3,47517.48,2981438.57,Two Year,Bank Transfer,2,92.33,No
C01367,43.0,Female,Jaffna,55,1549.82,1473928.65,One Year,Cash,3,52.55,No
C01368,45.0,Female,Batticaloa,33,10870.57,2508583.65,Month-to-Month,Credit Card,4,80.32,No
C01369,67.0,Male,Batticaloa,71,49694.73,2441803.35,Two Year,Credit Card,2,151.07,Yes
C01370,38.0,Female,Jaffna,19,25148.43,218861.79,One Year,Online Payment,14,251.48,No
C01371,66.0,Female,Galle,34,29070.43,265585.27,Two Year,Cash,5,86.0,Yes
C01372,24.0,Male,COLOMBO,50,9154.59,1981131.29,Month-to-Month,Online Payment,14,48.16,No
C01373,34.0,Female,Colombo,47,44822.44,781028.48,Two Year,Cash,2,82.37,No
C01374,37.0,Male,Colombo,46,12331.95,1974293.47,One Year,Online Payment,7,31.18,No
C01375,58.0,Female,Colombo,56,10292.73,438154.55,Two Year,Cash,6,278.08,No
C01376,66.0,Male,Jaffna,57,12178.0,1194219.34,One Year,Bank Transfer,0,261.91,No
C01377,37.0,Male,Kurunegala,51,46061.46,311898.45,Month-to-Month,Online Payment,1,93.24,Yes
C01378,39.0,Female,Galle,54,-1000.0,849868.77,Month-to-Month,Bank Transfer,3,74.85,No
C01379,45.0,Male,Kandy,28,38661.22,269454.28,Two Year,Online Payment,4,271.71,No
C01380,57.0,Female,Batticaloa,19,19474.78,2911883.07,Month-to-Month,Online Payment,13,1.53,No
C01381,66.0,Female,Jaffna,27,45549.67,1188200.01,One Year,Online Payment,13,180.57,No
C01382,24.0,Male,Kurunegala,48,39680.99,2704060.36,Two Year,Credit Card,10,274.89,No
C01383,18.0,Female,Kandy,19,37779.27,2913659.45,One Year,Online Payment,13,153.06,No
C01384,49.0,Male,Batticaloa,51,48576.07,2729140.17,Two Year,Cash,9,1.89,Yes
C01385,30.0,Male,Batticaloa,7,18943.64,1367604.19,One Year,Credit Card,10,66.44,Yes
C01386,47.0,Male,Galle,29,30937.71,2337797.41,Two Year,Cash,3,276.81,No
C01387,40.0,Male,Negombo,43,45586.56,465329.95,One Year,Cash,14,6.09,No
C01388,68.0,Male,Colombo,69,39753.56,289023.68,One Year,Cash,3,119.04,No
C01389,36.0,Male,Kandy,58,28605.57,2631319.9,Two Year,Cash,13,237.13,Yes
C01390,49.0,Male,Jaffna,8,4734.47,98204.84,One Year,Cash,8,251.59,No
C01391,47.0,Male,Kandy,42,32983.45,2917120.42,Month-to-Month,Bank Transfer,3,143.8,No
C01392,46.0,Female,Negombo,42,26801.22,2018040.97,One Year,Credit Card,3,70.51,No
C01393,66.0,Female,Colombo,13,10024.84,1261741.0,Two Year,Cash,3,180.31,No
C01394,62.0,Male,Kandy,26,44230.4,428419.1,Month-to-Month,Bank Transfer,15,79.87,No
C01395,46.0,Female,Negombo,18,17819.18,2171077.3,Month-to-Month,Bank Transfer,1,77.32,No
C01396,47.0,Female,Jaffna,42,19986.51,1691519.7,One Year,Cash,12,242.47,Yes
C01397,33.0,Female,Galle,51,33947.68,2134825.39,One Year,Online Payment,7,47.13,No
C01398,57.0,Female,Kurunegala,16,24951.14,1256677.01,One Year,Cash,12,2.65,No
C01399,36.0,Female,Batticaloa,3,5374.77,203448.95,Month-to-Month,Bank Transfer,13,101.7,No
C01400,35.0,Female,Jaffna,45,19984.64,948341.74,Month-to-Month,Cash,3,147.8,Yes
C01401,18.0,Male,Colombo,22,5628.84,948487.16,Month-to-Month,Bank Transfer,4,211.82,Yes
C01402,31.0,Female,Batticaloa,23,10346.77,30994.08,Two Year,Cash,15,234.55,No
C01403,68.0,Female,Kurunegala,59,1351.55,33695.14,Two Year,Bank Transfer,7,199.39,Yes
C01404,64.0,Female,Jaffna,62,9884.34,995621.07,One Year,Cash,13,188.33,No
C01405,67.0,Female,Jaffna,68,17191.92,2184232.04,Two Year,Online Payment,3,200.06,No
C01406,19.0,Male,Jaffna,54,27372.7,1874010.97,Two Year,Online Payment,4,82.19,No
C01407,45.0,Male,Jaffna,57,46044.58,720857.85,One Year,Bank Transfer,4,115.33,No
C01408,66.0,Male,Batticaloa,23,27476.02,1810274.14,One Year,Online Payment,5,185.31,No
C01409,67.0,Male,Colombo,60,35574.57,1943895.9,Month-to-Month,Online Payment,6,20.61,No
C01410,47.0,Female,Kurunegala,55,18526.18,1570096.92,Month-to-Month,Credit Card,2,89.3,No
C01411,55.0,Male,,63,37829.91,1566455.16,One Year,Cash,13,122.52,No
C01412,68.0,Male,Kandy,56,31402.97,1112394.88,One Year,Cash,9,160.5,No
C01413,21.0,Male,Galle,55,23529.91,374566.12,Two Year,Online Payment,10,146.46,No
C01414,18.0,Male,Kurunegala,25,10494.67,1159523.98,Two Year,Online Payment,2,215.72,No
C01415,25.0,Female,Kandy,26,15873.5,1039276.28,Two Year,Bank Transfer,12,142.55,No
C01416,46.0,Male,Kandy,49,31426.36,1777957.92,One Year,Cash,8,271.33,No
C01417,56.0,Female,Galle,63,21876.76,2569499.21,One Year,Credit Card,0,114.72,No
C01418,20.0,Male,Kurunegala,45,44579.94,1129248.62,Month-to-Month,Credit Card,14,158.09,No
C01419,49.0,Female,Batticaloa,39,12507.17,2130657.16,Two Year,Online Payment,9,1.96,Yes
C01420,27.0,Female,Colombo,65,4580.56,2436431.98,Month-to-Month,Bank Transfer,11,93.83,Yes
C01421,27.0,Male,Galle,69,29878.08,639195.78,One Year,Bank Transfer,12,260.11,No
C01422,36.0,Male,Colombo,56,44416.49,2705442.28,Two Year,Cash,7,100.74,No
C01423,63.0,Male,Batticaloa,9,18872.21,215982.59,Month-to-Month,Online Payment,9,76.7,No
C01424,51.0,Male,Kandy,70,32737.86,2705649.42,One Year,Online Payment,2,163.52,No
C01425,50.0,Female,Colombo,28,12339.22,495080.51,Month-to-Month,Bank Transfer,4,24.54,No
C01426,40.0,Female,Batticaloa,45,28365.12,1014822.96,Two Year,Credit Card,2,159.95,Yes
C01427,45.0,Male,Batticaloa,26,39552.81,1817679.48,Month-to-Month,Credit Card,9,91.8,No
C01428,49.0,Male,Negombo,28,43484.55,2717521.68,Month-to-Month,Cash,0,115.55,No
C01429,67.0,Female,Galle,40,6150.84,770825.81,One Year,Online Payment,9,237.62,No
C01430,24.0,Male,Negombo,15,18462.35,2291903.87,Two Year,Online Payment,13,198.93,No
C01431,150.0,Female,Kandy,6,32342.58,2132755.25,Month-to-Month,Credit Card,4,134.39,Yes
C01432,25.0,Male,Galle,27,2701.42,483327.74,One Year,Online Payment,7,173.68,Yes
C01433,18.0,Female,Kandy,38,34840.14,1440994.51,Two Year,Online Payment,4,230.29,Yes
C01434,20.0,Female,Negombo,68,26873.66,1447107.75,One Year,Bank Transfer,14,223.99,Yes
C01435,41.0,Female,Kurunegala,64,15139.75,917312.38,Two Year,Cash,3,56.41,No
C01436,40.0,Female,Batticaloa,30,40918.07,2340864.34,One Year,Cash,8,90.97,No
C01437,25.0,Female,Kandy,3,15212.48,2778171.89,One Year,Cash,12,105.12,No
C01438,64.0,Male,Galle,62,49579.34,2151134.51,One Year,Bank Transfer,0,57.08,No
C01439,54.0,Female,Galle,12,41002.14,2918999.43,Month-to-Month,Cash,4,4.64,No
C01440,20.0,Male,Kandy,30,35691.04,156153.07,Month-to-Month,Cash,0,53.02,No
C01441,68.0,Female,Galle,38,4006.03,116481.94,One Year,Credit Card,14,242.67,Yes
C01442,50.0,Female,Batticaloa,60,45311.21,2682106.74,Two Year,Credit Card,5,164.23,No
C01443,45.0,Male,Kurunegala,38,39712.71,2693912.11,One Year,Cash,14,103.16,No
C01444,64.0,Male,Batticaloa,15,12222.23,325826.75,Month-to-Month,Bank Transfer,9,182.89,No
C01445,25.0,Male,Galle,18,20220.16,1075550.92,Two Year,Bank Transfer,8,222.21,Yes
C01446,51.0,Male,Kandy,52,14162.95,2507006.76,Month-to-Month,Bank Transfer,10,106.97,No
C01447,52.0,Female,Negombo,29,49236.39,389979.33,One Year,Online Payment,13,140.36,Yes
C01448,49.0,Male,Galle,60,42855.63,805947.08,Month-to-Month,Online Payment,1,20.2,No
C01449,41.0,Female,Galle,21,46581.04,2044583.13,Month-to-Month,Bank Transfer,12,179.53,No
C01450,31.0,Male,Galle,17,39649.94,2945787.67,Month-to-Month,Credit Card,12,107.57,No
C01451,49.0,Male,Galle,18,23361.06,2392430.83,One Year,Online Payment,3,130.62,Yes
C01452,63.0,Female,Kandy,57,11066.28,2333066.28,Month-to-Month,Bank Transfer,7,127.36,Yes
C01453,60.0,Female,Negombo,37,11195.93,1031274.68,One Year,Online Payment,13,190.09,No
C01454,33.0,Male,Negombo,60,8432.46,1985722.5,One Year,Online Payment,15,172.17,No
C01455,21.0,Female,Colombo,38,27785.83,343699.43,Month-to-Month,Online Payment,2,127.21,No
C01456,69.0,Female,Galle,12,46078.36,2976839.76,Two Year,Online Payment,13,6.07,No
C01457,54.0,Female,Galle,1,49598.11,1444350.03,Month-to-Month,Bank Transfer,6,186.67,No
C01458,38.0,Female,Colombo,58,15077.69,1918229.57,Month-to-Month,Online Payment,11,263.99,Yes
C01459,31.0,Female,Negombo,3,35168.41,2629134.84,Month-to-Month,Cash,6,231.1,No
C01460,48.0,Female,Jaffna,63,30257.8,7890.06,Two Year,Bank Transfer,13,294.5,No
C01461,65.0,Female,Batticaloa,21,24957.87,2928067.37,Two Year,Bank Transfer,14,42.58,No
C01462,35.0,Female,Jaffna,23,33622.66,1080682.14,One Year,Bank Transfer,1,67.53,No
C01463,24.0,Male,Negombo,9,19196.79,1022074.27,Two Year,Online Payment,11,162.24,No
C01464,27.0,Female,Kurunegala,55,47279.75,439464.69,Two Year,Bank Transfer,9,71.53,Yes
C01465,24.0,Male,Galle,19,35566.99,2575262.31,Month-to-Month,Credit Card,3,11.33,No
C01466,50.0,Female,Jaffna,62,37955.85,2613164.41,One Year,Cash,0,121.28,Yes
C01467,40.0,Female,Kandy,39,12878.68,64867.05,One Year,Credit Card,7,87.01,No
C01468,38.0,Female,Kandy,27,9260.52,171897.04,Two Year,Cash,9,79.86,No
C01469,36.0,Female,Colombo,46,20322.7,2755433.27,Two Year,Cash,9,286.0,No
C01470,65.0,Male,Negombo,34,38566.95,372990.06,Month-to-Month,Online Payment,8,72.3,No
C01471,36.0,Male,Negombo,33,47001.0,1864677.75,Two Year,Cash,0,39.7,No
C01472,53.0,Female,Jaffna,50,21939.16,1860853.1,Two Year,Cash,15,38.47,No
C01473,46.0,Male,Galle,20,38933.68,2609842.35,One Year,Credit Card,10,242.09,No
C01474,35.0,Female,Negombo,40,24049.97,1720099.05,Two Year,Cash,6,214.74,Yes
C01475,19.0,Female,Jaffna,58,15466.18,1304864.18,Month-to-Month,Bank Transfer,0,39.72,No
C01476,18.0,Male,Jaffna,31,37223.99,2923270.44,One Year,Bank Transfer,11,66.71,Yes
C01477,64.0,Male,Batticaloa,38,40111.9,690302.35,One Year,Cash,0,224.46,Yes
C01478,22.0,Female,Batticaloa,45,10939.2,791840.46,Two Year,Bank Transfer,8,83.11,No
C01479,37.0,Female,Negombo,41,15953.31,258885.12,Month-to-Month,Online Payment,9,294.48,Yes
C01480,28.0,Male,Jaffna,9,25244.07,2926073.87,One Year,Bank Transfer,9,162.63,No
C01481,59.0,Female,Colombo,9,10139.57,2120548.83,Month-to-Month,Online Payment,5,58.41,No
C01482,19.0,Male,Colombo,63,46512.88,41230.78,Month-to-Month,Cash,0,257.78,Yes
C01483,20.0,Female,Batticaloa,22,29975.36,2114420.51,Two Year,Online Payment,15,96.52,Yes
C01484,40.0,Female,Negombo,16,6938.96,1215387.65,Month-to-Month,Online Payment,6,87.35,No
C01485,29.0,Male,Galle,32,10017.46,2902811.33,One Year,Cash,2,98.9,No
C01486,37.0,Male,Kurunegala,66,47763.41,835775.57,Two Year,Cash,9,230.69,No
C01487,22.0,Male,Colombo,14,37170.26,2132307.58,One Year,Online Payment,3,52.79,No
C01488,54.0,Female,Colombo,38,36985.85,1884165.28,Month-to-Month,Credit Card,13,115.15,No
C01489,55.0,Female,Batticaloa,8,4552.43,41089.67,Month-to-Month,Cash,3,10.22,No
C01490,47.0,Female,Batticaloa,21,44869.64,2656224.7,Two Year,Cash,7,248.16,No
C01491,26.0,Female,Negombo,56,22743.03,423139.92,Two Year,Credit Card,15,102.87,Yes
C01492,51.0,Male,Batticaloa,46,33326.15,1992448.39,One Year,Bank Transfer,0,75.2,No
C01493,70.0,Female,Kandy,43,48024.77,2327767.61,One Year,Credit Card,7,174.39,Yes
C01494,61.0,Female,Kurunegala,46,5900.61,1894628.3,Month-to-Month,Bank Transfer,8,211.79,No
C01495,52.0,Female,Jaffna,48,24631.55,295856.03,Two Year,Credit Card,10,244.06,No
C01496,69.0,Male,Colombo,70,3431.02,2925661.51,Month-to-Month,Online Payment,6,104.99,No
C01497,39.0,Female,Kandy,31,25477.73,714269.65,Month-to-Month,Cash,0,243.88,Yes
C01498,61.0,Female,Galle,33,13360.71,1885454.99,One Year,Credit Card,14,140.0,No
C01499,41.0,Male,Kandy,44,45642.21,2392548.28,One Year,Cash,6,31.24,Yes
C01500,34.0,Female,Negombo,71,20526.13,2818011.85,One Year,Bank Transfer,5,254.05,No
C01501,27.0,Female,Galle,8,32059.75,1814011.54,Two Year,Online Payment,4,164.74,No
C01502,47.0,Male,Galle,2,43154.08,780867.18,One Year,Cash,4,181.14,No
C01503,63.0,Female,Batticaloa,17,-1000.0,2510733.86,Two Year,Credit Card,0,281.31,No
C01504,40.0,Female,Kandy,52,25687.15,493843.8,Month-to-Month,Credit Card,5,168.19,No
C01505,49.0,Female,Negombo,45,23332.13,71735.87,Two Year,Online Payment,12,2.67,No
C01506,34.0,Male,Colombo,37,4711.24,2724905.83,One Year,Bank Transfer,14,261.31,No
C01507,67.0,Female,Kurunegala,42,1624.21,1728289.93,Two Year,Online Payment,3,86.14,Yes
C01508,68.0,Female,Batticaloa,44,30831.3,213576.26,Two Year,Online Payment,13,151.03,No
C01509,34.0,Male,Kandy,38,4207.75,1741289.51,One Year,Cash,13,62.26,No
C01510,31.0,Male,Colombo,6,19638.57,439317.43,One Year,Bank Transfer,0,89.8,No
C01511,26.0,Female,Kandy,68,1176.72,99001.09,Month-to-Month,Online Payment,11,206.31,Yes
C01512,57.0,Female,Batticaloa,51,31146.15,353989.52,Two Year,Cash,7,129.44,No
C01513,19.0,Female,Colombo,35,21845.34,2326446.75,Month-to-Month,Cash,7,188.51,No
C01514,62.0,Female,Batticaloa,58,7224.02,2268204.41,Month-to-Month,Bank Transfer,14,247.25,No
C01515,42.0,Male,Kandy,57,15522.01,1814932.81,Two Year,Bank Transfer,11,102.91,No
C01516,56.0,Female,Galle,6,28913.37,631938.23,Month-to-Month,Cash,12,170.93,No
C01517,26.0,Male,Kurunegala,13,33178.96,2218206.36,Two Year,Bank Transfer,10,233.5,No
C01518,39.0,Male,Jaffna,59,23654.46,1227095.58,Month-to-Month,Cash,3,214.82,No
C01519,60.0,Female,Kurunegala,30,40394.0,1534707.08,Month-to-Month,Bank Transfer,12,162.41,No
C01520,63.0,Female,Galle,2,6509.58,2693433.88,Two Year,Bank Transfer,6,115.63,No
C01521,21.0,Male,Batticaloa,58,5142.74,1376283.28,One Year,Bank Transfer,2,122.84,No
C01522,43.0,Male,Kurunegala,36,3167.97,1880966.63,Two Year,Credit Card,7,130.51,No
C01523,46.0,Female,Batticaloa,72,27255.56,2885445.72,One Year,Bank Transfer,6,105.3,No
C01524,62.0,Male,Batticaloa,45,35605.35,1356912.75,Two Year,Credit Card,13,210.02,No
C01525,51.0,Female,Colombo,9,7395.55,1684380.06,Two Year,Cash,4,38.5,No
C01526,40.0,Female,Negombo,65,32308.34,1755321.8,One Year,Online Payment,15,290.27,No
C01527,54.0,Male,Batticaloa,50,24370.44,725931.12,One Year,Online Payment,4,233.92,Yes
C01528,28.0,Male,Kurunegala,32,49379.88,2212081.58,Two Year,Online Payment,8,90.15,No
C01529,23.0,Female,Kurunegala,43,36156.21,2181277.9,Two Year,Cash,5,13.72,Yes
C01530,35.0,Male,Kurunegala,54,33216.19,644602.44,Two Year,Bank Transfer,14,213.68,Yes
C01531,38.0,Female,Galle,47,28952.04,44947.44,One Year,Credit Card,5,220.57,Yes
C01532,59.0,Female,Jaffna,14,49870.94,2996830.0,Two Year,Cash,1,289.12,No
C01533,53.0,Female,Batticaloa,48,49042.5,1746855.26,One Year,Online Payment,10,76.86,No
C01534,58.0,Male,Batticaloa,55,27367.64,547190.97,Month-to-Month,Online Payment,15,25.73,No
C01535,55.0,Female,Batticaloa,29,23303.98,854278.62,One Year,Online Payment,4,274.63,No
C01536,51.0,Female,Colombo,47,23643.63,1855287.17,Month-to-Month,Online Payment,11,78.34,No
C01537,34.0,Female,Batticaloa,63,21988.78,417158.67,Two Year,Credit Card,3,216.74,No
C01538,54.0,Female,Galle,19,27038.52,116655.51,Two Year,Online Payment,9,19.14,No
C01539,42.0,Female,Kandy,9,14405.63,2396447.1,One Year,Credit Card,14,228.41,No
C01540,55.0,Female,Negombo,37,46412.65,2148959.5,Month-to-Month,Online Payment,2,38.98,No
C01541,29.0,Female,Kurunegala,52,25021.27,932256.94,Two Year,Cash,8,208.98,No
C01542,40.0,Female,Batticaloa,57,42258.38,180181.68,Two Year,Credit Card,10,160.17,Yes
C01543,70.0,Female,Colombo,28,24289.88,1461381.38,Month-to-Month,Credit Card,11,286.69,Yes
C01544,59.0,Female,Galle,36,36196.22,832177.94,Two Year,Cash,6,12.04,Yes
C01545,39.0,Female,Batticaloa,64,17507.22,1196348.76,Two Year,Online Payment,14,88.32,No
C01546,38.0,Male,Colombo,18,31615.54,825538.19,One Year,Online Payment,3,21.78,No
C01547,44.0,Female,Kandy,35,25420.2,529926.52,Two Year,Bank Transfer,8,263.88,No
C01548,48.0,Female,Jaffna,68,18988.6,1164034.41,Month-to-Month,Bank Transfer,8,178.58,No
C01549,,Female,Batticaloa,39,44196.26,2894857.9,Two Year,Credit Card,11,160.96,No
C01550,44.0,Male,Galle,8,6522.87,802352.46,One Year,Bank Transfer,14,40.31,No
C01551,57.0,Female,Colombo,15,24859.23,1011220.1,Two Year,Cash,6,147.22,No
C01552,51.0,Male,Colombo,7,10524.08,991079.89,Month-to-Month,Cash,4,120.21,No
C01553,29.0,Female,Batticaloa,17,43191.7,1443465.02,Two Year,Cash,12,95.41,No
C01554,62.0,Female,Colombo,64,13420.0,2531299.09,Month-to-Month,Credit Card,8,231.88,No
C01555,70.0,Male,Jaffna,12,32038.09,1209357.16,One Year,Cash,13,19.32,No
C01556,24.0,Female,Colombo,56,9112.61,2419413.15,Two Year,Credit Card,12,194.36,No
C01557,27.0,Male,Kurunegala,46,20840.77,349461.27,Two Year,Credit Card,6,247.07,No
C01558,62.0,Male,Negombo,47,45068.5,2685247.08,One Year,Cash,8,272.28,Yes
C01559,34.0,Female,Kurunegala,16,9137.16,559985.73,Month-to-Month,Cash,10,224.03,Yes
C01560,43.0,Female,Negombo,69,33496.6,122408.49,Month-to-Month,Credit Card,2,85.45,Yes
C01561,38.0,Female,Colombo,2,11021.01,479271.67,Two Year,Cash,10,180.55,No
C01562,45.0,Female,Batticaloa,54,21371.7,576295.62,Month-to-Month,Bank Transfer,8,43.28,No
C01563,63.0,Male,Negombo,27,27490.23,1527969.86,Month-to-Month,Credit Card,0,36.0,No
C01564,19.0,Male,Galle,31,29288.01,1352565.19,Two Year,Online Payment,15,191.95,No
C01565,60.0,Female,Negombo,41,30523.06,2149043.88,Month-to-Month,Credit Card,4,255.48,No
C01566,18.0,Male,Kurunegala,36,32366.44,157598.5,Month-to-Month,Cash,12,21.11,Yes
C01567,68.0,Male,Colombo,47,14316.67,1495630.22,Two Year,Cash,12,32.7,No
C01568,70.0,Female,Batticaloa,43,20667.01,1000751.32,Two Year,Credit Card,1,170.12,No
C01569,53.0,Male,Kandy,65,2828.61,1893965.46,Month-to-Month,Credit Card,0,66.25,No
C01570,68.0,Male,Batticaloa,50,38669.09,135880.67,Two Year,Online Payment,13,183.93,No
C01571,43.0,Female,Batticaloa,1,42017.88,109629.75,Month-to-Month,Online Payment,2,65.15,Yes
C01572,46.0,Male,Batticaloa,72,10762.6,1284618.55,Month-to-Month,Credit Card,6,35.83,Yes
C01573,38.0,Female,Galle,57,10870.75,2434961.74,Month-to-Month,Cash,14,164.13,No
C01574,28.0,Male,Jaffna,16,3059.78,2014926.72,Month-to-Month,Credit Card,2,258.8,No
C01575,57.0,Female,Kurunegala,28,48548.81,55034.75,Two Year,Bank Transfer,9,205.85,No
C01576,28.0,Male,Colombo,22,40552.14,539523.92,Two Year,Bank Transfer,9,245.8,No
C01577,53.0,Male,Jaffna,41,18674.46,684060.74,One Year,Cash,10,80.63,No
C01578,66.0,Female,Kandy,19,24613.51,1272061.49,Two Year,Credit Card,8,265.91,No
C01579,56.0,Female,Jaffna,50,15306.38,1762213.47,One Year,Credit Card,2,113.73,No
C01580,57.0,Female,Jaffna ,59,30264.95,653298.22,Month-to-Month,Bank Transfer,10,255.88,No
C01581,52.0,Female,Kurunegala,69,36148.11,1150630.1,Two Year,Credit Card,5,141.88,No
C01582,,Male,Kurunegala,34,22921.06,1753910.47,Month-to-Month,Cash,14,81.09,Yes
C01583,64.0,Male,Colombo,39,43806.12,1153388.74,One Year,Cash,1,78.82,No
C01584,41.0,Male,Kandy,7,26334.27,433792.42,Two Year,Online Payment,7,170.73,No
C01585,39.0,Female,Colombo,52,8068.41,1477525.07,Two Year,Cash,9,24.62,No
C01586,22.0,Male,Kandy,60,31492.28,975362.62,Two Year,Credit Card,14,279.09,No
C01587,50.0,Male,Kandy,52,23649.32,2593244.15,Two Year,Credit Card,4,82.17,No
C01588,53.0,Female,Colombo,24,46847.92,2327996.6,Month-to-Month,Bank Transfer,1,101.35,Yes
C01589,64.0,Female,Negombo,26,20202.8,574873.9,Two Year,Bank Transfer,13,70.76,No
C01590,37.0,Male,Kurunegala,10,20740.42,462144.2,One Year,Cash,13,1.9,No
C01591,36.0,Female,Kandy,17,32887.9,1046291.64,Two Year,Online Payment,6,208.07,No
C01592,52.0,Male,Colombo,2,26822.32,1239462.63,One Year,Credit Card,2,177.58,Yes
C01593,69.0,Male,Negombo,27,19348.04,2796394.36,One Year,Online Payment,13,243.08,No
C01594,,Female,Kurunegala,71,49498.95,908354.11,Month-to-Month,Credit Card,4,13.26,No
C01595,34.0,Male,Kandy,48,15807.09,2603415.14,Two Year,Cash,10,278.67,No
C01596,62.0,Female,Kurunegala,9,14598.91,1518401.29,One Year,Cash,8,99.94,Yes
C01597,60.0,Female,Negombo,23,43356.95,2657443.06,Two Year,Bank Transfer,15,274.01,No
C01598,51.0,Male,Kurunegala,71,1165.27,2107351.56,Month-to-Month,Online Payment,0,33.03,Yes
C01599,26.0,Male,Galle,27,10861.4,2126624.96,Month-to-Month,Bank Transfer,14,223.43,No
C01600,43.0,Male,Batticaloa,71,29931.89,1558798.48,Two Year,Cash,1,174.23,No
C01601,19.0,Female,Galle,43,8960.08,2521710.6,One Year,Online Payment,15,108.1,No
C01602,70.0,Male,Negombo,7,49304.39,767002.29,Month-to-Month,Credit Card,4,24.66,No
C01603,26.0,Female,Kandy,63,23745.59,2722517.06,One Year,Bank Transfer,13,181.82,No
C01604,26.0,Female,Colombo,44,30270.84,1912143.69,One Year,Cash,3,8.91,No
C01605,57.0,Male,Jaffna,39,8858.3,1318933.16,Two Year,Credit Card,0,150.88,Yes
C01606,34.0,Female,Colombo,40,15179.53,2946658.76,Month-to-Month,Cash,13,181.66,No
C01607,18.0,Male,Kurunegala,7,31116.61,2586732.25,Two Year,Credit Card,15,220.02,No
C01608,42.0,Male,Jaffna,70,27928.12,2317202.93,Two Year,Bank Transfer,6,297.41,No
C01609,60.0,Male,Jaffna,25,39433.83,825337.9,Two Year,Credit Card,8,78.77,No
C01610,57.0,Male,Kurunegala,59,14192.43,2921353.4,One Year,Online Payment,0,97.39,No
C01611,59.0,Male,Kurunegala,13,33023.57,2230247.57,Two Year,Credit Card,7,103.0,No
C01612,42.0,Male,Kandy,62,15257.8,1817625.77,Month-to-Month,Cash,8,219.74,No
C01613,56.0,Male,Negombo,8,29750.88,2765788.69,One Year,Credit Card,1,279.61,Yes
C01614,52.0,Female,Colombo,45,30646.52,490734.14,Two Year,Bank Transfer,12,292.32,No
C01615,20.0,Male,Negombo,18,6970.12,421353.08,Month-to-Month,Cash,0,283.8,No
C01616,67.0,Female,Galle,60,27883.02,1693321.68,Two Year,Cash,5,263.94,No
C01617,54.0,Female,Kandy,60,1584.98,174857.22,Two Year,Cash,13,297.3,No
C01618,61.0,Female,Kandy,2,25559.33,1993640.65,Two Year,Cash,6,113.41,No
C01619,61.0,Male,Galle,66,35178.57,726019.71,One Year,Online Payment,1,284.55,Yes
C01620,68.0,Female,Colombo,14,4568.8,361484.6,Two Year,Cash,4,228.54,No
C01621,47.0,Female,Batticaloa,48,46996.83,1231440.07,Month-to-Month,Cash,15,51.37,Yes
C01622,55.0,Male,,56,23479.02,1400519.13,Two Year,Cash,4,14.59,No
C01623,51.0,Male,Colombo,12,46982.4,515602.17,Two Year,Bank Transfer,6,65.13,No
C01624,29.0,Female,Jaffna,55,6262.52,129398.14,One Year,Bank Transfer,11,233.85,No
C01625,36.0,Male,Kurunegala,28,47545.23,1245096.5,Two Year,Cash,10,189.88,Yes
C01626,54.0,Male,Kandy,4,6350.66,2279781.38,Month-to-Month,Online Payment,0,68.08,Yes
C01627,61.0,Male,Colombo,36,23613.29,2623228.31,Month-to-Month,Credit Card,9,222.83,No
C01628,66.0,Male,Negombo,50,46961.61,297157.14,Two Year,Online Payment,7,43.26,No
C01629,34.0,Female,Kurunegala,3,12402.7,1576403.01,Month-to-Month,Cash,4,246.73,No
C01630,27.0,Male,Negombo,1,2704.46,793891.95,Month-to-Month,Cash,11,238.45,Yes
C01631,66.0,Male,Kurunegala,17,39862.42,1127028.44,Two Year,Online Payment,2,291.8,No
C01632,64.0,Male,Kandy,71,30198.3,2800658.28,Month-to-Month,Cash,12,45.93,No
C01633,29.0,Female,Galle,62,26182.14,1059463.94,Month-to-Month,Credit Card,15,272.08,No
C01634,33.0,Female,Batticaloa,48,2682.83,1099211.06,Two Year,Bank Transfer,12,102.99,No
C01635,41.0,Male,Galle,62,33008.33,632140.5,One Year,Credit Card,8,125.4,No
C01636,36.0,Male,Colombo,69,9409.54,2880255.16,One Year,Credit Card,10,141.07,No
C01637,25.0,Female,Galle,19,46628.64,1372179.63,Two Year,Credit Card,2,188.44,No
C01638,48.0,Male,Kandy,34,34600.62,1713324.44,One Year,Online Payment,6,298.43,No
C01639,38.0,Male,Colombo,49,35644.66,1362238.44,One Year,Online Payment,9,180.39,No
C01640,34.0,Female,Jaffna,47,12396.43,762492.63,One Year,Credit Card,11,278.09,Yes
C01641,40.0,Male,Galle,50,44156.94,2432185.78,One Year,Online Payment,6,77.25,Yes
C01642,54.0,Male,Galle,26,27348.9,90271.32,Two Year,Cash,13,120.13,Yes
C01643,33.0,Female,Batticaloa,56,42997.12,2072279.07,One Year,Bank Transfer,9,151.85,No
C01644,23.0,Female,Colombo,14,14276.43,1784847.07,One Year,Online Payment,11,97.55,Yes
C01645,25.0,Male,Negombo,25,38017.62,437120.55,Two Year,Online Payment,7,293.08,No
C01646,42.0,Female,Galle,4,29153.78,501885.61,Two Year,Credit Card,14,217.98,No
C01647,35.0,Male,Kandy,32,3372.55,1979380.64,One Year,Bank Transfer,9,144.19,Yes
C01648,42.0,Male,Galle,65,20861.77,939855.68,Month-to-Month,Cash,15,225.64,No
C01649,29.0,Male,Batticaloa,61,10011.61,800885.54,Two Year,Cash,7,140.77,No
C01650,32.0,Female,Jaffna,20,18599.51,182172.51,Two Year,Bank Transfer,3,6.15,Yes
C01651,43.0,Female,,10,19784.23,2300616.85,One Year,Cash,15,163.41,Yes
C01652,58.0,Male,Galle,34,24271.49,2648602.45,Month-to-Month,Bank Transfer,13,187.93,No
C01653,-5.0,Male,Negombo,61,30414.23,2460433.83,Two Year,Credit Card,0,294.38,Yes
C01654,43.0,Female,Kurunegala,27,28977.9,1400772.19,Two Year,Cash,3,13.2,No
C01655,64.0,Female,Galle,40,2910.58,1604199.44,Two Year,Cash,5,154.12,Yes
C01656,49.0,Female,Colombo,65,37783.77,730617.2,Month-to-Month,Bank Transfer,15,30.35,No
C01657,27.0,Male,Galle,33,47510.01,522699.94,Two Year,Cash,9,45.55,No
C01658,33.0,Female,Negombo,68,18085.38,2469888.52,Two Year,Online Payment,10,183.53,Yes
C01659,24.0,Female,Colombo,71,9807.6,2396040.76,Month-to-Month,Credit Card,12,70.24,Yes
C01660,34.0,Male,Kandy,9,27460.08,2333192.69,Two Year,Cash,5,225.0,Yes
C01661,40.0,Male,Colombo,16,35540.73,1392761.12,Month-to-Month,Cash,5,154.75,No
C01662,43.0,Male,Batticaloa,5,34266.34,2594200.74,Month-to-Month,Cash,13,66.25,No
C01663,38.0,Female,Jaffna,23,30993.37,2779065.05,Month-to-Month,Bank Transfer,11,148.64,Yes
C01664,39.0,Male,Batticaloa,43,8165.38,988391.31,One Year,Credit Card,6,1.26,No
C01665,24.0,Male,Kurunegala,57,42004.42,677960.0,Two Year,Credit Card,11,258.96,No
C01666,31.0,Male,Colombo,51,21855.46,1395467.78,Two Year,Cash,10,4.79,No
C01667,32.0,Male,Kandy,13,11851.96,542082.44,Two Year,Cash,0,3.1,No
C01668,70.0,Female,Galle,24,5227.04,2652588.64,Month-to-Month,Bank Transfer,15,183.84,No
C01669,24.0,Male,Colombo,11,21419.24,1017281.55,One Year,Credit Card,9,292.08,No
C01670,26.0,Female,Batticaloa,52,31280.68,1730634.5,Month-to-Month,Online Payment,0,256.92,No
C01671,68.0,Female,Colombo,17,33603.51,1786184.89,Two Year,Cash,15,76.35,Yes
C01672,65.0,Female,Colombo,37,48174.11,1547388.7,Month-to-Month,Online Payment,6,59.8,Yes
C01673,25.0,Male,Colombo,13,8504.26,473794.5,One Year,Online Payment,11,188.21,No
C01674,67.0,Female,Kandy,62,49302.91,2973046.92,Two Year,Credit Card,3,246.97,No
C01675,40.0,Male,Negombo,8,33079.12,521946.67,Month-to-Month,Online Payment,5,109.26,No
C01676,46.0,Male,Negombo,56,23257.22,2255764.54,One Year,Cash,5,130.27,No
C01677,35.0,Male,Colombo,70,44521.52,2375131.81,Month-to-Month,Cash,8,35.53,No
C01678,48.0,Female,Kandy,44,35029.51,439765.31,Month-to-Month,Bank Transfer,1,46.7,Yes
C01679,47.0,Male,Kandy,60,18087.14,2799824.72,Two Year,Credit Card,3,170.94,Yes
C01680,69.0,Male,Kurunegala,41,44320.2,1465837.49,One Year,Credit Card,3,31.69,Yes
C01681,56.0,Male,Colombo,21,33664.16,1888504.46,Month-to-Month,Online Payment,6,61.41,No
C01682,52.0,Female,Batticaloa,42,35243.03,1928347.24,One Year,Cash,15,71.17,No
C01683,35.0,Female,Batticaloa,29,44923.1,1517340.6,Two Year,Cash,0,133.73,Yes
C01684,59.0,Female,Jaffna,65,22972.39,430356.02,Two Year,Bank Transfer,4,14.64,No
C01685,56.0,Male,Colombo,17,33188.3,2256501.31,Two Year,Online Payment,13,150.43,Yes
C01686,34.0,Female,Jaffna,30,37489.76,1747448.58,One Year,Cash,10,278.67,No
C01687,31.0,Male,Batticaloa,26,23243.06,360448.44,One Year,Credit Card,3,8.31,No
C01688,48.0,Male,Batticaloa,53,5089.15,2102464.3,Month-to-Month,Bank Transfer,1,189.66,Yes
C01689,41.0,Female,Colombo,19,38800.55,2109775.97,One Year,Credit Card,15,250.92,Yes
C01690,52.0,Male,Jaffna,53,3343.0,1647716.91,Two Year,Bank Transfer,4,94.43,No
C01691,61.0,Female,Jaffna,17,36177.81,276193.69,Month-to-Month,Credit Card,8,40.32,No
C01692,62.0,Male,Colombo,46,45632.89,1061168.87,One Year,Online Payment,14,13.96,No
C01693,51.0,Female,Kurunegala,53,-500.0,157517.7,Two Year,Cash,7,193.53,No
C01694,20.0,Male,Jaffna,64,6001.03,1435400.08,Two Year,Credit Card,15,166.12,No
C01695,54.0,Male,Kurunegala,45,12410.34,2719809.16,Month-to-Month,Online Payment,8,69.56,Yes
C01696,60.0,Male,Galle,49,28551.8,11747.68,Two Year,Credit Card,6,249.65,No
C01697,57.0,Male,Batticaloa,19,47190.33,803582.77,One Year,Online Payment,9,220.92,Yes
C01698,43.0,Male,Negombo,71,26101.85,2400578.01,Two Year,Bank Transfer,6,83.65,No
C01699,40.0,Female,Kurunegala,65,6524.13,34533.2,Month-to-Month,Online Payment,13,226.26,Yes
C01700,61.0,Male,Kurunegala,37,31761.38,35469.44,Two Year,Credit Card,13,74.25,No
C01701,56.0,Female,Kurunegala,70,36909.4,1834401.67,Two Year,Cash,12,202.9,No
C01702,32.0,Female,Kandy,26,20270.9,2368653.27,One Year,Bank Transfer,1,36.44,Yes
C01703,66.0,Female,Jaffna,2,36354.19,2330633.73,One Year,Bank Transfer,11,207.98,No
C01704,21.0,Male,Jaffna,59,16916.32,2339836.17,One Year,Online Payment,12,72.39,No
C01705,46.0,Male,Kandy,5,39665.42,1086214.0,One Year,Credit Card,2,172.17,Yes
C01706,39.0,Male,Jaffna,37,17712.54,2648758.81,Two Year,Online Payment,10,52.57,No
C01707,42.0,Female,Kandy,31,13549.25,43442.63,One Year,Bank Transfer,9,218.06,No
C01708,30.0,Male,Kurunegala,48,44079.89,940005.27,Two Year,Cash,7,19.2,No
C01709,35.0,Male,Colombo,6,27875.2,1014877.15,One Year,Online Payment,10,50.46,No
C01710,50.0,Female,Galle,15,14972.66,500885.52,One Year,Credit Card,1,56.06,No
C01711,33.0,Female,Kurunegala,15,46819.26,1011996.79,One Year,Online Payment,6,13.36,No
C01712,62.0,Female,Galle,61,34851.71,1759722.97,Two Year,Online Payment,11,223.76,No
C01713,59.0,Female,Batticaloa,16,11814.32,1563236.54,One Year,Online Payment,5,294.3,No
C01714,61.0,Female,Kurunegala,20,31117.48,961684.94,Two Year,Cash,11,233.74,No
C01715,19.0,Female,Negombo,44,43647.58,2249235.9,One Year,Credit Card,9,258.33,No
C01716,52.0,Male,Jaffna,42,35111.5,2145797.78,One Year,Credit Card,3,2.8,No
C01717,59.0,Female,Negombo,46,12993.2,845685.95,Month-to-Month,Bank Transfer,10,36.24,No
C01718,51.0,Male,Colombo,34,32793.57,973069.04,One Year,Bank Transfer,14,168.15,No
C01719,47.0,Male,Galle,64,31338.81,866122.99,Two Year,Online Payment,3,293.38,No
C01720,30.0,Male,Kurunegala,29,41221.34,390909.24,Month-to-Month,Bank Transfer,14,198.55,No
C01721,30.0,Female,Colombo,3,9728.5,2259581.02,Two Year,Credit Card,2,112.87,No
C01722,35.0,Male,Colombo,9,35282.1,143598.15,Two Year,Online Payment,13,44.7,No
C01723,49.0,Female,Jaffna,25,2341.16,455988.58,Month-to-Month,Bank Transfer,15,46.7,No
C01724,49.0,Female,Colombo,42,35112.59,320387.03,One Year,Cash,5,109.46,No
C01725,52.0,Male,Kurunegala,46,48061.43,2476890.23,Month-to-Month,Bank Transfer,2,214.43,No
C01726,56.0,Female,Kurunegala,59,9545.03,136805.5,Two Year,Cash,14,10.51,No
C01727,63.0,Male,Galle,21,16253.69,1995558.73,One Year,Bank Transfer,8,255.8,No
C01728,69.0,Male,Kurunegala,22,29560.71,138201.42,Month-to-Month,Credit Card,3,282.52,No
C01729,46.0,Female,Negombo,29,36887.36,2360397.99,Two Year,Bank Transfer,3,266.76,No
C01730,66.0,Male,Galle,63,17874.2,2738578.69,One Year,Cash,1,274.0,No
C01731,46.0,Male,Jaffna,61,33548.69,1463095.28,Two Year,Cash,15,5.59,Yes
C01732,70.0,Male,Galle,64,45064.66,2414602.69,One Year,Bank Transfer,1,293.36,No
C01733,61.0,Female,Kandy,69,36601.38,2120699.55,One Year,Online Payment,6,110.54,No
C01734,33.0,Male,Negombo,40,35840.11,2387927.7,Month-to-Month,Cash,4,260.92,No
C01735,61.0,Female,Kandy,1,19716.56,2301491.72,One Year,Credit Card,2,56.86,No
C01736,64.0,Female,Kandy,65,45660.04,620076.81,Two Year,Bank Transfer,5,134.51,No
C01737,27.0,Male,Batticaloa,62,14588.82,1501179.24,One Year,Cash,5,14.21,No
C01738,47.0,Male,Kurunegala,54,11058.74,2881440.49,Two Year,Bank Transfer,0,12.98,No
C01739,42.0,Female,Jaffna,60,18846.97,1033881.17,One Year,Bank Transfer,2,283.04,No
C01740,56.0,Female,Colombo,46,32857.65,2911608.84,One Year,Online Payment,11,243.37,Yes
C01741,37.0,Male,Kandy,5,43222.22,1751569.33,Month-to-Month,Bank Transfer,4,159.42,Yes
C01742,22.0,Male,Galle,22,7471.86,1387526.2,One Year,Bank Transfer,15,158.11,No
C01743,18.0,Female,Colombo,53,40876.31,1974983.61,One Year,Bank Transfer,10,224.88,Yes
C01744,47.0,Female,Galle,70,40828.35,2448438.32,Two Year,Credit Card,12,103.16,No
C01745,66.0,Female,Galle,32,29759.05,1185653.42,Two Year,Bank Transfer,10,228.8,Yes
C01746,20.0,Female,Colombo,11,38271.75,103697.75,Two Year,Credit Card,6,146.02,No
C01747,62.0,Female,Colombo,10,9912.15,2127874.86,One Year,Bank Transfer,3,191.74,No
C01748,31.0,Male,Kurunegala,39,9309.71,2868719.52,Two Year,Online Payment,11,289.48,No
C01749,47.0,Female,Galle,31,43277.2,1876835.02,Two Year,Online Payment,7,141.92,Yes
C01750,67.0,Female,Jaffna,12,25409.27,569301.36,One Year,Cash,2,126.1,No
C01751,21.0,Male,Kurunegala,38,13050.92,748486.38,Two Year,Bank Transfer,5,271.82,Yes
C01752,35.0,Male,Negombo,67,34747.79,2729703.4,Month-to-Month,Online Payment,14,270.87,No
C01753,54.0,Female,Batticaloa,66,,45618.48,Month-to-Month,Online Payment,5,297.73,No
C01754,42.0,Female,Negombo,52,31983.81,1648496.26,Two Year,Bank Transfer,8,165.71,No
C01755,65.0,Male,Jaffna,5,18019.91,480239.55,Two Year,Cash,3,103.93,No
C01756,18.0,Female,Kurunegala,11,24678.65,851879.48,Two Year,Credit Card,15,72.88,No
C01757,70.0,Female,Batticaloa,25,37861.2,924410.04,One Year,Online Payment,6,11.19,Yes
C01758,63.0,Male,Kurunegala,35,4307.56,661751.83,Month-to-Month,Online Payment,9,218.29,No
C01759,32.0,Female,Colombo,35,11641.06,2378094.43,Month-to-Month,Credit Card,0,70.81,No
C01760,26.0,Male,Batticaloa,22,23666.58,999966.48,Two Year,Online Payment,10,182.39,Yes
C01761,32.0,Male,Galle,37,30607.81,1039727.55,Two Year,Credit Card,0,275.06,No
C01762,66.0,Male,Negombo,55,17619.11,1361755.41,One Year,Credit Card,1,285.11,Yes
C01763,41.0,Male,Batticaloa,72,15621.16,2707374.39,One Year,Cash,3,2.32,Yes
C01764,21.0,Female,Galle,64,3027.83,2066078.23,Month-to-Month,Credit Card,11,95.81,No
C01765,29.0,Male,Kurunegala,20,2597.49,189940.36,One Year,Credit Card,5,251.38,No
C01766,54.0,Female,Jaffna,4,14656.05,122589.45,Month-to-Month,Credit Card,3,161.4,No
C01767,54.0,Female,Batticaloa,18,26994.8,1701335.74,Two Year,Credit Card,14,242.45,No
C01768,60.0,Female,Galle,51,28262.2,2661746.38,Two Year,Online Payment,5,256.14,Yes
C01769,23.0,Female,Kurunegala,68,25207.35,973138.17,Month-to-Month,Credit Card,15,133.35,No
C01770,56.0,Female,Kurunegala,20,21084.15,747076.63,Two Year,Online Payment,1,108.34,No
C01771,63.0,Male,Kurunegala,9,13362.29,2245832.18,One Year,Bank Transfer,8,137.17,No
C01772,41.0,Male,Jaffna,26,20634.03,1808263.64,Two Year,Bank Transfer,10,196.19,Yes
C01773,28.0,Male,Colombo,25,7799.24,1697256.89,Two Year,Credit Card,2,110.78,No
C01774,30.0,Male,Jaffna,68,6647.7,452157.09,Month-to-Month,Cash,6,232.72,No
C01775,51.0,Female,Jaffna,41,15697.22,532004.15,One Year,Cash,15,271.29,Yes
C01776,42.0,Male,Negombo,59,49772.09,848954.39,One Year,Online Payment,0,85.41,No
C01777,24.0,Female,Kurunegala,45,16998.35,624482.61,Two Year,Online Payment,7,289.53,No
C01778,69.0,Female,Galle,41,46886.36,2914477.01,Two Year,Bank Transfer,3,187.19,Yes
C01779,21.0,Male,Batticaloa,38,20220.85,60739.99,One Year,Online Payment,13,263.57,No
C01780,25.0,Male,Negombo,19,22511.49,1880038.73,One Year,Cash,10,32.07,No
C01781,37.0,Male,Kurunegala,14,40056.08,1555208.48,Month-to-Month,Bank Transfer,11,76.2,No
C01782,46.0,Male,Kandy,21,5588.28,973137.45,Two Year,Credit Card,14,96.98,No
C01783,70.0,Female,Jaffna,15,9933.35,2663328.19,Two Year,Online Payment,12,91.54,No
C01784,68.0,Female,Kandy,3,48718.17,2012136.92,One Year,Credit Card,4,52.39,Yes
C01785,62.0,Male,Kurunegala,37,25789.95,2995071.28,Month-to-Month,Online Payment,6,260.59,No
C01786,63.0,Female,Negombo,46,3171.17,510124.6,One Year,Cash,2,126.17,No
C01787,27.0,Female,Galle,16,3321.66,268164.17,Two Year,Online Payment,8,288.98,Yes
C01788,60.0,Female,Negombo,14,45454.79,422494.82,Two Year,Cash,8,175.46,Yes
C01789,51.0,Male,Galle,9,43794.89,811526.45,Two Year,Cash,7,42.38,No
C01790,43.0,Female,Galle,7,23461.56,1253277.04,Two Year,Credit Card,0,164.23,No
C01791,58.0,Male,Kurunegala,14,8997.88,2588496.84,Month-to-Month,Online Payment,11,298.07,Yes
C01792,66.0,Male,Colombo,6,41683.95,854357.34,Two Year,Credit Card,12,169.99,No
C01793,20.0,Female,Kurunegala,15,16905.41,2746153.71,One Year,Cash,11,1.56,No
C01794,23.0,Female,Jaffna,52,21533.86,1391408.53,Month-to-Month,Cash,1,279.99,No
C01795,22.0,Male,Negombo,72,34441.34,1942974.71,Month-to-Month,Cash,1,71.23,No
C01796,22.0,Female,Galle,34,18316.52,796901.1,Two Year,Cash,15,206.87,No
C01797,64.0,Female,Kurunegala,1,31804.83,472261.38,Month-to-Month,Bank Transfer,2,155.01,No
C01798,40.0,Male,Kurunegala,69,44378.85,2609023.54,Two Year,Cash,1,98.3,No
C01799,66.0,Male,Negombo,20,40071.29,332971.01,Month-to-Month,Online Payment,0,85.51,No
C01800,26.0,Male,Negombo,7,19698.94,2323193.81,Month-to-Month,Cash,10,278.7,No
C01801,52.0,Male,Galle,7,15108.89,1745048.0,One Year,Bank Transfer,4,273.67,Yes
C01802,37.0,Female,Batticaloa,50,14990.01,2584107.66,One Year,Online Payment,5,154.43,No
C01803,66.0,Female,Kandy,2,18080.97,2154866.14,One Year,Bank Transfer,12,78.29,No
C01804,59.0,Male,Jaffna,47,25182.33,848583.99,Month-to-Month,Bank Transfer,15,31.6,No
C01805,52.0,Male,Jaffna,14,21413.28,1725410.65,One Year,Online Payment,6,47.82,Yes
C01806,67.0,Male,Batticaloa,31,7517.2,44155.49,One Year,Bank Transfer,9,157.15,No
C01807,35.0,Female,Colombo,50,9009.34,1428278.94,One Year,Cash,6,93.04,No
C01808,34.0,Male,Batticaloa,61,17803.55,262610.84,Month-to-Month,Credit Card,15,13.58,Yes
C01809,41.0,Female,Colombo,41,28541.14,1289690.27,Two Year,Credit Card,1,137.1,No
C01810,20.0,Male,Colombo,14,30040.53,333287.36,One Year,Credit Card,12,224.11,No
C01811,49.0,Male,Batticaloa,5,24824.15,2866662.02,Month-to-Month,Online Payment,6,267.62,No
C01812,52.0,Male,Jaffna,5,37200.02,1571588.53,Month-to-Month,Online Payment,1,176.0,No
C01813,55.0,Female,Kandy,64,37125.19,2740087.87,Two Year,Online Payment,1,217.26,No
C01814,30.0,Female,Jaffna,29,21953.75,71986.84,One Year,Credit Card,11,109.86,No
C01815,64.0,Female,Kurunegala,5,7097.6,1914771.59,Month-to-Month,Credit Card,5,149.38,Yes
C01816,42.0,Male,Jaffna,36,26978.56,924328.73,Month-to-Month,Online Payment,5,219.16,No
C01817,26.0,Female,Jaffna,19,19691.98,1298327.84,Month-to-Month,Credit Card,7,218.57,No
C01818,21.0,Female,Batticaloa,64,7758.23,2619896.75,Two Year,Bank Transfer,4,127.93,No
C01819,31.0,Male,Batticaloa,22,49109.04,2940163.18,One Year,Bank Transfer,4,163.56,No
C01820,54.0,Male,Kurunegala,34,19118.01,743243.4,Month-to-Month,Credit Card,9,277.23,No
C01821,51.0,Female,Kurunegala,56,31664.09,2845018.59,Month-to-Month,Online Payment,0,189.97,Yes
C01822,28.0,Female,Batticaloa,17,25016.31,2067737.21,Month-to-Month,Cash,3,193.13,No
C01823,58.0,Female,Jaffna,56,7998.59,2854484.67,Month-to-Month,Cash,0,235.6,No
C01824,20.0,Female,Kandy,17,3721.64,1689289.16,One Year,Credit Card,9,35.45,No
C01825,,Male,Colombo,18,31662.7,2882465.07,One Year,Cash,15,157.34,No
C01826,46.0,Male,Negombo,45,13104.07,2677904.1,Month-to-Month,Online Payment,4,287.87,No
C01827,26.0,Male,Colombo,56,12939.05,390132.26,Month-to-Month,Bank Transfer,14,109.14,No
C01828,20.0,Female,Kurunegala,50,47891.83,935815.83,Month-to-Month,Bank Transfer,14,89.18,No
C01829,42.0,Female,Kurunegala,58,23626.89,732974.26,Two Year,Online Payment,7,180.76,No
C01830,51.0,Male,Colombo,18,2441.88,1718437.48,Two Year,Cash,0,67.11,No
C01831,29.0,Male,Negombo,7,17652.29,2409384.3,Two Year,Credit Card,13,167.23,No
C01832,59.0,Female,Jaffna,10,29640.09,2279437.28,Month-to-Month,Bank Transfer,2,47.54,No
C01833,26.0,Female,Kandy,69,17099.8,2181613.65,Two Year,Cash,0,174.36,Yes
C01834,32.0,Male,Kandy,3,2315.75,1128918.3,One Year,Cash,12,181.11,No
C01835,57.0,Male,Colombo,44,22771.25,423212.46,Two Year,Bank Transfer,5,126.1,No
C01836,42.0,Male,Negombo,70,6189.41,635697.74,Month-to-Month,Bank Transfer,9,115.44,No
C01837,22.0,Female,Kurunegala,14,31338.84,2226323.99,One Year,Credit Card,0,74.39,No
C01838,28.0,Female,Galle,4,31359.77,446865.35,Month-to-Month,Online Payment,9,99.95,Yes
C01839,51.0,Female,Jaffna,18,2850.2,672725.38,One Year,Cash,11,150.01,Yes
C01840,41.0,Female,Colombo,52,15242.65,1276535.2,Two Year,Credit Card,2,75.05,No
C01841,32.0,Female,Kandy,38,21270.63,220976.73,Two Year,Bank Transfer,14,235.07,No
C01842,55.0,Female,Kurunegala,20,27962.94,642012.72,One Year,Online Payment,4,213.0,No
C01843,25.0,Male,Batticaloa,44,15507.11,453555.54,One Year,Online Payment,4,81.52,No
C01844,22.0,Male,Batticaloa,51,15099.58,2854208.74,Month-to-Month,Cash,1,30.13,No
C01845,65.0,Female,Negombo,19,49167.74,578620.03,One Year,Online Payment,2,1.05,No
C01846,43.0,Male,Negombo,68,3051.28,2586000.28,Month-to-Month,Bank Transfer,13,179.42,Yes
C01847,35.0,Female,Colombo,66,49463.23,348820.58,One Year,Bank Transfer,12,64.2,No
C01848,23.0,Male,Galle,13,3339.85,2609671.03,One Year,Bank Transfer,8,4.76,No
C01849,54.0,Female,Kandy,62,15128.73,1800304.19,Two Year,Credit Card,12,108.37,No
C01850,65.0,Male,Colombo,61,25190.85,2549869.24,Two Year,Bank Transfer,0,288.64,Yes
C01851,30.0,Male,Galle,30,8021.62,2602709.32,Month-to-Month,Credit Card,12,207.29,Yes
C01852,45.0,Female,Kurunegala,30,7607.47,1791138.72,Month-to-Month,Bank Transfer,0,257.47,No
C01853,22.0,Female,Negombo,51,13559.32,2753493.99,Month-to-Month,Bank Transfer,11,44.28,No
C01854,30.0,Male,Batticaloa,48,48701.85,1758417.63,One Year,Online Payment,15,22.91,No
C01855,34.0,Male,Jaffna,33,19625.73,2139132.41,One Year,Cash,1,4.45,No
C01856,67.0,Female,Kurunegala,19,28733.75,1251161.03,Month-to-Month,Bank Transfer,7,286.74,No
C01857,57.0,Male,Batticaloa,71,35510.28,2742632.74,One Year,Online Payment,5,90.76,No
C01858,62.0,Female,Kandy,57,37368.87,2473366.8,Two Year,Online Payment,13,138.39,No
C01859,49.0,Female,Kandy,19,34714.01,504305.77,One Year,Cash,3,118.96,No
C01860,46.0,Male,Batticaloa,41,17509.48,1731281.61,Two Year,Online Payment,6,219.41,No
C01861,68.0,Female,Kurunegala,42,6474.66,2690997.85,Month-to-Month,Online Payment,5,93.68,No
C01862,20.0,Male,Batticaloa,52,14804.11,2380228.16,One Year,Cash,8,161.1,No
C01863,57.0,Male,Galle,4,11304.47,2887845.58,Month-to-Month,Credit Card,5,298.68,Yes
C01864,51.0,Female,Colombo,4,7677.59,697748.55,Two Year,Cash,1,133.78,No
C01865,57.0,Male,Negombo,5,2200.34,1105541.6,Month-to-Month,Cash,2,165.83,No
C01866,44.0,Female,Galle,41,46850.57,1524039.7,Two Year,Bank Transfer,8,151.26,No
C01867,30.0,Female,Jaffna,61,46130.68,701844.16,Two Year,Bank Transfer,14,241.15,No
C01868,62.0,Female,Batticaloa,55,3470.43,1185165.54,Month-to-Month,Credit Card,14,80.79,No
C01869,50.0,Male,Jaffna,13,9481.14,1614929.92,Two Year,Cash,6,51.96,No
C01870,23.0,Female,Jaffna,14,7835.52,578060.91,Month-to-Month,Cash,5,226.47,No
C01871,41.0,Male,Galle,60,14779.92,773780.02,Month-to-Month,Credit Card,12,125.27,Yes
C01872,36.0,Female,Negombo,72,10999.37,378903.29,Month-to-Month,Bank Transfer,4,274.2,Yes
C01873,33.0,Female,Kurunegala,25,47346.82,2141577.32,Two Year,Cash,2,193.6,No
C01874,57.0,Female,Kandy,44,5124.35,1087848.02,Two Year,Credit Card,3,169.74,Yes
C01875,45.0,Male,Colombo,10,11371.87,664697.13,One Year,Bank Transfer,0,22.07,No
C01876,50.0,Male,Kandy,71,4955.44,1524435.83,Month-to-Month,Online Payment,4,219.39,Yes
C01877,65.0,Female,Negombo,50,49038.88,209406.67,Month-to-Month,Credit Card,6,206.13,No
C01878,58.0,Female,Kandy,44,46002.26,2770602.79,Month-to-Month,Credit Card,1,192.38,No
C01879,30.0,Male,Batticaloa,14,36114.95,886930.23,Month-to-Month,Cash,10,81.1,No
C01880,60.0,Male,Batticaloa,15,21872.68,2659960.72,Month-to-Month,Online Payment,11,284.08,No
C01881,-5.0,Male,Galle,16,10318.73,1495372.1,Month-to-Month,Bank Transfer,7,97.17,No
C01882,42.0,Female,Jaffna,2,11853.0,2551200.74,Month-to-Month,Online Payment,14,46.52,Yes
C01883,70.0,Male,Negombo,30,22708.96,744958.0,One Year,Cash,11,296.17,No
C01884,59.0,Female,Negombo,30,38642.91,529935.45,One Year,Cash,9,224.13,No
C01885,53.0,Male,Kandy,31,13971.75,2548988.35,Month-to-Month,Bank Transfer,5,125.02,No
C01886,44.0,Female,Galle,20,16228.8,642707.03,Month-to-Month,Bank Transfer,9,280.84,Yes
C01887,55.0,Female,Kandy,49,30397.27,2239855.07,One Year,Bank Transfer,15,28.24,No
C01888,24.0,Female,Kandy,35,12648.74,1037028.47,One Year,Cash,13,27.21,No
C01889,22.0,Male,Negombo,23,29626.71,2245840.21,Month-to-Month,Bank Transfer,2,205.05,No
C01890,60.0,Male,Kandy,61,19969.41,2723400.57,Month-to-Month,Bank Transfer,1,54.21,No
C01891,62.0,Male,Jaffna,55,2684.04,2945007.1,One Year,Bank Transfer,7,275.22,No
C01892,68.0,Female,Kandy,67,20732.36,1082629.38,One Year,Credit Card,12,252.27,No
C01893,48.0,Female,Jaffna,8,46056.74,1105739.87,Month-to-Month,Bank Transfer,3,92.6,Yes
C01894,40.0,Male,,40,15362.48,2944256.27,One Year,Cash,6,266.76,No
C01895,59.0,Female,Galle,59,16818.79,2585276.75,Month-to-Month,Credit Card,6,13.82,No
C01896,27.0,Female,Batticaloa,32,4231.1,140050.46,Two Year,Cash,15,165.04,Yes
C01897,49.0,Female,Jaffna,7,31137.32,1722482.71,Month-to-Month,Online Payment,13,280.73,Yes
C01898,60.0,Male,Galle,2,42612.88,547828.09,Month-to-Month,Credit Card,9,256.76,No
C01899,70.0,Female,Galle,6,18293.22,2982067.55,Month-to-Month,Bank Transfer,8,107.47,No
C01900,47.0,Male,Jaffna,36,12772.03,421074.42,One Year,Credit Card,9,55.68,No
C01901,56.0,Male,Negombo,32,47873.98,1680246.1,Month-to-Month,Cash,14,63.95,No
C01902,48.0,Male,Colombo,45,37508.56,1997269.12,Month-to-Month,Credit Card,13,154.84,No
C01903,35.0,Male,Galle,42,28791.01,2811508.64,One Year,Online Payment,7,179.44,No
C01904,,Male,Galle,53,15971.03,2542538.64,Two Year,Bank Transfer,11,10.81,No
C01905,19.0,Female,Negombo,9,11819.1,741035.54,Two Year,Bank Transfer,12,124.65,No
C01906,31.0,Male,Negombo,49,36071.46,1720008.73,One Year,Online Payment,14,249.29,No
C01907,30.0,Male,Kandy,2,26567.65,2860954.0,Month-to-Month,Cash,7,133.85,Yes
C01908,46.0,Male,Negombo,67,26509.39,2208471.96,Two Year,Credit Card,6,51.58,Yes
C01909,29.0,Female,Galle,11,4611.78,2066567.36,Two Year,Cash,9,286.5,No
C01910,56.0,Female,Jaffna,50,26097.53,2265928.73,One Year,Cash,4,80.62,Yes
C01911,19.0,Female,Colombo,35,41314.46,970906.04,Two Year,Cash,8,239.73,No
C01912,49.0,Female,Kurunegala,15,47393.16,2189110.55,Two Year,Bank Transfer,13,58.94,No
C01913,30.0,Male,Kandy,31,6227.44,702399.98,One Year,Credit Card,11,127.53,No
C01914,63.0,Male,Kurunegala,62,31927.1,1287167.8,Two Year,Bank Transfer,10,147.64,No
C01915,44.0,Female,Jaffna,28,28849.02,2670336.81,Month-to-Month,Bank Transfer,6,150.69,No
C01916,66.0,Female,Colombo,25,44625.31,61818.58,One Year,Bank Transfer,14,155.43,No
C01917,58.0,Female,Colombo,25,37810.96,1245884.36,Month-to-Month,Credit Card,11,68.26,No
C01918,34.0,Female,Colombo,1,48297.83,804131.19,Month-to-Month,Online Payment,13,155.26,No
C01919,57.0,Male,Batticaloa,59,48041.59,599775.9,One Year,Bank Transfer,10,145.03,No
C01920,48.0,Female,Jaffna,69,12058.57,2516533.39,Two Year,Bank Transfer,15,63.41,No
C01921,51.0,Female,Kandy,42,36542.19,2091013.23,One Year,Bank Transfer,2,296.47,No
C01922,41.0,Female,Kandy,34,26995.63,342335.0,Two Year,Credit Card,11,259.8,No
C01923,62.0,Female,Colombo,66,11515.5,1485917.66,Month-to-Month,Credit Card,5,266.39,No
C01924,52.0,Female,Jaffna,18,10548.59,1403382.79,Two Year,Cash,2,205.99,No
C01925,65.0,Female,Batticaloa,5,4973.13,431870.74,Month-to-Month,Bank Transfer,5,48.81,No
C01926,23.0,Female,Colombo,20,39981.72,2400289.29,Month-to-Month,Bank Transfer,12,170.86,No
C01927,36.0,Male,Negombo,66,16900.73,1103188.54,Month-to-Month,Credit Card,7,246.61,Yes
C01928,47.0,Male,Kurunegala,62,42991.47,2287003.64,One Year,Credit Card,8,12.58,No
C01929,24.0,Male,Kandy,32,30807.45,580227.53,Two Year,Bank Transfer,1,149.26,No
C01930,27.0,Male,Kurunegala,58,34008.03,948645.02,Two Year,Online Payment,5,119.44,No
C01931,58.0,Male,Galle,50,15292.01,290036.99,Two Year,Cash,13,64.43,No
C01932,49.0,Male,Colombo,38,23407.42,434720.41,Month-to-Month,Cash,2,114.1,No
C01933,51.0,Female,Negombo,55,21203.56,2650134.55,One Year,Bank Transfer,14,295.07,No
C01934,45.0,Female,Kandy,28,12548.74,331792.37,Two Year,Cash,13,217.25,No
C01935,32.0,Male,Kurunegala,22,41793.1,291714.97,Two Year,Cash,13,90.56,No
C01936,47.0,Female,Batticaloa,43,31482.14,2821430.05,One Year,Bank Transfer,6,182.0,Yes
C01937,54.0,Male,Jaffna,36,2834.17,1939480.86,Two Year,Cash,10,74.75,No
C01938,46.0,Female,Kandy,52,41175.93,307243.37,One Year,Credit Card,3,183.64,No
C01939,39.0,Female,Kurunegala,36,6195.85,2915291.63,One Year,Bank Transfer,13,268.95,Yes
C01940,21.0,Female,Jaffna,28,20781.13,445564.53,Two Year,Credit Card,14,167.51,No
C01941,37.0,Female,Kurunegala,58,28991.59,2300205.45,One Year,Bank Transfer,14,220.27,No
C01942,49.0,Female,Jaffna,36,1374.91,109379.83,One Year,Credit Card,4,136.55,No
C01943,53.0,Female,Batticaloa,70,32992.5,1875502.68,Two Year,Cash,9,157.71,Yes
C01944,67.0,Male,Batticaloa,9,33325.44,1642378.1,Month-to-Month,Online Payment,5,208.83,Yes
C01945,21.0,Male,Colombo,21,32973.79,627971.41,Two Year,Credit Card,10,243.91,Yes
C01946,44.0,Female,Colombo,64,9009.93,1931222.7,Two Year,Credit Card,12,198.18,No
C01947,34.0,Male,Kandy,61,13530.88,1853073.71,Month-to-Month,Online Payment,7,293.27,No
C01948,29.0,Female,Batticaloa,40,13121.42,2396063.39,One Year,Online Payment,1,246.13,No
C01949,39.0,Male,Negombo,56,48043.28,2628242.81,Two Year,Credit Card,3,233.37,Yes
C01950,34.0,Female,Kurunegala,4,,1532764.3,Month-to-Month,Credit Card,13,253.69,No
C01951,27.0,Male,Kurunegala,31,22009.31,1473434.1,Month-to-Month,Credit Card,10,85.08,Yes
C01952,18.0,Female,Kurunegala,27,43691.44,1866679.33,Two Year,Bank Transfer,3,130.18,Yes
C01953,39.0,Male,Kandy,58,38703.83,2188976.73,Two Year,Credit Card,5,169.77,No
C01954,43.0,Female,Kurunegala,25,41299.66,1071732.66,Month-to-Month,Credit Card,3,139.25,No
C01955,35.0,Male,Galle,69,48642.39,1516402.44,Two Year,Online Payment,10,254.39,No
C01956,67.0,Female,Jaffna,70,19975.83,1757387.04,Month-to-Month,Online Payment,4,9.09,No
C01957,31.0,Female,Kurunegala,5,16173.11,2965192.36,Two Year,Bank Transfer,4,63.54,No
C01958,64.0,Female,Jaffna,8,2502.32,1765198.03,Month-to-Month,Bank Transfer,7,264.63,No
C01959,46.0,Male,Colombo,9,8350.95,676438.72,Two Year,Cash,3,18.67,Yes
C01960,29.0,Male,Kurunegala,15,28538.72,1766029.63,Two Year,Credit Card,11,68.87,Yes
C01961,53.0,Male,Negombo,7,8725.37,2459401.25,Two Year,Credit Card,5,106.02,No
C01962,52.0,Female,Batticaloa,72,,2572924.02,One Year,Online Payment,6,225.47,No
C01963,69.0,Male,Batticaloa,15,2824.4,2401750.11,Two Year,Cash,7,168.49,No
C01964,29.0,Female,Colombo,37,13714.91,2665187.2,Month-to-Month,Credit Card,8,286.43,Yes
C01965,24.0,Male,Galle,39,35077.2,1007625.19,Month-to-Month,Cash,9,69.13,Yes
C01966,46.0,Male,Kandy,6,13519.64,1525174.01,One Year,Bank Transfer,7,261.76,No
C01967,28.0,Male,Kandy,57,36709.26,2339875.33,One Year,Credit Card,13,85.59,No
C01968,50.0,Male,Negombo,19,49797.33,797027.6,One Year,Credit Card,3,74.4,No
C01969,23.0,Female,Colombo,63,40057.11,1117886.41,Two Year,Bank Transfer,3,150.01,Yes
C01970,64.0,Male,Colombo,31,17749.94,2494311.19,Two Year,Credit Card,9,22.29,No
C01971,32.0,Male,Galle,10,45129.0,2311406.52,Month-to-Month,Bank Transfer,10,115.91,No
C01972,49.0,Female,Kurunegala,67,3507.81,2913742.71,Month-to-Month,Bank Transfer,14,107.35,No
C01973,68.0,Female,Kandy,62,36525.33,2987942.31,Two Year,Cash,4,48.87,Yes
C01974,28.0,Male,Kurunegala,3,2142.79,726029.92,Month-to-Month,Online Payment,2,258.38,No
C01975,40.0,Male,Colombo,18,9553.22,2701847.71,Two Year,Online Payment,14,116.38,Yes
C01976,43.0,Female,Kurunegala,25,49391.7,288073.93,One Year,Bank Transfer,1,294.59,No
C01977,51.0,Female,Batticaloa,20,18683.36,2130851.63,Two Year,Cash,1,270.01,Yes
C01978,63.0,Female,Negombo,58,41204.47,664197.67,Two Year,Bank Transfer,8,59.25,No
C01979,51.0,Male,Kandy,50,19428.25,904431.91,Two Year,Cash,7,152.03,No
C01980,46.0,Male,Galle,10,42161.39,2839231.93,Month-to-Month,Cash,5,180.94,No
C01981,21.0,Male,Negombo,21,48306.54,793137.95,Two Year,Online Payment,13,245.87,No
C01982,34.0,Female,Jaffna,29,22341.28,2021167.72,Two Year,Online Payment,13,265.81,No
C01983,52.0,Female,Batticaloa,10,28408.11,538494.88,Two Year,Cash,14,187.58,No
C01984,30.0,Female,Galle,13,31803.34,284702.98,One Year,Online Payment,13,11.51,Yes
C01985,58.0,Male,Negombo,47,46806.91,1021254.49,Two Year,Cash,8,144.9,Yes
C01986,56.0,Female,Colombo,23,13580.46,1874467.32,Two Year,Credit Card,4,265.56,No
C01987,32.0,Male,Jaffna,50,30951.22,747595.71,Two Year,Bank Transfer,13,214.51,No
C01988,46.0,Female,Galle,4,16911.29,904005.55,Month-to-Month,Online Payment,11,261.17,No
C01989,46.0,Male,Colombo,67,11629.73,2127645.81,One Year,Bank Transfer,9,202.55,No
C01990,28.0,Male,Batticaloa,53,5161.1,312874.09,One Year,Online Payment,0,14.17,Yes
C01991,69.0,Female,Jaffna,2,31414.83,1343480.75,Two Year,Bank Transfer,7,290.43,No
C01992,49.0,Male,Kandy,68,44222.19,2825494.92,Two Year,Bank Transfer,2,275.49,Yes
C01993,19.0,Female,Colombo,65,18218.25,1193930.13,Month-to-Month,Online Payment,13,38.85,Yes
C01994,64.0,Male,Negombo,57,28080.76,1305432.08,Two Year,Online Payment,8,34.69,No
C01995,31.0,Female,Kurunegala,70,32464.56,2215921.89,Month-to-Month,Online Payment,10,162.18,No
C01996,37.0,Female,Galle,7,21317.86,2338139.51,Two Year,Online Payment,0,227.36,Yes
C01997,39.0,Male,Jaffna,19,45264.04,2309971.14,Month-to-Month,Cash,2,115.27,No
C01998,28.0,Female,Colombo,44,18775.0,2993611.74,One Year,Online Payment,0,41.78,No
C01999,44.0,Male,Kandy,63,7125.53,218996.01,Two Year,Online Payment,0,153.66,Yes
C02000,20.0,Female,Kurunegala,65,8057.0,2946848.59,Month-to-Month,Online Payment,14,101.93,No
C02001,34.0,Female,Galle,39,44652.02,2850817.9,Month-to-Month,Credit Card,5,106.18,No
C02002,61.0,Female,Galle,26,49412.39,2557156.01,Two Year,Bank Transfer,12,193.85,No
C02003,45.0,Female,Colombo,44,15157.95,1365106.1,Month-to-Month,Online Payment,3,265.8,No
C02004,46.0,Male,Kandy,12,8036.53,2613352.6,Two Year,Online Payment,9,168.02,Yes
C02005,38.0,Female,Batticaloa,22,24628.4,666393.07,Two Year,Bank Transfer,3,206.59,No
C02006,64.0,Female,Kurunegala,14,35766.88,2376009.23,Month-to-Month,Bank Transfer,4,198.32,No
C02007,0.0,Male,Batticaloa,30,31007.74,559788.72,Month-to-Month,Cash,14,165.79,No
C02008,54.0,Male,Jaffna,44,47604.3,2447009.2,Month-to-Month,Bank Transfer,13,93.92,No
C02009,37.0,Male,Colombo,38,41071.12,1845514.75,One Year,Bank Transfer,2,113.96,Yes
C02010,23.0,Male,Kurunegala,59,43579.64,298603.68,Two Year,Credit Card,14,95.4,No
C02011,36.0,Male,Jaffna,42,27541.69,2686482.07,Two Year,Cash,15,275.33,Yes
C02012,22.0,Male,Batticaloa,52,17036.48,1735981.8,One Year,Credit Card,11,248.16,Yes
C02013,20.0,Female,Kurunegala,63,35385.06,1970463.59,One Year,Bank Transfer,1,174.22,No
C02014,18.0,Male,Galle,61,22513.6,854112.56,Month-to-Month,Online Payment,13,273.76,No
C02015,55.0,Female,Jaffna,34,15099.96,2615548.33,Two Year,Cash,9,266.04,Yes
C02016,32.0,Male,Kandy,39,8461.26,1637876.2,One Year,Bank Transfer,15,278.38,Yes
C02017,51.0,Female,Negombo,41,26865.84,1266255.25,One Year,Bank Transfer,7,67.31,No
C02018,52.0,Female,Batticaloa,37,30118.42,1605173.83,Two Year,Online Payment,10,215.53,No
C02019,66.0,Female,Batticaloa,65,28870.5,2111422.68,Two Year,Online Payment,6,183.16,No
C02020,42.0,Male,Kandy,32,6710.87,2086668.39,Two Year,Online Payment,14,220.42,No
C02021,41.0,Male,COLOMBO,8,28929.38,1075943.42,Month-to-Month,Cash,9,79.75,Yes
C02022,29.0,Male,Kurunegala,18,9252.29,1158848.55,One Year,Credit Card,12,208.75,Yes
C02023,35.0,Male,Kurunegala,45,33521.99,1688903.39,Month-to-Month,Cash,3,123.54,No
C02024,32.0,Female,Jaffna,33,22039.82,2773599.33,Two Year,Online Payment,1,250.39,No
C02025,61.0,Male,Colombo,5,42590.64,2237563.65,Two Year,Cash,11,238.81,No
C02026,33.0,Female,Galle,36,39135.02,1174292.88,One Year,Online Payment,8,64.2,No
C02027,44.0,Female,Negombo,23,36494.72,1014412.72,Month-to-Month,Credit Card,7,55.97,No
C02028,25.0,Male,Colombo,40,35336.12,1573291.84,Month-to-Month,Cash,15,215.6,Yes
C02029,63.0,Male,Colombo,5,28463.91,2610624.15,Month-to-Month,Credit Card,3,165.59,No
C02030,42.0,Male,Kandy,34,3994.57,30994.33,Two Year,Credit Card,10,167.6,Yes
C02031,34.0,Female,Jaffna,24,33118.99,2132905.77,One Year,Online Payment,4,226.0,No
C02032,46.0,Male,Batticaloa,17,23879.19,887064.21,Month-to-Month,Cash,13,256.64,No
C02033,70.0,Female,Batticaloa,71,24008.18,629150.45,Two Year,Cash,9,72.45,No
C02034,25.0,Male,Kandy,22,19572.09,41353.3,Two Year,Credit Card,5,167.11,No
C02035,32.0,Female,Jaffna,15,46524.47,2690288.91,Month-to-Month,Online Payment,12,248.86,No
C02036,44.0,Male,Kandy,15,13223.11,2737184.17,One Year,Credit Card,3,261.97,No
C02037,63.0,Male,Batticaloa,25,16513.13,188945.24,One Year,Credit Card,1,86.94,No
C02038,67.0,Female,Colombo,53,48189.0,1567836.89,Month-to-Month,Credit Card,4,32.14,Yes
C02039,69.0,Male,Galle,21,40697.53,461960.5,Two Year,Credit Card,10,70.61,No
C02040,24.0,Male,Kurunegala,66,1690.23,2277269.23,Two Year,Cash,0,283.7,Yes
C02041,,Male,Jaffna,32,45399.27,1997847.46,Month-to-Month,Bank Transfer,6,139.28,Yes
C02042,46.0,Male,Negombo,21,12105.72,894906.78,Two Year,Cash,8,126.15,No
C02043,61.0,Male,Negombo,68,35590.69,355296.04,Two Year,Online Payment,2,4.91,No
C02044,70.0,Male,Colombo,44,28100.58,2494505.89,Month-to-Month,Bank Transfer,5,16.25,Yes
C02045,41.0,Male,Kandy,66,27303.78,2024386.18,Two Year,Credit Card,8,200.94,No
C02046,20.0,Female,Kandy,14,36178.14,25425.74,Month-to-Month,Cash,10,177.36,No
C02047,37.0,Female,Batticaloa,15,11151.89,1885475.98,Month-to-Month,Bank Transfer,3,173.08,No
C02048,63.0,Male,Colombo,20,8792.23,2431836.6,Month-to-Month,Credit Card,5,33.99,No
C02049,32.0,Male,Batticaloa,34,32943.72,1774350.34,Two Year,Cash,13,106.27,No
C02050,42.0,Male,Batticaloa,36,15238.38,1277017.46,Month-to-Month,Bank Transfer,14,243.9,Yes
C02051,47.0,Female,Negombo,9,48723.56,1753835.54,Two Year,Cash,2,53.3,Yes
C02052,31.0,Female,Batticaloa,71,23124.08,1861037.61,Month-to-Month,Bank Transfer,8,264.92,Yes
C02053,24.0,Male,Kurunegala,30,6468.25,1921903.7,One Year,Online Payment,6,37.32,Yes
C02054,34.0,Female,Batticaloa,63,34604.94,2901299.94,Two Year,Cash,6,51.58,No
C02055,61.0,Male,Negombo,35,16001.81,540050.12,Two Year,Cash,3,143.85,No
C02056,37.0,Male,Kurunegala,13,8280.78,1871163.92,Two Year,Bank Transfer,5,283.64,No
C02057,53.0,Male,Kandy,46,21718.34,568039.99,One Year,Online Payment,10,99.53,No
C02058,26.0,Male,Jaffna,56,48246.89,633820.38,Month-to-Month,Cash,10,197.81,No
C02059,55.0,Female,Galle,9,21160.1,2009427.36,One Year,Online Payment,7,177.01,Yes
C02060,65.0,Female,Batticaloa,36,18019.35,2748282.48,Month-to-Month,Online Payment,14,45.74,Yes
C02061,39.0,Male,Kurunegala,3,22780.94,481337.52,Month-to-Month,Cash,15,75.2,No
C02062,70.0,Female,Jaffna,19,1593.67,2887584.27,Month-to-Month,Credit Card,5,279.12,No
C02063,70.0,Female,Negombo,28,7521.98,961520.12,Month-to-Month,Bank Transfer,5,56.26,No
C02064,19.0,Male,Jaffna,23,42634.06,1176985.56,Month-to-Month,Cash,3,208.81,No
C02065,41.0,Female,Galle,7,48923.69,465274.07,One Year,Online Payment,7,289.44,Yes
C02066,25.0,Male,Jaffna,14,8739.13,1849429.14,Two Year,Bank Transfer,13,36.73,No
C02067,28.0,Male,Kurunegala,46,27240.37,1791279.38,One Year,Cash,9,120.36,No
C02068,30.0,Male,Jaffna,15,48350.34,1329597.88,Two Year,Bank Transfer,7,67.96,No
C02069,34.0,Male,Jaffna,67,8672.49,1430893.71,Two Year,Bank Transfer,8,67.25,No
C02070,25.0,Female,Jaffna,15,10129.17,1870812.75,Two Year,Online Payment,5,36.58,No
C02071,38.0,Male,Colombo,51,46414.0,1752572.12,One Year,Credit Card,1,195.22,No
C02072,35.0,Female,Batticaloa,8,35578.69,1125918.83,Month-to-Month,Credit Card,15,224.16,No
C02073,47.0,Male,Negombo,69,8446.37,2652922.58,Month-to-Month,Bank Transfer,3,203.36,No
C02074,35.0,Male,Galle,62,20281.14,2004643.27,Two Year,Online Payment,3,277.47,No
C02075,63.0,Female,Negombo,51,3757.23,620191.96,Month-to-Month,Online Payment,12,44.56,Yes
C02076,64.0,Male,Colombo,63,22200.91,963109.47,Month-to-Month,Cash,7,96.63,No
C02077,48.0,Female,Colombo,68,39117.17,2364694.91,One Year,Bank Transfer,4,104.03,No
C02078,55.0,Female,Kurunegala,16,28144.63,318053.52,Month-to-Month,Cash,3,70.39,No
C02079,49.0,Male,Colombo,24,32724.66,2251944.84,Month-to-Month,Online Payment,7,43.52,Yes
C02080,28.0,Male,Batticaloa,6,17014.19,1079733.11,One Year,Bank Transfer,12,146.52,No
C02081,62.0,Male,Colombo,57,8908.4,1657314.68,Month-to-Month,Credit Card,2,250.5,No
C02082,42.0,Male,Jaffna,31,1642.72,845271.56,Two Year,Credit Card,1,286.41,No
C02083,50.0,Male,Negombo,6,41244.3,2959437.43,One Year,Cash,3,39.67,Yes
C02084,55.0,Male,Kandy,29,32196.07,2717991.67,Month-to-Month,Bank Transfer,10,247.12,No
C02085,58.0,Female,Galle,67,12236.74,2785707.26,Month-to-Month,Online Payment,0,247.55,No
C02086,25.0,Female,Colombo,3,21503.26,558402.68,One Year,Cash,15,117.3,No
C02087,28.0,Male,Negombo,28,40270.72,2525861.84,Two Year,Credit Card,0,33.9,No
C02088,39.0,Female,Kurunegala,48,27396.31,1608514.32,One Year,Online Payment,4,297.01,No
C02089,68.0,Female,Colombo,10,15707.83,2125038.3,Two Year,Bank Transfer,12,197.02,No
C02090,41.0,Male,Batticaloa,33,14092.04,656424.68,One Year,Credit Card,10,294.68,No
C02091,58.0,Male,Colombo,67,11663.09,2137394.01,Month-to-Month,Online Payment,0,145.61,No
C02092,34.0,Female,Colombo,69,41362.76,2743230.4,One Year,Credit Card,13,119.16,No
C02093,29.0,Male,Colombo,12,29511.16,806106.75,One Year,Bank Transfer,3,74.91,No
C02094,63.0,Female,Kurunegala,57,35748.7,703912.76,Two Year,Cash,7,295.09,No
C02095,49.0,Male,Colombo,44,43145.9,317721.57,One Year,Online Payment,13,76.72,No
C02096,32.0,Female,Galle,13,49356.22,804085.99,Two Year,Online Payment,7,8.11,No
C02097,33.0,Female,Negombo,24,13224.7,1609697.82,One Year,Bank Transfer,1,154.23,No
C02098,39.0,Female,Batticaloa,44,9864.22,2498985.29,Month-to-Month,Credit Card,14,113.74,No
C02099,45.0,Female,Colombo,57,23637.92,840006.79,One Year,Credit Card,12,79.15,Yes
C02100,37.0,Male,Colombo,16,2718.49,1865327.45,Month-to-Month,Credit Card,2,190.75,No
C02101,50.0,Male,Colombo,21,39794.18,1441374.14,Two Year,Online Payment,13,109.92,No
C02102,27.0,Female,Colombo,51,44304.24,869294.23,Two Year,Online Payment,12,121.27,No
C02103,57.0,Female,Jaffna,21,34615.95,1533525.45,Two Year,Credit Card,2,7.89,No
C02104,49.0,Male,Jaffna,60,14131.76,508047.38,Two Year,Online Payment,0,177.13,No
C02105,67.0,Male,Kandy,51,7034.62,1920534.79,One Year,Cash,12,37.5,No
C02106,50.0,Female,Colombo,21,19725.07,351409.85,One Year,Bank Transfer,14,64.93,No
C02107,19.0,Female,Kandy,6,41833.45,2194286.67,One Year,Bank Transfer,15,215.42,No
C02108,50.0,Female,Galle,65,18043.56,537249.47,Month-to-Month,Online Payment,13,94.66,No
C02109,50.0,Female,Kandy,58,2678.47,2994486.66,One Year,Cash,10,49.8,No
C02110,58.0,Female,Negombo,6,14439.74,2471899.42,Month-to-Month,Cash,2,173.65,No
C02111,30.0,Male,Jaffna,65,49507.33,1034801.71,Month-to-Month,Credit Card,7,65.26,No
C02112,47.0,Female,Jaffna,34,34156.77,1281483.29,One Year,Bank Transfer,5,82.02,Yes
C02113,50.0,Male,Colombo,56,45141.89,781277.11,Month-to-Month,Bank Transfer,14,186.78,Yes
C02114,30.0,Male,Colombo,3,38968.4,2302508.11,Two Year,Bank Transfer,4,222.22,No
C02115,69.0,Male,Galle,42,27445.57,1145277.28,One Year,Online Payment,9,222.16,No
C02116,43.0,Female,Batticaloa,62,8285.75,2266780.6,One Year,Cash,11,145.19,No
C02117,39.0,Male,Galle,6,18083.58,60112.66,Month-to-Month,Credit Card,14,136.83,Yes
C02118,56.0,Male,Negombo,6,29603.27,411184.77,One Year,Online Payment,8,236.51,No
C02119,19.0,Male,Colombo,63,43660.99,1098098.13,One Year,Credit Card,13,58.72,No
C02120,55.0,Male,Colombo,20,14165.08,331181.06,Month-to-Month,Online Payment,6,46.51,No
C02121,56.0,Female,Galle,21,6940.12,1805378.34,One Year,Bank Transfer,5,199.74,Yes
C02122,43.0,Female,Galle,2,28382.78,157242.14,One Year,Credit Card,4,123.44,Yes
C02123,63.0,Male,Galle,56,9648.56,2579990.17,One Year,Cash,4,213.29,No
C02124,67.0,Male,Jaffna,10,30907.73,2285117.46,Month-to-Month,Cash,9,77.72,Yes
C02125,32.0,Female,Kandy,70,13912.55,652688.16,One Year,Online Payment,8,98.14,No
C02126,51.0,Female,Kandy,23,12317.19,1453956.76,One Year,Bank Transfer,12,269.11,No
C02127,59.0,Female,Colombo,30,20559.86,1358180.17,One Year,Online Payment,9,127.08,No
C02128,61.0,Male,Jaffna,37,30066.4,2175969.52,Two Year,Credit Card,5,177.7,Yes
C02129,66.0,Female,Galle,55,27720.57,1207519.16,One Year,Cash,11,32.9,No
C02130,57.0,Male,Colombo,49,12991.99,103641.22,Month-to-Month,Cash,10,54.47,No
C02131,28.0,Male,Jaffna,34,44664.72,824838.9,Two Year,Cash,3,11.73,No
C02132,20.0,Female,Negombo,44,6384.22,1401256.44,Month-to-Month,Cash,3,127.89,No
C02133,23.0,Male,Batticaloa,22,2933.91,2923604.19,One Year,Credit Card,11,296.69,Yes
C02134,26.0,Female,Jaffna,31,30532.61,2644070.21,One Year,Cash,3,262.29,No
C02135,23.0,Male,Kurunegala,7,7046.95,548311.4,One Year,Online Payment,10,190.24,Yes
C02136,26.0,Female,Colombo,21,25739.65,2171211.44,Two Year,Cash,5,258.47,No
C02137,56.0,Male,Kandy,16,47636.89,2810792.29,One Year,Credit Card,0,178.66,Yes
C02138,48.0,Male,Kurunegala,20,35230.43,31333.88,Month-to-Month,Bank Transfer,8,111.26,No
C02139,49.0,Female,Galle,43,31255.37,2164232.29,Two Year,Bank Transfer,13,52.89,Yes
C02140,58.0,Female,Batticaloa,44,29165.46,1380703.82,Month-to-Month,Cash,1,196.26,No
C02141,67.0,Female,Negombo,47,9797.42,2042307.41,Month-to-Month,Bank Transfer,1,58.72,No
C02142,29.0,Female,Batticaloa,19,22199.74,1818739.87,Month-to-Month,Credit Card,4,125.81,No
C02143,25.0,Male,Batticaloa,48,17783.65,2954073.16,Month-to-Month,Cash,15,247.91,Yes
C02144,25.0,Female,Jaffna,69,47700.64,870002.14,Month-to-Month,Credit Card,11,39.64,No
C02145,67.0,Female,Colombo,11,12873.69,2359498.23,One Year,Bank Transfer,11,39.58,No
C02146,-5.0,Male,Colombo,29,24104.3,707746.47,Month-to-Month,Bank Transfer,10,68.1,No
C02147,37.0,Female,Batticaloa,45,46965.89,1309645.89,Month-to-Month,Cash,3,166.02,No
C02148,64.0,Female,Galle,68,39669.85,2926265.72,One Year,Bank Transfer,2,76.27,No
C02149,24.0,Male,Colombo,36,48261.25,2299578.21,Two Year,Cash,4,151.46,Yes
C02150,28.0,Female,Batticaloa,48,30808.18,950884.66,One Year,Cash,6,91.29,No
C02151,37.0,Female,Colombo,15,17355.56,1860011.0,Two Year,Online Payment,9,152.37,No
C02152,33.0,Female,Galle,44,41505.84,153827.79,Month-to-Month,Online Payment,1,84.01,No
C02153,21.0,Female,Negombo,67,15281.36,802852.78,One Year,Online Payment,12,294.02,No
C02154,23.0,Female,Kurunegala,40,9073.87,2156579.52,Two Year,Credit Card,15,148.32,No
C02155,39.0,Female,Batticaloa,14,35608.15,1712430.24,Two Year,Bank Transfer,12,223.35,No
C02156,43.0,Male,Kandy,63,32308.83,1411670.19,One Year,Bank Transfer,5,210.46,No
C02157,20.0,Female,Kandy,51,44068.5,2074173.8,One Year,Online Payment,3,147.68,No
C02158,58.0,Male,Batticaloa,58,48134.31,1198384.38,One Year,Cash,1,72.42,No
C02159,59.0,Male,Jaffna,15,43002.68,83337.65,One Year,Cash,0,153.7,Yes
C02160,31.0,Male,Jaffna ,65,3941.07,1325874.74,One Year,Cash,7,204.61,No
C02161,28.0,Male,Jaffna,55,33561.16,2706876.93,Month-to-Month,Cash,4,138.52,No
C02162,35.0,Female,Kurunegala,10,39451.89,2570562.31,Month-to-Month,Credit Card,9,25.5,No
C02163,29.0,Female,Kandy,42,49114.51,1229946.57,One Year,Bank Transfer,15,6.38,No
C02164,40.0,Female,Galle,11,19358.4,71553.22,One Year,Online Payment,1,99.04,No
C02165,29.0,Male,Batticaloa,16,9324.2,1910740.28,Month-to-Month,Credit Card,7,45.92,No
C02166,30.0,Female,Kurunegala,19,42793.72,2224877.31,Two Year,Bank Transfer,2,271.95,No
C02167,42.0,Female,Colombo,31,16555.87,886259.51,Month-to-Month,Credit Card,6,53.57,Yes
C02168,62.0,Female,Kandy,53,30311.89,1432608.68,One Year,Cash,1,118.89,No
C02169,68.0,Male,Negombo,8,,2975611.1,Two Year,Credit Card,12,213.91,No
C02170,36.0,Male,Kandy,24,20713.99,1731147.32,One Year,Credit Card,6,244.81,No
C02171,63.0,Female,Negombo,8,36890.76,1056469.34,Two Year,Cash,14,143.84,No
C02172,53.0,Male,Negombo,48,18712.28,1884329.19,One Year,Cash,3,55.16,Yes
C02173,62.0,Male,Batticaloa,30,34960.68,544166.81,Month-to-Month,Online Payment,15,82.0,Yes
C02174,25.0,Female,Negombo,58,1702.09,601760.86,One Year,Online Payment,15,126.27,No
C02175,46.0,Male,Jaffna,55,16907.72,2775149.52,Month-to-Month,Bank Transfer,9,110.01,No
C02176,,Male,Kurunegala,62,16633.16,721404.12,Two Year,Online Payment,0,105.25,No
C02177,49.0,Female,Galle,48,37692.93,935814.19,Month-to-Month,Online Payment,4,40.42,No
C02178,68.0,Male,Kandy,4,16413.3,1633612.84,Two Year,Bank Transfer,11,274.08,No
C02179,61.0,Male,COLOMBO,37,32033.03,2699579.4,One Year,Credit Card,13,9.9,Yes
C02180,35.0,Male,Kurunegala,8,34737.7,2345439.42,Month-to-Month,Credit Card,11,132.56,Yes
C02181,23.0,Male,Colombo,1,33262.85,136132.84,Two Year,Credit Card,12,294.12,Yes
C02182,35.0,Male,Kurunegala,70,30561.39,2080623.86,Two Year,Cash,13,198.26,No
C02183,36.0,Male,Kandy,47,21267.23,1514664.14,Two Year,Bank Transfer,3,107.27,No
C02184,39.0,Male,Galle,5,,1429280.76,Two Year,Credit Card,7,44.68,No
C02185,54.0,Male,Galle,50,28664.62,2076217.31,One Year,Online Payment,0,289.2,Yes
C02186,49.0,Female,Batticaloa,24,4121.45,592714.98,One Year,Online Payment,1,5.18,No
C02187,58.0,Female,Batticaloa,47,43915.17,2944558.55,One Year,Online Payment,4,204.73,Yes
C02188,20.0,Female,Kurunegala,18,41440.44,1937693.06,Two Year,Bank Transfer,9,264.16,No
C02189,45.0,Female,Kurunegala,28,17972.85,1100140.24,One Year,Bank Transfer,9,8.52,Yes
C02190,,Male,Colombo,5,28774.14,1802605.61,Two Year,Online Payment,11,217.83,Yes
C02191,68.0,Female,Negombo,30,46679.16,653330.24,Two Year,Cash,12,299.65,No
C02192,52.0,Female,Kandy,1,14310.2,1903356.39,Two Year,Cash,1,192.25,No
C02193,46.0,Male,Batticaloa,46,37380.31,89510.34,Month-to-Month,Credit Card,10,124.99,No
C02194,32.0,Male,Kandy,69,5053.86,1026839.82,One Year,Credit Card,15,262.45,No
C02195,50.0,Male,Colombo,31,26645.24,2243813.11,One Year,Credit Card,0,166.7,Yes
C02196,24.0,Male,Batticaloa,70,44314.49,2424893.66,Month-to-Month,Credit Card,5,225.08,No
C02197,29.0,Male,Batticaloa,56,28033.75,762493.64,Month-to-Month,Credit Card,11,176.75,No
C02198,66.0,Female,Negombo,28,31196.39,1620531.34,Month-to-Month,Bank Transfer,12,12.45,Yes
C02199,47.0,Male,Kandy,16,45474.33,1587836.2,Month-to-Month,Bank Transfer,12,64.73,No
C02200,38.0,Female,Kandy,54,36052.67,1267260.86,Two Year,Cash,11,24.55,No
C02201,200.0,Female,Kandy,53,35097.61,689156.78,One Year,Cash,9,32.9,No
C02202,41.0,Male,Negombo,12,29732.82,2111168.56,One Year,Bank Transfer,3,5.61,No
C02203,37.0,Female,Batticaloa,20,32016.44,760823.24,One Year,Cash,14,126.93,No
C02204,54.0,Female,Colombo,34,40381.57,2733522.08,Two Year,Online Payment,15,54.42,No
C02205,21.0,Male,Kandy,53,48982.42,1587861.37,One Year,Cash,4,256.85,No
C02206,45.0,Female,Galle,64,39970.94,2612082.62,Month-to-Month,Online Payment,2,225.26,No
C02207,61.0,Female,Negombo,23,35669.3,875774.45,One Year,Online Payment,14,172.38,No
C02208,37.0,Female,Jaffna,27,7641.7,2422202.07,One Year,Credit Card,9,147.22,No
C02209,41.0,Male,Colombo,17,41036.94,345422.44,Two Year,Cash,15,77.5,No
C02210,67.0,Male,Galle,48,37063.72,2301656.87,Month-to-Month,Online Payment,5,143.01,No
C02211,66.0,Male,Kandy,21,38751.18,1163902.82,Month-to-Month,Cash,3,192.73,No
C02212,68.0,Female,Jaffna,50,12323.73,1412620.32,Month-to-Month,Cash,12,234.89,No
C02213,49.0,Male,Colombo,40,45268.74,504587.92,One Year,Bank Transfer,5,25.42,Yes
C02214,58.0,Female,Negombo,3,5766.79,60789.93,Month-to-Month,Bank Transfer,12,212.83,No
C02215,53.0,Male,Jaffna,17,13426.99,2000261.49,Month-to-Month,Credit Card,4,223.08,No
C02216,70.0,Female,Batticaloa,61,33488.15,1765216.26,One Year,Cash,10,168.13,No
C02217,51.0,Male,Kurunegala,50,34012.01,1869172.32,Two Year,Bank Transfer,1,65.08,No
C02218,53.0,Male,Jaffna,6,16352.9,768730.27,One Year,Online Payment,3,162.22,No
C02219,19.0,Female,Kurunegala,28,35374.47,721636.0,Two Year,Online Payment,1,151.31,Yes
C02220,32.0,Male,Galle,72,20008.6,2491737.45,Two Year,Credit Card,4,143.24,No
C02221,51.0,Female,Colombo,55,1008.6,2284951.99,Month-to-Month,Online Payment,2,138.73,Yes
C02222,53.0,Male,Galle,58,8967.7,1013686.4,Month-to-Month,Cash,5,34.14,No
C02223,23.0,Male,Galle,45,44248.3,1915228.12,One Year,Online Payment,14,55.68,No
C02224,56.0,Female,Kandy,72,11912.01,2485309.26,Two Year,Credit Card,10,30.1,No
C02225,59.0,Female,Negombo,19,6532.61,2667044.18,One Year,Credit Card,4,73.5,No
C02226,68.0,Female,Jaffna,29,34427.83,22389.75,Month-to-Month,Online Payment,1,79.78,No
C02227,68.0,Male,Colombo,23,22594.62,2441319.87,Two Year,Cash,13,74.28,No
C02228,29.0,Female,Batticaloa,32,40032.96,1054425.04,Month-to-Month,Bank Transfer,9,64.07,No
C02229,20.0,Male,Negombo,10,43210.8,2156542.96,Month-to-Month,Cash,10,220.89,No
C02230,62.0,Female,Negombo,49,42453.45,1117347.09,Month-to-Month,Cash,7,245.75,No
C02231,35.0,Female,Colombo,65,16337.45,1820716.01,Two Year,Cash,5,98.81,Yes
C02232,57.0,Female,Negombo,29,25771.75,1942113.41,Two Year,Online Payment,8,92.23,Yes
C02233,38.0,Female,Kandy,59,32856.94,1217953.35,Month-to-Month,Bank Transfer,2,253.37,Yes
C02234,32.0,Female,Negombo,45,-500.0,1540792.07,Two Year,Cash,15,187.55,No
C02235,50.0,Female,Kandy,67,3013.87,2180308.55,Month-to-Month,Bank Transfer,13,88.74,Yes
C02236,52.0,Male,Jaffna,51,25287.55,1431534.28,Month-to-Month,Credit Card,15,214.37,No
C02237,43.0,Female,Jaffna,11,1628.1,46871.55,Month-to-Month,Bank Transfer,10,104.03,Yes
C02238,25.0,Male,Galle,6,47581.64,43648.07,Two Year,Online Payment,3,176.38,No
C02239,53.0,Female,Kandy,67,40037.5,1985626.0,One Year,Credit Card,10,297.8,No
C02240,65.0,Female,Batticaloa,62,10408.48,2542476.42,One Year,Credit Card,7,91.18,No
C02241,47.0,Female,Jaffna,5,15091.02,2356894.24,Two Year,Cash,15,279.23,No
C02242,40.0,Male,Negombo,9,49159.09,934648.9,Two Year,Bank Transfer,6,96.88,No
C02243,59.0,Male,Colombo,28,19303.88,1416028.02,Month-to-Month,Credit Card,7,162.55,Yes
C02244,61.0,Female,Colombo,38,39402.4,706311.42,Month-to-Month,Credit Card,8,138.54,No
C02245,31.0,Male,Kurunegala,43,22893.96,2967503.98,One Year,Bank Transfer,13,235.16,No
C02246,31.0,Female,Kandy,21,43340.7,785216.82,Month-to-Month,Bank Transfer,7,19.27,Yes
C02247,19.0,Female,Batticaloa,62,35483.92,1251703.47,One Year,Credit Card,7,188.51,Yes
C02248,54.0,Male,Galle,46,2122.59,2044981.21,One Year,Credit Card,15,228.44,No
C02249,22.0,Male,Negombo,70,15425.1,2628672.92,Two Year,Bank Transfer,5,142.17,Yes
C02250,55.0,Male,Kandy,38,28341.62,159169.67,Two Year,Online Payment,10,32.48,No
C02251,62.0,Male,Kurunegala,49,46382.53,906553.93,Two Year,Bank Transfer,1,74.2,Yes
C02252,58.0,Female,Colombo,39,5999.46,1709112.61,One Year,Online Payment,11,204.22,No
C02253,64.0,Male,Kandy,71,30456.96,1856847.68,Two Year,Credit Card,6,268.74,No
C02254,31.0,Male,Negombo,30,15806.66,214732.18,One Year,Cash,3,127.06,No
C02255,56.0,Female,Batticaloa,21,44577.06,1993915.82,Two Year,Bank Transfer,2,168.56,No
C02256,42.0,Male,Batticaloa,1,38493.31,1586552.77,One Year,Credit Card,3,69.29,No
C02257,37.0,Male,Jaffna,32,19115.43,2483744.0,Month-to-Month,Credit Card,3,124.25,No
C02258,19.0,Male,Negombo,8,9188.06,670456.58,Month-to-Month,Cash,2,101.7,No
C02259,56.0,Male,Kurunegala,69,1563.4,589105.82,One Year,Bank Transfer,8,197.0,No
C02260,23.0,Female,Jaffna,30,31435.59,2381044.98,One Year,Credit Card,13,295.42,No
C02261,34.0,Female,Jaffna,8,20900.07,2113088.04,Month-to-Month,Online Payment,2,244.18,No
C02262,42.0,Male,Jaffna,19,16423.07,2376061.71,One Year,Cash,1,58.46,No
C02263,45.0,Male,Kandy,59,49289.61,2346892.75,One Year,Online Payment,12,173.73,Yes
C02264,19.0,Female,Kurunegala,55,23840.96,316482.02,Month-to-Month,Bank Transfer,0,20.86,No
C02265,52.0,Male,Colombo,30,37742.12,839356.23,One Year,Online Payment,10,74.83,No
C02266,54.0,Male,Batticaloa,36,9693.21,783954.98,Two Year,Cash,0,52.49,Yes
C02267,22.0,Male,Kandy,55,1659.31,2804088.91,Month-to-Month,Credit Card,4,101.33,No
C02268,18.0,Male,Colombo,44,21460.57,1464962.39,Two Year,Cash,11,203.97,No
C02269,57.0,Male,Batticaloa,27,33617.58,337616.11,One Year,Credit Card,11,150.32,Yes
C02270,29.0,Male,Kurunegala,54,25823.34,872285.83,One Year,Credit Card,4,279.94,No
C02271,53.0,Male,Kurunegala,48,44632.85,2616345.44,Two Year,Online Payment,11,64.61,No
C02272,62.0,Male,Negombo,30,22264.99,2541963.8,One Year,Cash,8,109.9,No
C02273,40.0,Male,Batticaloa,39,16239.14,2701516.75,One Year,Cash,3,99.63,No
C02274,64.0,Female,Batticaloa,13,45886.39,1168643.67,Two Year,Credit Card,4,71.55,No
C02275,48.0,Female,Kurunegala,16,20933.31,1925816.18,One Year,Cash,12,297.96,No
C02276,28.0,Female,Batticaloa,44,14212.75,838130.89,Month-to-Month,Bank Transfer,5,116.78,Yes
C02277,27.0,Male,Galle,71,5785.39,546571.87,Two Year,Bank Transfer,12,282.21,No
C02278,20.0,Male,Negombo,27,39872.18,70593.72,Two Year,Online Payment,9,117.75,No
C02279,31.0,Female,Kandy,45,41429.48,674205.64,Two Year,Online Payment,6,62.02,Yes
C02280,33.0,Male,Kandy,35,2631.59,1815100.54,Two Year,Cash,8,36.64,Yes
C02281,27.0,Female,Colombo,28,18573.63,2713109.89,Month-to-Month,Online Payment,12,256.81,No
C02282,46.0,Male,Kandy,7,37743.95,404594.56,Two Year,Cash,5,10.6,Yes
C02283,27.0,Female,Jaffna,62,47372.71,2754444.63,Two Year,Online Payment,0,289.35,No
C02284,29.0,Female,Batticaloa,51,19513.1,1039428.78,One Year,Bank Transfer,7,126.04,No
C02285,47.0,Female,Kandy,46,43730.62,1283351.08,Two Year,Credit Card,13,74.96,No
C02286,58.0,Male,Colombo,20,20292.3,1098110.73,One Year,Credit Card,1,185.62,No
C02287,18.0,Female,Colombo,38,9795.24,1228781.38,Two Year,Bank Transfer,15,40.74,No
C02288,22.0,Male,Jaffna,61,1168.86,781283.48,Two Year,Credit Card,8,22.57,Yes
C02289,37.0,Male,Colombo,32,17178.87,2097321.01,Month-to-Month,Cash,10,248.51,Yes
C02290,25.0,Male,Kurunegala,26,19545.28,2275758.42,One Year,Cash,6,127.98,No
C02291,60.0,Male,Galle,58,47310.76,2470223.11,Month-to-Month,Bank Transfer,6,155.96,No
C02292,29.0,Male,Kurunegala,39,11097.44,1027162.3,One Year,Bank Transfer,9,53.83,Yes
C02293,18.0,Male,Batticaloa,20,19729.3,2295057.54,Two Year,Bank Transfer,9,19.37,No
C02294,37.0,Male,Batticaloa,50,2232.55,1914837.7,Month-to-Month,Bank Transfer,11,110.97,No
C02295,45.0,Female,Batticaloa,52,38413.45,2873958.68,One Year,Credit Card,4,152.34,No
C02296,60.0,Female,Negombo,22,45841.92,1277231.57,One Year,Credit Card,7,229.86,No
C02297,54.0,Female,Kandy,53,12653.21,2976967.64,Month-to-Month,Credit Card,9,150.81,Yes
C02298,64.0,Male,Galle,66,22020.76,2222480.12,One Year,Cash,14,234.97,Yes
C02299,54.0,Male,Kandy,43,6983.52,2329951.88,Two Year,Online Payment,0,35.51,No
C02300,29.0,Male,Galle,23,,81986.06,One Year,Cash,2,20.12,Yes
C02301,54.0,Male,Kandy,64,7533.78,1494708.06,Two Year,Online Payment,8,48.5,No
C02302,66.0,Female,Jaffna,9,26644.08,1587368.45,One Year,Bank Transfer,14,231.83,No
C02303,66.0,Male,Kurunegala,7,36996.48,126597.31,Month-to-Month,Bank Transfer,0,228.04,No
C02304,61.0,Female,Colombo,41,28113.8,939833.01,Two Year,Credit Card,10,43.27,Yes
C02305,45.0,Male,Colombo,54,13015.76,2867154.32,One Year,Credit Card,7,10.27,Yes
C02306,64.0,Female,Kurunegala,65,18336.0,1281203.75,Two Year,Online Payment,5,205.9,No
C02307,32.0,Male,Jaffna,2,32290.06,564172.44,Month-to-Month,Online Payment,11,256.73,No
C02308,23.0,Female,Galle,4,29898.02,1542449.43,One Year,Credit Card,14,226.48,No
C02309,61.0,Male,Kurunegala,32,7701.96,106127.9,One Year,Bank Transfer,12,61.64,No
C02310,37.0,Female,Negombo,2,42402.52,1550386.16,Two Year,Credit Card,15,175.55,No
C02311,67.0,Male,Galle,64,24284.26,1784833.58,Month-to-Month,Bank Transfer,14,227.45,No
C02312,31.0,Female,Colombo,14,8956.09,1076294.62,Month-to-Month,Bank Transfer,9,77.49,No
C02313,19.0,Female,Negombo,20,7018.5,2288915.71,One Year,Cash,4,158.79,No
C02314,26.0,Male,Kandy,49,48312.04,411463.66,Two Year,Cash,11,95.02,No
C02315,54.0,Female,Negombo,8,14795.22,2635159.31,One Year,Online Payment,5,68.45,Yes
C02316,37.0,Male,Galle,63,45521.09,2866557.51,One Year,Bank Transfer,10,290.91,Yes
C02317,43.0,Male,Jaffna,46,21118.68,8697.4,Two Year,Credit Card,4,273.86,No
C02318,46.0,Male,Kandy,21,19910.15,2528951.37,Month-to-Month,Bank Transfer,14,134.25,Yes
C02319,18.0,Female,Galle,32,35345.52,1520784.92,One Year,Online Payment,8,41.9,Yes
C02320,52.0,Female,Kandy,8,1484.28,1386909.87,One Year,Bank Transfer,1,218.64,No
C02321,23.0,Male,Negombo,16,17566.39,719843.93,Two Year,Bank Transfer,9,77.45,No
C02322,54.0,Male,Colombo,40,15829.64,1344738.5,Two Year,Online Payment,5,51.39,No
C02323,70.0,Female,Galle,27,43536.81,2851529.31,One Year,Bank Transfer,11,115.08,No
C02324,22.0,Female,Jaffna,18,26927.05,636308.96,Month-to-Month,Cash,3,159.43,Yes
C02325,50.0,Female,Kurunegala,35,18863.94,541228.51,Two Year,Online Payment,15,30.13,Yes
C02326,66.0,Male,Negombo,52,14037.89,729479.43,One Year,Cash,2,171.95,No
C02327,68.0,Male,Galle,15,29934.98,1657743.41,Month-to-Month,Online Payment,11,5.59,No
C02328,31.0,Male,Jaffna,63,8431.98,2791247.95,Two Year,Bank Transfer,4,267.67,No
C02329,29.0,Male,Galle,53,13064.03,1723775.36,Two Year,Cash,1,276.3,No
C02330,59.0,Male,Negombo,66,15387.0,734230.02,One Year,Cash,2,220.19,No
C02331,37.0,Female,Galle,31,30787.54,1324154.68,Two Year,Credit Card,6,140.5,Yes
C02332,70.0,Male,Kandy,61,19289.49,1174248.39,One Year,Cash,11,77.21,No
C02333,67.0,Female,Negombo,64,25783.38,144475.56,Two Year,Cash,0,223.49,No
C02334,41.0,Female,Galle,34,32871.47,1534372.34,Month-to-Month,Bank Transfer,1,279.61,No
C02335,60.0,Male,Kurunegala,55,47857.31,382389.13,Month-to-Month,Cash,2,48.4,Yes
C02336,51.0,Female,Colombo,59,38477.03,2527520.91,Two Year,Cash,9,140.28,Yes
C02337,42.0,Male,Galle,3,20857.58,1649143.91,One Year,Cash,12,95.26,No
C02338,67.0,Female,Kandy,17,37665.49,2534596.42,Two Year,Bank Transfer,13,107.67,No
C02339,46.0,Male,Jaffna,46,47535.01,2868353.84,One Year,Online Payment,11,122.32,No
C02340,56.0,Male,Kurunegala,38,25469.65,2829848.93,Two Year,Bank Transfer,13,285.59,Yes
C02341,48.0,Female,Jaffna,35,21114.35,305785.86,Month-to-Month,Cash,6,78.33,Yes
C02342,64.0,Male,Kurunegala,1,4822.92,2834727.13,One Year,Online Payment,3,148.31,No
C02343,60.0,Female,Jaffna,29,44726.15,2388262.89,Month-to-Month,Bank Transfer,11,285.49,No
C02344,67.0,Male,Colombo,4,13075.28,2334086.03,Month-to-Month,Bank Transfer,7,143.34,No
C02345,40.0,Male,Kandy,61,4133.94,274934.98,Month-to-Month,Online Payment,7,259.22,No
C02346,61.0,Male,Negombo,17,27322.97,542646.53,Two Year,Credit Card,14,18.57,No
C02347,55.0,Female,Jaffna,28,42449.08,2925614.32,One Year,Cash,0,285.96,No
C02348,37.0,Female,Kurunegala,50,20925.12,644043.62,Month-to-Month,Credit Card,4,57.07,No
C02349,40.0,Male,Kandy,8,39370.31,511314.72,One Year,Cash,15,294.0,No
C02350,62.0,Female,Galle,34,41983.4,1090243.1,One Year,Cash,0,53.5,No
C02351,69.0,Male,Colombo,59,23265.77,2740501.81,Month-to-Month,Credit Card,14,133.87,No
C02352,33.0,Female,Kandy,18,29956.8,1431199.42,Two Year,Credit Card,12,93.28,No
C02353,67.0,Female,Kandy,59,27161.7,2762148.24,Month-to-Month,Cash,12,130.54,No
C02354,59.0,Male,Negombo,27,47020.6,1006344.65,Month-to-Month,Online Payment,6,75.91,No
C02355,25.0,Male,Kandy,16,36549.78,683453.29,One Year,Online Payment,12,289.63,No
C02356,67.0,Male,COLOMBO,10,46341.8,1488133.01,Two Year,Credit Card,3,92.41,No
C02357,38.0,Male,Colombo,22,11780.49,1848353.29,One Year,Credit Card,15,196.33,No
C02358,18.0,Male,Colombo,16,16201.61,1177539.5,Two Year,Bank Transfer,14,42.1,Yes
C02359,25.0,Female,Galle,12,4474.76,1041361.38,Month-to-Month,Online Payment,11,247.49,No
C02360,46.0,Female,Negombo,51,25495.49,658087.56,Two Year,Online Payment,7,163.21,No
C02361,49.0,Male,Negombo,1,43822.26,828645.26,One Year,Cash,15,293.85,No
C02362,55.0,Male,Jaffna,27,17015.49,2020988.3,Month-to-Month,Bank Transfer,11,127.6,No
C02363,22.0,Male,Jaffna,67,7285.82,1112771.25,Two Year,Cash,7,59.44,No
C02364,64.0,Female,Galle,12,4353.87,243872.34,Two Year,Bank Transfer,8,104.46,No
C02365,,Male,Colombo,30,22927.51,418775.39,One Year,Online Payment,10,221.35,Yes
C02366,64.0,Male,Batticaloa,9,9037.07,1120275.67,Two Year,Cash,5,198.07,Yes
C02367,51.0,Female,Jaffna,53,17959.1,2773884.78,Month-to-Month,Bank Transfer,6,233.73,No
C02368,18.0,Female,Kandy,61,41179.01,1140195.63,Two Year,Cash,14,22.97,No
C02369,43.0,Female,Colombo,54,19818.32,186623.02,One Year,Bank Transfer,6,174.53,Yes
C02370,60.0,Female,Batticaloa,37,30883.67,1256892.8,Two Year,Credit Card,4,279.72,Yes
C02371,27.0,Male,Kandy,65,25605.84,2008108.69,Month-to-Month,Cash,6,33.26,No
C02372,47.0,Female,Kurunegala,42,36208.13,1782820.42,Month-to-Month,Credit Card,14,29.21,No
C02373,67.0,Female,Negombo,49,8652.08,840014.87,Two Year,Bank Transfer,8,215.26,No
C02374,35.0,Male,Colombo,4,46101.61,2065826.32,Two Year,Cash,11,95.24,Yes
C02375,34.0,Male,Kurunegala,64,32538.01,1893720.0,Month-to-Month,Bank Transfer,13,197.92,No
C02376,43.0,Male,Galle,51,14276.73,520658.04,One Year,Bank Transfer,11,164.07,No
C02377,25.0,Female,Negombo,72,7039.43,490624.29,Month-to-Month,Credit Card,10,295.83,No
C02378,64.0,Male,Negombo,60,8336.55,1643813.33,Two Year,Cash,3,266.83,Yes
C02379,57.0,Female,Kandy,31,39350.48,1980018.49,Two Year,Online Payment,12,203.74,No
C02380,66.0,Female,Kurunegala,72,29817.39,2885922.2,One Year,Bank Transfer,1,79.24,Yes
C02381,29.0,Female,Negombo,58,19657.16,1268682.24,Month-to-Month,Credit Card,7,79.31,No
C02382,44.0,Male,Jaffna,4,17312.14,2295993.02,Month-to-Month,Online Payment,6,264.79,No
C02383,25.0,Female,Colombo,22,42932.14,353979.64,One Year,Credit Card,5,176.02,Yes
C02384,42.0,Male,Jaffna,3,43863.36,2669379.04,Month-to-Month,Credit Card,6,237.0,Yes
C02385,63.0,Male,Kandy,47,,1901157.09,One Year,Credit Card,11,135.51,No
C02386,21.0,Male,Batticaloa,38,26702.66,1888945.84,Month-to-Month,Bank Transfer,15,31.82,No
C02387,50.0,Female,Kandy,33,41005.95,431615.69,One Year,Online Payment,2,100.47,Yes
C02388,18.0,Female,Colombo,48,37717.42,123553.27,One Year,Bank Transfer,5,49.18,No
C02389,36.0,Female,Negombo,65,20615.93,2105840.17,One Year,Bank Transfer,9,234.77,No
C02390,48.0,Male,Kurunegala,26,5054.2,355584.09,Two Year,Cash,13,210.45,No
C02391,33.0,Female,Kurunegala,8,38656.51,385275.6,Two Year,Online Payment,15,27.44,Yes
C02392,31.0,Female,Galle,50,9266.35,566562.94,Two Year,Cash,15,186.79,No
C02393,70.0,Female,Kandy,38,1802.47,297750.72,Month-to-Month,Credit Card,6,262.37,No
C02394,65.0,Female,Colombo,10,42321.83,1878050.6,One Year,Online Payment,6,209.51,Yes
C02395,22.0,Female,Galle,42,29334.44,1268904.39,Month-to-Month,Online Payment,12,153.82,No
C02396,0.0,Male,Negombo,37,44691.64,801957.8,Month-to-Month,Bank Transfer,12,94.25,Yes
C02397,43.0,Male,Batticaloa,26,24744.82,1325044.45,One Year,Credit Card,4,266.24,No
C02398,45.0,Male,Kandy,12,46397.57,2533199.31,Two Year,Bank Transfer,2,127.42,Yes
C02399,19.0,Male,Batticaloa,49,18344.62,2781602.82,Month-to-Month,Cash,1,256.76,No
C02400,67.0,Female,Colombo,14,36501.58,1464991.05,Month-to-Month,Credit Card,12,235.12,No
C02401,23.0,Male,Batticaloa,46,15748.34,1702424.98,Month-to-Month,Bank Transfer,6,245.05,No
C02402,26.0,Female,Batticaloa,35,1057.02,775313.79,Two Year,Bank Transfer,3,296.95,No
C02403,,Male,Colombo,29,19607.48,1543233.13,One Year,Bank Transfer,1,224.88,No
C02404,58.0,Male,Colombo,12,37150.51,2245618.22,One Year,Credit Card,12,11.18,No
C02405,42.0,Male,Kandy,44,8351.18,1478951.1,Month-to-Month,Cash,7,62.42,No
C02406,65.0,Female,Batticaloa,66,25735.3,909708.34,One Year,Online Payment,1,11.52,No
C02407,30.0,Female,Galle,2,11403.75,1748192.87,Two Year,Bank Transfer,5,57.78,Yes
C02408,26.0,Male,Colombo,59,4656.58,2840234.81,One Year,Credit Card,3,19.37,No
C02409,70.0,Female,Negombo,17,31255.15,2664511.64,Month-to-Month,Online Payment,8,150.98,Yes
C02410,30.0,Male,Batticaloa,10,47646.41,2308880.93,Month-to-Month,Bank Transfer,4,9.43,No
C02411,48.0,Male,Colombo,18,16224.51,832247.85,One Year,Credit Card,15,142.3,No
C02412,58.0,Male,Galle,22,29451.64,728470.72,Month-to-Month,Cash,3,269.75,Yes
C02413,28.0,Female,Kurunegala,58,47726.57,2516418.88,Two Year,Bank Transfer,7,224.82,Yes
C02414,21.0,Male,COLOMBO,53,32873.68,548045.84,Two Year,Credit Card,2,283.24,No
C02415,51.0,Male,Batticaloa,1,33982.55,1818805.87,Two Year,Bank Transfer,13,68.77,No
C02416,55.0,Male,Kurunegala,61,9767.5,1319595.18,Two Year,Credit Card,12,159.79,No
C02417,63.0,Female,Colombo,31,25137.87,1406619.47,Month-to-Month,Cash,8,96.26,No
C02418,21.0,Male,Colombo,31,18987.05,1366357.49,Month-to-Month,Cash,7,148.65,Yes
C02419,55.0,Female,Negombo,66,24076.89,2700350.69,One Year,Credit Card,13,167.57,No
C02420,36.0,Male,Negombo,19,40240.5,265847.28,Month-to-Month,Online Payment,11,11.82,No
C02421,23.0,Female,Batticaloa,53,23574.25,2349789.84,One Year,Cash,13,70.74,No
C02422,51.0,Male,Kurunegala,22,4079.68,2505862.95,Month-to-Month,Bank Transfer,11,211.73,No
C02423,35.0,Male,Kurunegala,23,45371.54,2828917.06,One Year,Cash,7,232.11,No
C02424,30.0,Female,Colombo,15,27695.98,1360536.87,One Year,Bank Transfer,9,171.27,Yes
C02425,58.0,Female,Batticaloa,26,46300.22,1502695.25,Two Year,Cash,4,81.98,Yes
C02426,40.0,Male,Colombo,3,29045.37,2884077.09,One Year,Cash,0,122.12,No
C02427,36.0,Female,Negombo,20,4412.18,1378060.93,One Year,Bank Transfer,10,29.72,No
C02428,62.0,Male,Galle,40,28090.6,1513127.68,One Year,Cash,9,286.0,No
C02429,28.0,Male,Jaffna,39,29211.21,1000101.68,One Year,Bank Transfer,12,260.73,No
C02430,18.0,Male,Jaffna,72,11502.65,99724.21,One Year,Bank Transfer,8,20.62,No
C02431,41.0,Female,Colombo,18,24080.43,1301998.38,Two Year,Cash,1,50.78,Yes
C02432,24.0,Male,Kurunegala,41,23512.63,1966998.48,One Year,Cash,0,174.75,No
C02433,42.0,Female,Negombo,70,31520.93,2071388.0,One Year,Bank Transfer,5,70.5,Yes
C02434,38.0,Male,Kandy,27,13721.09,24493.4,One Year,Credit Card,0,280.39,Yes
C02435,32.0,Female,Kandy,15,29505.67,2404153.06,Month-to-Month,Cash,15,226.92,Yes
C02436,18.0,Female,Jaffna,37,12806.65,1479784.76,Month-to-Month,Online Payment,9,82.71,No
C02437,29.0,Male,Galle,58,22875.82,1564632.36,Two Year,Cash,9,2.82,Yes
C02438,24.0,Female,Jaffna,5,7012.58,2885422.35,One Year,Credit Card,12,240.03,No
C02439,32.0,Male,Colombo,7,2827.73,856961.17,One Year,Credit Card,9,127.8,No
C02440,38.0,Male,Galle,41,16708.78,2286147.71,Month-to-Month,Cash,14,193.07,No
C02441,36.0,Male,Kandy,10,14454.02,1726454.86,One Year,Cash,6,86.81,No
C02442,46.0,Male,Kurunegala,62,20939.86,2103891.39,Two Year,Online Payment,13,43.72,No
C02443,42.0,Male,Negombo,26,48137.15,1256363.27,One Year,Cash,6,202.92,No
C02444,50.0,Female,Negombo,68,26589.24,841226.58,Two Year,Credit Card,12,135.65,Yes
C02445,66.0,Male,Colombo,24,28105.66,1640647.23,Month-to-Month,Online Payment,0,71.32,Yes
C02446,49.0,Female,Jaffna,41,47138.45,1127948.73,Two Year,Cash,9,42.15,No
C02447,66.0,Female,Colombo,65,46136.21,672618.98,Two Year,Online Payment,12,174.56,Yes
C02448,52.0,Male,Negombo,17,44321.49,2518512.26,Two Year,Online Payment,4,217.94,Yes
C02449,61.0,Female,Kandy,24,5801.74,1430115.63,Two Year,Credit Card,2,85.88,No
C02450,55.0,Male,Negombo,27,32080.57,2542710.64,Two Year,Credit Card,12,220.81,Yes
C02451,43.0,Female,Galle,7,40596.85,1424724.59,Two Year,Bank Transfer,12,55.75,No
C02452,28.0,Female,Kurunegala,12,41943.16,1672609.1,Two Year,Credit Card,10,102.19,No
C02453,52.0,Female,Kurunegala,3,29317.45,2985864.32,Two Year,Bank Transfer,11,223.72,No
C02454,25.0,Male,Batticaloa,10,1857.28,2854755.12,Two Year,Credit Card,13,198.38,No
C02455,63.0,Female,Negombo,33,48711.93,818711.16,Month-to-Month,Credit Card,1,81.89,No
C02456,31.0,Male,Negombo,46,24137.64,2606622.88,Two Year,Bank Transfer,15,37.52,No
C02457,27.0,Female,Kurunegala,59,20286.2,1174258.43,Two Year,Bank Transfer,10,13.7,No
C02458,19.0,Female,Batticaloa,52,20352.49,218389.97,One Year,Bank Transfer,14,251.54,Yes
C02459,63.0,Female,Galle,6,21783.39,1729464.14,One Year,Online Payment,4,23.47,No
C02460,26.0,Female,Jaffna,2,12866.86,2931270.32,One Year,Bank Transfer,4,35.34,No
C02461,20.0,Male,Negombo,29,17039.35,2923069.49,Two Year,Online Payment,1,72.08,No
C02462,38.0,Male,Kurunegala,40,49282.52,383763.81,Month-to-Month,Online Payment,5,134.26,No
C02463,43.0,Female,Colombo,61,19040.23,2314853.82,Month-to-Month,Bank Transfer,6,237.15,No
C02464,25.0,Female,Negombo,68,26809.53,2409484.97,One Year,Bank Transfer,0,75.0,Yes
C02465,65.0,Male,Colombo,68,42566.42,1109390.63,One Year,Bank Transfer,2,163.51,Yes
C02466,19.0,Male,Galle,29,26843.96,1977492.57,Two Year,Credit Card,3,28.02,Yes
C02467,23.0,Male,Negombo,62,16898.22,1467037.64,Month-to-Month,Credit Card,1,139.89,Yes
C02468,45.0,Male,Kurunegala,60,26663.8,687539.83,Month-to-Month,Bank Transfer,9,54.11,No
C02469,70.0,Female,Galle,41,6590.23,2284986.52,One Year,Cash,10,64.15,No
C02470,46.0,Female,Galle,65,7370.34,791944.36,Month-to-Month,Bank Transfer,4,110.68,No
C02471,43.0,Male,Jaffna,64,35011.27,1024641.02,One Year,Cash,12,228.64,No
C02472,42.0,Male,Negombo,63,45955.57,574105.12,One Year,Credit Card,15,223.45,No
C02473,29.0,Male,Colombo,48,36558.23,2159217.55,Two Year,Credit Card,15,125.08,No
C02474,22.0,Male,Colombo,20,4656.05,1378878.54,One Year,Cash,3,36.48,No
C02475,51.0,Male,Negombo,37,20741.88,1332902.9,Two Year,Credit Card,10,84.93,No
C02476,65.0,Male,Batticaloa,64,1125.13,1815665.79,Month-to-Month,Bank Transfer,1,152.1,Yes
C02477,54.0,Female,Jaffna,5,26049.13,476004.02,Month-to-Month,Cash,14,260.95,No
C02478,32.0,Female,Jaffna,34,10467.02,2694970.9,One Year,Cash,10,290.51,No
C02479,61.0,Female,Jaffna,39,43539.19,1398001.32,One Year,Online Payment,0,191.6,No
C02480,53.0,Male,Colombo,67,6112.42,1102747.94,Two Year,Credit Card,7,105.86,No
C02481,32.0,Male,Galle,62,1070.24,384438.37,Two Year,Cash,1,208.34,Yes
C02482,60.0,Male,Kurunegala,24,23106.16,508022.84,Month-to-Month,Cash,3,101.53,No
C02483,65.0,Female,Batticaloa,3,8616.23,2761479.14,Month-to-Month,Cash,11,188.02,Yes
C02484,40.0,Male,Jaffna,71,37161.33,1372568.02,One Year,Credit Card,15,73.89,No
C02485,23.0,Male,Colombo,67,46076.8,2167940.84,One Year,Cash,9,80.83,No
C02486,63.0,Female,Colombo,50,3054.96,246146.48,Two Year,Cash,4,23.49,Yes
C02487,67.0,Male,Galle,29,20383.52,1932176.31,One Year,Bank Transfer,1,126.62,No
C02488,61.0,Female,Negombo,32,49843.93,2764949.98,Two Year,Bank Transfer,9,185.83,No
C02489,60.0,Female,Negombo,39,36900.93,903390.54,Month-to-Month,Online Payment,8,236.85,No
C02490,62.0,Male,Kurunegala,9,47706.19,1739525.8,Month-to-Month,Cash,1,243.29,No
C02491,38.0,Female,Kurunegala,14,9040.08,2820956.22,One Year,Credit Card,5,297.74,Yes
C02492,40.0,Male,Jaffna,68,11847.06,2159371.05,Two Year,Online Payment,6,27.24,No
C02493,60.0,Female,Kurunegala,64,8585.75,191664.88,One Year,Online Payment,5,148.45,No
C02494,33.0,Male,Jaffna,20,15816.08,1139317.76,One Year,Online Payment,10,156.89,No
C02495,64.0,Female,Batticaloa,28,36494.82,261889.4,Two Year,Cash,10,241.56,No
C02496,70.0,Male,Kurunegala,14,9082.39,2584646.2,One Year,Online Payment,14,80.64,No
C02497,32.0,Female,Galle,44,26687.47,1866879.79,Two Year,Credit Card,11,21.74,No
C02498,42.0,Female,Jaffna,39,14191.29,2869363.33,Two Year,Bank Transfer,12,94.81,Yes
C02499,53.0,Female,Galle,28,41630.59,64170.21,One Year,Bank Transfer,3,295.19,No
C02500,28.0,Male,Colombo,64,1323.03,1272146.67,Two Year,Cash,0,269.93,No
C02501,68.0,Male,Jaffna,32,11932.63,317570.48,Month-to-Month,Credit Card,1,119.18,No
C02502,32.0,Female,Colombo,9,30656.8,1054711.03,Month-to-Month,Credit Card,14,263.01,Yes
C02503,21.0,Male,Kandy,28,5738.81,489851.04,Month-to-Month,Credit Card,11,10.79,No
C02504,38.0,Female,Galle,17,23849.3,989737.31,Month-to-Month,Cash,9,94.95,No
C02505,30.0,Male,Kandy,55,22374.16,2458689.7,One Year,Credit Card,11,218.32,Yes
C02506,39.0,Female,Jaffna,10,42773.63,486294.48,Month-to-Month,Bank Transfer,9,67.21,No
C02507,36.0,Male,Colombo,6,31644.46,1423625.95,Month-to-Month,Credit Card,11,60.32,No
C02508,51.0,Female,Jaffna,48,32345.4,2765141.49,Month-to-Month,Credit Card,13,258.68,Yes
C02509,31.0,Female,Kandy,67,47638.57,2996343.97,Month-to-Month,Cash,5,185.17,No
C02510,21.0,Female,Jaffna,41,49135.66,755670.15,One Year,Online Payment,7,296.72,No
C02511,65.0,Female,Batticaloa,60,33016.34,2807026.67,Month-to-Month,Online Payment,13,41.27,No
C02512,70.0,Male,Negombo,42,26578.07,787859.1,Two Year,Cash,14,107.48,No
C02513,69.0,Female,Kandy,71,30788.08,1243517.85,Two Year,Cash,2,94.05,No
C02514,63.0,Male,Jaffna,28,19739.74,2634381.22,One Year,Cash,6,264.16,No
C02515,44.0,Male,Colombo,13,49385.37,2359597.43,One Year,Cash,14,77.33,No
C02516,46.0,Female,Jaffna,15,35546.04,2573175.23,One Year,Credit Card,8,106.68,No
C02517,64.0,Male,Colombo,36,15259.33,2401768.75,Month-to-Month,Credit Card,3,43.71,No
C02518,45.0,Male,Negombo,15,3830.55,709007.71,One Year,Online Payment,10,232.84,No
C02519,52.0,Male,Jaffna,56,,1678591.37,Month-to-Month,Cash,6,72.07,No
C02520,25.0,Female,Kurunegala,4,11040.74,1158825.9,One Year,Cash,6,21.43,No
C02521,33.0,Male,Kurunegala,52,12412.74,1381834.35,Two Year,Credit Card,12,131.1,Yes
C02522,59.0,Male,Negombo,10,21337.23,466099.12,Two Year,Cash,11,118.05,No
C02523,53.0,Female,Kandy,45,11527.45,950723.84,Month-to-Month,Bank Transfer,9,54.11,No
C02524,47.0,Female,Colombo,29,31914.61,2573653.13,One Year,Credit Card,8,40.95,No
C02525,35.0,Male,Kurunegala,53,11351.48,2693187.44,Two Year,Bank Transfer,2,269.07,No
C02526,19.0,Female,Batticaloa,29,10205.95,1832408.49,Month-to-Month,Credit Card,10,21.29,Yes
C02527,66.0,Male,Kandy,23,24090.61,1497310.43,Two Year,Credit Card,0,30.69,No
C02528,30.0,Male,Colombo,57,44544.76,2139954.87,One Year,Credit Card,7,74.27,No
C02529,21.0,Male,Negombo,50,23946.97,1828515.48,Month-to-Month,Online Payment,3,285.9,No
C02530,43.0,Female,Kurunegala,21,21278.59,2951106.64,Two Year,Online Payment,1,26.53,Yes
C02531,42.0,Male,Galle,43,29326.65,574315.93,One Year,Credit Card,4,244.99,No
C02532,47.0,Female,Jaffna,10,13603.47,1349888.96,Month-to-Month,Credit Card,3,267.72,No
C02533,28.0,Female,Negombo,30,18318.39,2755130.3,Two Year,Credit Card,0,113.98,No
C02534,24.0,Male,Colombo,51,11477.93,2744637.49,Two Year,Credit Card,15,88.87,No
C02535,48.0,Female,Colombo,33,29018.69,1488563.81,Month-to-Month,Cash,11,203.54,No
C02536,61.0,Female,Colombo,18,35171.99,408752.96,One Year,Cash,6,211.09,Yes
C02537,27.0,Female,Colombo,22,34011.23,2445799.11,Month-to-Month,Cash,3,234.21,No
C02538,56.0,Female,Jaffna,64,13486.07,1757569.73,Two Year,Online Payment,7,249.34,No
C02539,30.0,Female,Kandy,21,39202.76,2320632.22,Two Year,Bank Transfer,8,81.25,No
C02540,48.0,Male,Batticaloa,1,13541.73,1390258.28,Two Year,Credit Card,15,206.4,No
C02541,24.0,Female,Galle,15,8365.27,615632.35,One Year,Cash,7,41.34,No
C02542,66.0,Male,Jaffna,36,18140.63,76848.28,Two Year,Cash,0,153.71,No
C02543,59.0,Male,Colombo,47,30289.46,1679619.12,Two Year,Cash,7,184.25,Yes
C02544,59.0,Male,Jaffna,54,7958.09,487333.31,Month-to-Month,Credit Card,4,49.36,Yes
C02545,53.0,Male,Negombo,32,,565475.94,Two Year,Credit Card,0,23.88,No
C02546,37.0,Male,Batticaloa,58,43290.33,1311735.36,Month-to-Month,Bank Transfer,8,59.23,No
C02547,21.0,Male,Colombo,46,15363.89,1329020.83,Two Year,Online Payment,8,126.76,No
C02548,24.0,Female,Galle,54,23060.12,826789.34,Month-to-Month,Bank Transfer,6,266.46,No
C02549,18.0,Female,Colombo,33,12187.21,400107.01,Month-to-Month,Credit Card,14,160.04,No
C02550,61.0,Female,Batticaloa,39,18701.82,2835133.49,Month-to-Month,Bank Transfer,6,224.8,No
C02551,62.0,Male,Galle,23,2076.56,399263.64,Month-to-Month,Cash,10,53.07,Yes
C02552,59.0,Female,Batticaloa,43,47734.7,1055563.89,One Year,Bank Transfer,0,32.69,Yes
C02553,64.0,Female,Galle,55,21378.62,918079.64,Two Year,Cash,8,72.65,No
C02554,30.0,Female,Kandy,2,39654.64,2599682.0,One Year,Bank Transfer,0,94.85,No
C02555,39.0,Male,Kurunegala,66,7989.53,1233137.03,Two Year,Cash,12,164.88,No
C02556,38.0,Female,Kandy,38,40805.4,376510.28,Month-to-Month,Bank Transfer,14,264.49,No
C02557,39.0,Male,Jaffna,29,43147.22,35731.78,Two Year,Online Payment,11,128.4,No
C02558,45.0,Female,Jaffna,67,36058.38,2167239.06,Month-to-Month,Bank Transfer,6,156.12,Yes
C02559,26.0,Male,Galle,71,,2144930.77,Two Year,Credit Card,8,2.38,No
C02560,43.0,Male,Colombo,36,9192.66,1256262.1,Month-to-Month,Credit Card,8,10.96,No
C02561,26.0,Male,Kurunegala,29,24347.61,383292.46,Two Year,Cash,15,26.05,No
C02562,32.0,Female,Negombo,37,31385.37,1118043.27,Two Year,Credit Card,4,210.0,No
C02563,27.0,Female,Negombo,45,30213.46,1771697.94,Two Year,Cash,11,146.37,No
C02564,41.0,Male,Colombo,16,43191.01,2113309.11,Month-to-Month,Online Payment,12,58.7,No
C02565,59.0,Female,Colombo,31,11568.88,239328.48,Two Year,Credit Card,15,178.19,No
C02566,25.0,Male,Kandy,34,,1671140.87,Month-to-Month,Credit Card,5,163.84,No
C02567,41.0,Male,Negombo,50,13415.55,831991.61,One Year,Cash,1,27.55,No
C02568,33.0,Female,Galle,65,44685.95,1853712.53,Two Year,Online Payment,1,192.48,No
C02569,66.0,Female,Batticaloa,62,47110.33,1946179.67,Month-to-Month,Online Payment,9,230.38,Yes
C02570,43.0,Female,Jaffna,43,28911.88,2732258.09,Month-to-Month,Bank Transfer,8,86.68,No
C02571,44.0,Male,Batticaloa,56,25567.22,1234083.23,Month-to-Month,Cash,12,206.56,No
C02572,54.0,Male,Kandy,15,30663.89,1615084.03,One Year,Cash,0,60.72,Yes
C02573,21.0,Female,Negombo,48,31199.07,808304.29,Month-to-Month,Online Payment,9,227.26,No
C02574,67.0,Male,Kurunegala,49,9344.93,863238.29,One Year,Cash,11,273.62,No
C02575,41.0,Female,Colombo,44,34634.13,142871.18,One Year,Credit Card,11,133.12,No
C02576,36.0,Male,Kurunegala,10,23165.2,861776.48,Month-to-Month,Credit Card,13,74.14,No
C02577,53.0,Female,Kurunegala,20,26351.72,196166.93,Two Year,Credit Card,4,120.35,Yes
C02578,56.0,Female,Negombo,70,2485.51,2891927.79,One Year,Cash,13,75.77,No
C02579,27.0,Male,Galle,8,38463.27,1874668.39,Month-to-Month,Bank Transfer,6,1.37,Yes
C02580,42.0,Female,Kandy,45,41935.97,523579.94,One Year,Bank Transfer,11,195.49,No
C02581,35.0,Female,Colombo,34,31351.66,354715.25,Month-to-Month,Online Payment,9,13.72,No
C02582,36.0,Male,Batticaloa,51,37687.46,1113517.25,Month-to-Month,Cash,5,63.91,No
C02583,53.0,Female,Galle,4,26612.59,926403.74,One Year,Online Payment,5,217.01,No
C02584,27.0,Male,Batticaloa,39,31299.32,841368.07,Month-to-Month,Cash,5,200.05,No
C02585,50.0,Female,Jaffna,24,20334.01,1407247.15,One Year,Bank Transfer,12,22.93,No
C02586,67.0,Male,Kandy,55,39801.84,2739057.16,Month-to-Month,Credit Card,7,198.36,Yes
C02587,22.0,Female,Galle,26,23945.28,1706310.51,Two Year,Cash,6,279.24,No
C02588,64.0,Female,Galle,25,34330.43,1566088.36,Two Year,Bank Transfer,4,23.28,Yes
C02589,66.0,Female,Batticaloa,36,31450.04,2420612.56,One Year,Bank Transfer,9,125.29,No
C02590,52.0,Female,Colombo,71,35413.41,17053.71,One Year,Bank Transfer,1,219.1,No
C02591,61.0,Male,Jaffna,58,39475.58,596170.08,One Year,Credit Card,9,200.65,No
C02592,51.0,Male,Batticaloa,12,26122.96,1491076.87,One Year,Bank Transfer,5,68.73,No
C02593,50.0,Male,Galle,1,40840.23,2117400.64,Two Year,Online Payment,15,49.76,No
C02594,38.0,Male,Kandy,50,25365.6,1457659.44,One Year,Bank Transfer,9,235.49,No
C02595,34.0,Male,Galle,25,47875.08,495329.36,Month-to-Month,Bank Transfer,14,286.92,No
C02596,39.0,Male,Negombo,5,37880.92,2790298.54,Month-to-Month,Cash,4,230.51,Yes
C02597,65.0,Male,Kandy,68,9385.94,989352.07,One Year,Cash,3,289.0,No
C02598,54.0,Female,Kandy,6,41649.64,2365705.97,Month-to-Month,Cash,9,181.89,Yes
C02599,32.0,Female,Galle,26,28027.8,2674782.94,One Year,Bank Transfer,10,278.8,No
C02600,52.0,Female,Colombo,55,,1042615.89,Month-to-Month,Bank Transfer,4,207.44,No
C02601,45.0,Female,Kandy,39,36222.13,2536708.79,Month-to-Month,Online Payment,8,272.76,No
C02602,24.0,Male,Negombo,9,5135.15,2133767.18,One Year,Credit Card,11,49.32,No
C02603,49.0,Male,Batticaloa,45,20353.06,2713321.11,One Year,Bank Transfer,12,244.85,No
C02604,28.0,Male,Colombo,14,26346.49,757675.55,Two Year,Credit Card,1,59.83,No
C02605,27.0,Female,Colombo,55,42111.67,2794176.43,One Year,Bank Transfer,5,9.2,No
C02606,26.0,Male,Colombo,9,36737.93,200592.9,Two Year,Credit Card,14,155.76,Yes
C02607,31.0,Female,Kandy,15,19098.64,2382045.5,One Year,Cash,10,96.16,No
C02608,30.0,Male,Colombo,37,33018.2,1309816.74,Month-to-Month,Bank Transfer,8,14.02,No
C02609,42.0,Male,Galle,50,29268.63,537780.45,Two Year,Online Payment,11,294.11,No
C02610,19.0,Male,Colombo,72,7176.58,242811.85,Month-to-Month,Credit Card,9,200.27,Yes
C02611,52.0,Male,Negombo,21,12508.08,1171694.8,One Year,Cash,12,270.64,Yes
C02612,24.0,Female,Jaffna,57,17714.99,1171025.15,One Year,Online Payment,15,299.73,No
C02613,38.0,Female,Negombo,19,10578.69,693722.37,One Year,Cash,4,118.2,Yes
C02614,35.0,Male,Kandy,58,8356.56,650468.62,One Year,Bank Transfer,11,77.17,No
C02615,20.0,Female,Colombo,6,3851.69,1201545.32,Two Year,Online Payment,10,55.98,No
C02616,59.0,Male,Colombo,4,43782.03,1233291.08,Two Year,Credit Card,5,155.04,No
C02617,56.0,Male,Galle,43,15158.23,1329882.57,One Year,Credit Card,14,182.22,Yes
C02618,58.0,Male,Batticaloa,42,15225.71,2606934.36,Month-to-Month,Online Payment,9,142.25,No
C02619,66.0,Male,Colombo,3,11105.18,1835707.25,Two Year,Credit Card,11,116.79,No
C02620,28.0,Female,Kurunegala,1,24294.47,66197.33,Month-to-Month,Cash,3,51.31,No
C02621,56.0,Male,Negombo,55,,1559702.23,One Year,Online Payment,4,133.12,No
C02622,41.0,Male,Kandy,15,11205.79,2288541.63,Two Year,Credit Card,7,26.49,No
C02623,63.0,Female,Jaffna,47,30819.95,173960.85,Two Year,Cash,11,259.65,No
C02624,36.0,Male,Colombo,46,36427.0,1270710.6,Two Year,Credit Card,0,15.02,No
C02625,21.0,Female,Jaffna,58,19318.16,1356374.38,Month-to-Month,Cash,0,114.81,Yes
C02626,43.0,Male,Colombo,71,29687.13,2862291.25,One Year,Bank Transfer,9,30.94,Yes
C02627,55.0,Male,Kandy,39,25612.79,1429673.44,One Year,Cash,3,232.72,No
C02628,59.0,Male,Batticaloa,3,10581.87,2250951.29,Two Year,Credit Card,12,94.51,Yes
C02629,49.0,Male,Negombo,30,36770.54,912191.63,Two Year,Cash,13,34.82,No
C02630,56.0,Male,Kandy,35,40271.2,2339023.42,One Year,Credit Card,9,159.92,No
C02631,62.0,Male,Jaffna,57,32790.86,971373.79,Month-to-Month,Online Payment,2,274.97,No
C02632,,Female,Colombo,29,16870.91,1292920.64,Two Year,Online Payment,4,272.68,No
C02633,53.0,Male,Jaffna,50,46412.83,1441049.42,Month-to-Month,Bank Transfer,10,75.65,No
C02634,57.0,Female,Negombo,62,23312.56,2779457.09,Month-to-Month,Cash,9,216.18,Yes
C02635,54.0,Female,Kurunegala,52,14028.05,165093.38,One Year,Bank Transfer,7,10.05,No
C02636,50.0,Male,Kandy,14,21003.5,594617.12,One Year,Online Payment,0,40.42,Yes
C02637,53.0,Female,Jaffna,35,34911.68,2118699.52,Month-to-Month,Cash,4,150.34,No
C02638,20.0,Male,Jaffna,28,42450.66,1734845.09,Month-to-Month,Cash,13,69.4,Yes
C02639,26.0,Female,Negombo,58,18472.2,758336.51,One Year,Bank Transfer,4,239.68,No
C02640,25.0,Male,Kurunegala,30,12398.6,871156.66,Two Year,Bank Transfer,1,279.39,Yes
C02641,50.0,Female,Colombo,7,31698.16,1105091.91,Month-to-Month,Cash,12,2.3,No
C02642,23.0,Female,Kurunegala,39,46139.54,1353789.11,Two Year,Cash,4,70.64,No
C02643,58.0,Male,Jaffna,69,9981.37,2454991.83,Month-to-Month,Cash,7,132.43,Yes
C02644,56.0,Female,Negombo,35,40347.95,46377.35,One Year,Bank Transfer,9,169.36,No
C02645,21.0,Male,Colombo,52,24353.75,2694569.12,Two Year,Credit Card,6,274.85,No
C02646,30.0,Male,Kurunegala,14,40176.11,1242016.2,One Year,Online Payment,11,267.67,No
C02647,66.0,Male,Kurunegala,63,25771.52,695340.07,Month-to-Month,Online Payment,1,191.51,No
C02648,19.0,Male,Kurunegala,36,19489.06,1527696.04,One Year,Bank Transfer,12,77.96,No
C02649,22.0,Male,Batticaloa,24,35140.31,1980711.78,Two Year,Cash,13,235.2,Yes
C02650,61.0,Female,Colombo,40,45130.74,139032.9,One Year,Online Payment,5,61.59,Yes
C02651,44.0,Female,Kurunegala,29,16692.33,2148753.17,Two Year,Online Payment,15,289.59,No
C02652,49.0,Female,Batticaloa,53,23576.66,2283479.76,One Year,Online Payment,9,2.75,No
C02653,38.0,Male,Kandy,22,12240.63,502715.94,One Year,Online Payment,12,171.36,No
C02654,25.0,Female,Negombo,72,9987.06,507804.88,Two Year,Cash,10,27.43,No
C02655,55.0,Female,Kurunegala,15,39116.62,615334.74,Two Year,Bank Transfer,10,122.87,No
C02656,25.0,Female,Colombo,69,10832.54,2390902.99,Two Year,Cash,0,190.85,No
C02657,67.0,Female,Batticaloa,64,39872.59,819649.15,Month-to-Month,Cash,14,207.19,No
C02658,20.0,Female,Batticaloa,4,22031.64,2388827.83,One Year,Online Payment,15,235.89,Yes
C02659,61.0,Male,Kandy,18,49757.39,1623868.96,Two Year,Online Payment,9,178.4,No
C02660,20.0,Male,Galle,42,10669.73,2302678.13,Month-to-Month,Cash,9,76.14,Yes
C02661,39.0,Female,Negombo,30,5555.92,1663250.76,Month-to-Month,Cash,2,266.89,No
C02662,23.0,Male,Galle,15,4696.22,1010627.85,Two Year,Cash,10,243.52,No
C02663,19.0,Male,Colombo,70,41935.48,2732588.86,Two Year,Credit Card,10,48.86,No
C02664,40.0,Female,Negombo,55,22451.04,2147310.51,Two Year,Online Payment,15,248.13,Yes
C02665,61.0,Female,Kandy,53,1153.09,1454744.13,Month-to-Month,Bank Transfer,5,291.82,No
C02666,19.0,Male,Colombo,16,43863.8,1914098.29,Month-to-Month,Bank Transfer,13,191.53,No
C02667,55.0,Female,Negombo,34,43969.13,1849450.85,One Year,Bank Transfer,8,85.26,No
C02668,34.0,Male,Negombo,27,40514.42,1077558.07,Month-to-Month,Credit Card,0,182.37,No
C02669,52.0,Male,Galle,13,13167.61,1274196.38,Two Year,Credit Card,11,103.42,No
C02670,51.0,Female,Colombo,27,19264.88,958179.05,One Year,Bank Transfer,5,203.11,No
C02671,40.0,Male,Kandy,69,37501.39,2998556.8,One Year,Bank Transfer,1,163.9,No
C02672,47.0,Male,Kandy,31,24978.3,1742293.04,One Year,Bank Transfer,8,278.92,No
C02673,69.0,Male,Colombo,3,8537.5,280705.69,One Year,Cash,12,185.75,Yes
C02674,25.0,Female,Colombo,30,12897.11,1559726.02,Two Year,Online Payment,1,64.98,No
C02675,39.0,Female,Batticaloa,21,48656.89,154636.08,One Year,Credit Card,11,217.81,No
C02676,61.0,Female,Jaffna,6,8399.64,869512.88,Two Year,Credit Card,2,90.96,No
C02677,53.0,Female,Galle,32,36577.96,1340653.54,Month-to-Month,Cash,11,82.44,No
C02678,22.0,Male,Colombo,42,24422.9,1605140.11,Two Year,Credit Card,1,118.14,No
C02679,30.0,Female,Colombo,62,37681.48,2928663.29,One Year,Bank Transfer,10,4.59,Yes
C02680,46.0,Female,Jaffna,32,33394.55,2946754.06,Month-to-Month,Credit Card,3,290.77,No
C02681,48.0,Female,Jaffna,39,22519.19,298717.76,Month-to-Month,Cash,3,160.17,No
C02682,64.0,Female,Negombo,64,18341.63,1616707.35,Month-to-Month,Online Payment,9,232.27,No
C02683,33.0,Male,Kurunegala,30,37963.6,2452242.64,One Year,Bank Transfer,0,78.1,Yes
C02684,59.0,Male,Kandy,63,16833.92,716949.9,Two Year,Credit Card,7,224.24,No
C02685,47.0,Male,Galle,31,39600.8,2252936.48,Two Year,Bank Transfer,15,170.58,No
C02686,33.0,Female,Negombo,40,34312.31,2636464.07,One Year,Online Payment,4,127.82,No
C02687,29.0,Female,Colombo,33,29305.79,1989149.75,One Year,Credit Card,11,291.23,No
C02688,34.0,Male,Jaffna,63,19071.24,986471.53,Month-to-Month,Bank Transfer,7,148.66,No
C02689,33.0,Female,Batticaloa,25,11048.99,2769781.3,Two Year,Cash,12,197.58,No
C02690,29.0,Female,Kandy,36,35810.57,2651142.68,One Year,Cash,5,5.59,No
C02691,25.0,Male,Negombo,24,0.0,2148896.83,One Year,Online Payment,13,91.14,No
C02692,37.0,Male,Batticaloa,58,48556.57,1094186.0,Two Year,Online Payment,1,266.72,Yes
C02693,20.0,Female,Kandy,39,48958.65,2376729.61,Month-to-Month,Online Payment,6,227.93,No
C02694,33.0,Female,Kurunegala,46,7380.91,951746.4,Month-to-Month,Credit Card,9,161.49,No
C02695,47.0,Female,Kurunegala,10,6092.83,762593.79,Month-to-Month,Online Payment,14,270.15,Yes
C02696,62.0,Male,Batticaloa,32,21223.12,1547465.09,Two Year,Credit Card,14,146.38,No
C02697,40.0,Male,Jaffna,36,48220.48,2991420.0,One Year,Bank Transfer,14,170.39,No
C02698,45.0,Male,Negombo,28,20615.23,2413944.21,One Year,Cash,8,115.26,Yes
C02699,68.0,Male,Negombo,16,18826.3,2190729.23,One Year,Bank Transfer,6,186.39,Yes
C02700,57.0,Female,Kurunegala,16,35475.67,1358778.18,One Year,Cash,10,96.38,Yes
C02701,22.0,Male,Kandy,18,9757.83,939290.28,Two Year,Online Payment,4,116.26,Yes
C02702,37.0,Male,Batticaloa,8,18802.85,2568422.79,Month-to-Month,Bank Transfer,15,289.93,No
C02703,57.0,Female,Jaffna,70,15274.06,1705359.68,Month-to-Month,Bank Transfer,3,34.28,No
C02704,61.0,Female,Colombo,1,30475.2,2440698.58,Month-to-Month,Online Payment,10,32.47,No
C02705,18.0,Female,Negombo,62,8974.89,1465822.36,Month-to-Month,Bank Transfer,13,13.95,Yes
C02706,47.0,Male,Colombo,38,27886.36,2263102.69,One Year,Credit Card,7,96.69,No
C02707,38.0,Female,Jaffna,45,43019.78,2603884.47,One Year,Cash,5,120.07,Yes
C02708,37.0,Female,Kurunegala,58,26194.36,1177213.13,Two Year,Online Payment,12,29.26,No
C02709,23.0,Male,Negombo,1,34491.33,45640.86,Month-to-Month,Credit Card,15,165.19,Yes
C02710,39.0,Male,Negombo,32,4687.15,768505.07,One Year,Credit Card,4,175.41,No
C02711,35.0,Female,Batticaloa,8,23001.27,2745170.55,One Year,Online Payment,6,225.56,Yes
C02712,25.0,Male,Colombo,40,5649.77,2064189.07,One Year,Bank Transfer,15,292.81,No
C02713,56.0,Female,Kurunegala,56,30373.62,2212970.06,Month-to-Month,Cash,10,186.19,Yes
C02714,49.0,Female,Batticaloa,63,14771.66,979239.4,One Year,Credit Card,2,34.38,Yes
C02715,50.0,Male,Galle,36,15076.03,2105312.59,Month-to-Month,Bank Transfer,8,27.47,No
C02716,70.0,Female,Colombo,57,4761.57,1940615.03,Month-to-Month,Online Payment,3,233.49,No
C02717,33.0,Male,Colombo,45,16201.66,539229.12,Two Year,Online Payment,11,195.45,No
C02718,29.0,Male,Galle,2,25827.18,2906228.88,Two Year,Cash,3,49.41,No
C02719,55.0,Male,Jaffna,68,29648.35,1065306.65,Month-to-Month,Online Payment,14,76.75,No
C02720,69.0,Female,Jaffna,50,4266.61,991214.49,Month-to-Month,Cash,7,225.32,No
C02721,51.0,Male,Negombo,29,32921.5,1110638.82,Month-to-Month,Online Payment,5,170.28,No
C02722,31.0,Male,Kandy,10,24954.91,279700.25,One Year,Online Payment,13,175.92,No
C02723,53.0,Female,Batticaloa,27,27308.49,1876765.73,One Year,Credit Card,10,63.79,Yes
C02724,50.0,Female,Kandy,15,41807.04,719679.61,One Year,Bank Transfer,0,189.09,No
C02725,40.0,Female,Negombo,60,17769.1,2410921.71,Two Year,Credit Card,1,231.42,No
C02726,67.0,Female,Kandy,31,9528.5,1185497.76,Month-to-Month,Cash,8,265.69,No
C02727,62.0,Male,Colombo,21,28038.7,1378382.65,One Year,Credit Card,15,221.28,No
C02728,19.0,Male,Colombo,60,47306.07,1941034.05,One Year,Online Payment,5,173.34,No
C02729,58.0,Male,Galle,58,26375.61,2286804.05,Two Year,Online Payment,6,202.3,No
C02730,38.0,Female,Galle,41,41763.7,697190.34,Two Year,Bank Transfer,10,146.05,Yes
C02731,19.0,Female,Negombo,46,38094.57,2899051.52,Month-to-Month,Cash,8,68.84,Yes
C02732,44.0,Male,Negombo,45,26398.21,1868853.03,Month-to-Month,Online Payment,2,264.78,Yes
C02733,26.0,Female,Kurunegala,26,32730.18,21887.68,One Year,Bank Transfer,4,160.25,No
C02734,18.0,Female,Negombo,51,20927.33,1249788.52,One Year,Bank Transfer,4,178.7,Yes
C02735,28.0,Male,Colombo,36,27000.81,1313269.37,One Year,Online Payment,9,297.04,No
C02736,20.0,Male,Kandy,52,25857.0,2428449.1,One Year,Online Payment,13,295.52,No
C02737,69.0,Female,Batticaloa,51,35746.41,918893.62,One Year,Cash,6,176.31,Yes
C02738,40.0,Female,Kurunegala,3,21089.08,997023.42,Two Year,Bank Transfer,12,11.15,No
C02739,43.0,Female,Kurunegala,14,5888.59,216129.81,Month-to-Month,Bank Transfer,1,119.45,Yes
C02740,21.0,Male,Kurunegala,49,39646.77,854220.34,Two Year,Bank Transfer,3,281.25,No
C02741,35.0,Male,Negombo,1,34557.8,2152300.3,Month-to-Month,Cash,10,87.2,No
C02742,23.0,Male,Negombo,57,,1906096.97,Month-to-Month,Bank Transfer,14,299.78,No
C02743,52.0,Male,Colombo,17,22007.09,248775.29,Month-to-Month,Credit Card,3,26.21,No
C02744,39.0,Male,Batticaloa,50,4832.08,348508.21,Two Year,Credit Card,11,170.87,No
C02745,60.0,Female,Colombo,14,6959.33,1133893.26,One Year,Bank Transfer,7,155.12,No
C02746,32.0,Female,Batticaloa,59,38892.66,2232554.5,Month-to-Month,Credit Card,9,77.35,No
C02747,39.0,Female,Colombo,3,4320.11,2499590.24,Month-to-Month,Credit Card,15,284.63,No
C02748,54.0,Male,Kandy,40,45483.48,48799.01,Two Year,Cash,2,186.13,Yes
C02749,69.0,Male,Negombo,66,14800.86,990386.68,Two Year,Bank Transfer,1,69.84,No
C02750,59.0,Male,Jaffna,34,45045.07,1275664.28,One Year,Cash,8,115.83,Yes
C02751,29.0,Female,Jaffna,9,38901.84,2733842.77,One Year,Bank Transfer,11,216.65,No
C02752,64.0,Male,Negombo,21,43688.85,1506712.64,Month-to-Month,Online Payment,10,90.01,No
C02753,66.0,Male,Kurunegala,25,11487.94,812753.79,Two Year,Credit Card,3,264.0,No
C02754,59.0,Female,Negombo,44,30188.98,1173190.96,One Year,Cash,8,50.54,No
C02755,55.0,Male,Negombo,25,5585.87,1312121.15,One Year,Cash,5,80.09,Yes
C02756,35.0,Female,Negombo,9,10911.76,2011637.64,One Year,Online Payment,0,44.32,No
C02757,62.0,Male,Kurunegala,62,16185.21,128057.91,Two Year,Online Payment,13,32.15,No
C02758,52.0,Male,Batticaloa,26,37299.82,1171407.73,Two Year,Credit Card,10,90.79,Yes
C02759,47.0,Female,Kandy,57,2211.0,1941431.14,Two Year,Credit Card,2,299.75,No
C02760,41.0,Female,Jaffna,37,45252.75,853550.33,Two Year,Bank Transfer,6,29.2,No
C02761,59.0,Female,Galle,16,4469.37,1777294.26,Two Year,Bank Transfer,8,64.69,Yes
C02762,47.0,Female,Jaffna,37,19448.02,1075050.4,Month-to-Month,Online Payment,7,82.21,Yes
C02763,31.0,Female,Jaffna,24,4973.39,2277369.0,Month-to-Month,Credit Card,11,186.12,No
C02764,23.0,Female,Kurunegala,26,38679.42,186490.1,Two Year,Credit Card,4,223.86,No
C02765,20.0,Male,Colombo,20,7924.43,2754296.13,Month-to-Month,Online Payment,11,225.83,Yes
C02766,33.0,Male,Negombo,9,,518979.58,Two Year,Online Payment,12,3.58,No
C02767,24.0,Female,Negombo,29,26980.88,479848.52,Month-to-Month,Cash,7,195.9,No
C02768,69.0,Male,Negombo,31,47475.17,2522725.62,Month-to-Month,Online Payment,1,189.59,No
C02769,31.0,Female, Colombo ,19,15227.68,2608502.35,One Year,Cash,2,155.78,No
C02770,26.0,Male,Kurunegala,20,23261.49,283455.07,Two Year,Bank Transfer,7,114.38,Yes
C02771,32.0,Female,Kandy,27,35018.1,2726613.19,Month-to-Month,Online Payment,8,239.44,No
C02772,38.0,Male,Kandy,44,41763.75,823527.11,Month-to-Month,Online Payment,9,103.82,Yes
C02773,52.0,Male,Kurunegala,35,21646.5,1857771.95,One Year,Online Payment,7,69.77,No
C02774,19.0,Male,Galle,71,44729.19,210437.5,Month-to-Month,Cash,3,93.72,No
C02775,44.0,Male,Kandy,22,6781.37,1145080.0,One Year,Online Payment,12,132.45,No
C02776,19.0,Male,Kurunegala,15,35725.55,1354920.2,Month-to-Month,Online Payment,5,65.0,No
C02777,52.0,Female,Kandy,13,18061.75,1801480.58,One Year,Credit Card,10,182.66,No
C02778,35.0,Female,Negombo,4,5965.44,1578189.55,One Year,Credit Card,4,265.38,Yes
C02779,31.0,Female,Batticaloa,56,19946.56,1387171.42,Two Year,Credit Card,11,179.04,No
C02780,37.0,Male,Kurunegala,23,44130.57,2879122.43,Two Year,Online Payment,14,134.55,No
C02781,35.0,Female,Jaffna,34,49046.16,559143.22,Month-to-Month,Credit Card,3,239.26,No
C02782,27.0,Male,Kandy,17,20247.19,478192.72,Two Year,Bank Transfer,8,224.66,No
C02783,42.0,Male,Kandy,28,44434.4,2141690.09,Two Year,Credit Card,9,110.75,No
C02784,19.0,Male,Colombo,14,25973.07,228282.9,Two Year,Online Payment,2,181.64,No
C02785,42.0,Female,Galle,34,36133.74,1451259.91,Month-to-Month,Credit Card,0,219.22,No
C02786,50.0,Male,Batticaloa,57,3223.2,1454739.09,Month-to-Month,Credit Card,12,74.39,No
C02787,53.0,Female,Colombo,55,28308.29,933525.87,Two Year,Credit Card,6,110.52,No
C02788,48.0,Female,Negombo,66,4437.93,2791679.01,Two Year,Bank Transfer,9,32.63,No
C02789,31.0,Male,Jaffna,37,14162.28,851217.59,Month-to-Month,Bank Transfer,7,296.32,Yes
C02790,18.0,Male,Galle,68,28773.9,868883.65,Two Year,Cash,10,26.68,No
C02791,63.0,Female,Colombo,26,40551.02,706728.39,One Year,Online Payment,12,51.41,Yes
C02792,33.0,Female,Kurunegala,61,28483.79,441635.17,Month-to-Month,Bank Transfer,2,144.47,No
C02793,63.0,Female,Kandy,67,46873.39,1095213.11,Month-to-Month,Bank Transfer,2,259.72,No
C02794,69.0,Female,Kandy,52,40706.29,2044257.34,One Year,Bank Transfer,13,107.41,No
C02795,20.0,Female,Galle,18,8655.77,2227777.77,Two Year,Online Payment,5,230.81,No
C02796,52.0,Female,Kandy,53,20058.97,2441189.65,One Year,Cash,15,203.13,No
C02797,58.0,Male,Kurunegala,63,33755.79,596643.95,Two Year,Online Payment,14,191.96,Yes
C02798,23.0,Female,Colombo,53,46981.9,111719.9,Two Year,Credit Card,1,253.66,No
C02799,42.0,Female,Colombo,27,49398.08,2924184.15,Month-to-Month,Cash,5,5.24,No
C02800,30.0,Female,Kandy,31,38396.14,47925.9,Month-to-Month,Credit Card,4,278.82,Yes
C02801,70.0,Female,Kandy,1,29114.7,2882233.12,Two Year,Bank Transfer,13,248.94,No
C02802,51.0,Male,Negombo,6,38073.87,2487299.18,One Year,Online Payment,6,281.42,No
C02803,25.0,Male,Jaffna,11,14388.58,2736663.91,Month-to-Month,Credit Card,14,238.28,No
C02804,38.0,Female,Galle,34,14896.55,1164621.21,Two Year,Cash,8,263.7,No
C02805,51.0,Female,Colombo,63,33063.12,595619.99,Month-to-Month,Credit Card,8,61.72,No
C02806,21.0,Female,Galle,53,43719.94,1821358.74,Month-to-Month,Credit Card,0,96.45,No
C02807,42.0,Male,Negombo,18,48520.66,2225047.26,Month-to-Month,Bank Transfer,6,95.25,No
C02808,32.0,Male,Colombo,21,17725.4,396928.89,One Year,Credit Card,2,33.64,No
C02809,21.0,Male,Negombo,19,40031.13,2393876.44,One Year,Credit Card,3,219.14,No
C02810,62.0,Male,Negombo,4,42725.01,629736.99,Two Year,Bank Transfer,1,41.72,No
C02811,29.0,Male,Batticaloa,29,31535.49,1477573.49,One Year,Cash,0,16.7,No
C02812,49.0,Male,Kandy,25,18032.0,2570164.94,Two Year,Bank Transfer,9,232.86,No
C02813,49.0,Female,Kurunegala,56,31335.34,584306.41,Two Year,Credit Card,13,271.49,No
C02814,45.0,Male,Batticaloa,63,29638.0,729444.52,Month-to-Month,Online Payment,15,229.47,Yes
C02815,30.0,Male,Galle,27,30719.75,192999.61,Month-to-Month,Bank Transfer,2,247.78,No
C02816,48.0,Female,Kurunegala,60,31343.75,444109.26,One Year,Bank Transfer,9,179.09,No
C02817,31.0,Male,Galle,49,42505.85,443844.83,Two Year,Credit Card,8,266.44,No
C02818,37.0,Female,Kandy,65,9333.99,614265.37,Two Year,Online Payment,0,149.51,No
C02819,35.0,Male,Kurunegala,38,18997.4,862170.19,Month-to-Month,Cash,14,296.51,No
C02820,46.0,Female,Batticaloa,52,29714.08,2445875.18,Month-to-Month,Online Payment,2,31.92,No
C02821,23.0,Female,Galle,1,14883.06,2747712.77,Month-to-Month,Bank Transfer,10,242.95,Yes
C02822,49.0,Female,Batticaloa,40,48929.5,1221810.42,One Year,Online Payment,4,192.78,Yes
C02823,46.0,Female,Kandy,21,13894.36,388985.81,Two Year,Cash,2,174.61,Yes
C02824,60.0,Female,Kurunegala,15,24011.82,675310.73,Two Year,Online Payment,3,218.02,No
C02825,19.0,Male,Kurunegala,50,43990.89,2209936.9,Two Year,Online Payment,3,252.25,No
C02826,40.0,Male,Colombo,48,4923.12,2033889.43,Month-to-Month,Online Payment,0,259.0,No
C02827,36.0,Female,Negombo,32,41213.71,2901785.87,One Year,Bank Transfer,15,53.44,No
C02828,48.0,Female,Negombo,49,28979.41,48393.6,One Year,Credit Card,5,59.91,No
C02829,68.0,Female,Batticaloa,68,2558.3,2253522.49,Month-to-Month,Credit Card,10,5.83,No
C02830,22.0,Male,Kurunegala,45,45242.73,1519851.83,One Year,Online Payment,11,40.42,No
C02831,36.0,Female,Galle,32,2920.64,2708565.47,One Year,Bank Transfer,6,79.9,No
C02832,51.0,Female,Batticaloa,4,26245.67,1730619.19,Two Year,Bank Transfer,11,216.59,No
C02833,27.0,Female,Batticaloa,65,3402.53,1342769.83,Month-to-Month,Bank Transfer,6,143.25,No
C02834,42.0,Female,Jaffna,71,4488.8,1999222.58,Month-to-Month,Credit Card,12,227.61,No
C02835,19.0,Male,Kurunegala,65,44473.01,2501402.71,Month-to-Month,Bank Transfer,5,146.47,Yes
C02836,28.0,Female,Negombo,18,38525.45,851083.16,Month-to-Month,Online Payment,6,167.12,No
C02837,67.0,Female,Kurunegala,54,10650.12,327043.5,Two Year,Credit Card,13,34.21,No
C02838,48.0,Male,Kandy,47,31402.93,1301889.26,One Year,Bank Transfer,2,233.19,No
C02839,32.0,Female,Batticaloa,6,39939.3,647487.02,One Year,Online Payment,4,227.68,No
C02840,26.0,Female,Jaffna,66,44589.94,1291475.82,Two Year,Credit Card,13,92.96,No
C02841,40.0,Male,Jaffna,9,23947.04,2973189.28,One Year,Bank Transfer,15,99.24,No
C02842,36.0,Male,Negombo,68,44977.49,1724495.67,Month-to-Month,Cash,13,66.68,No
C02843,26.0,Male,Negombo,23,25884.65,2082332.67,Two Year,Online Payment,6,244.34,No
C02844,52.0,Female,Negombo,43,34723.17,2035395.63,Two Year,Cash,9,224.36,No
C02845,38.0,Female,Kandy,51,48972.44,2462999.0,Month-to-Month,Credit Card,4,183.14,No
C02846,26.0,Male,Jaffna,72,12561.64,2832665.15,Month-to-Month,Bank Transfer,13,72.41,Yes
C02847,45.0,Male,Galle,25,9257.54,1978160.2,Month-to-Month,Online Payment,9,52.38,No
C02848,63.0,Male,Kandy,35,17758.92,1430903.46,One Year,Online Payment,1,16.03,No
C02849,68.0,Female,Colombo,17,9055.55,956903.68,Month-to-Month,Online Payment,15,14.64,No
C02850,24.0,Female,Batticaloa,18,14923.98,1084021.53,Two Year,Cash,5,56.95,No
C02851,33.0,Male,Negombo,27,37406.28,1006769.42,One Year,Bank Transfer,6,31.06,No
C02852,33.0,Female,Jaffna,15,24398.68,976774.15,One Year,Bank Transfer,10,167.28,No
C02853,50.0,Male,Batticaloa,69,19377.02,2085401.89,Two Year,Bank Transfer,1,108.07,No
C02854,21.0,Female,Kurunegala,15,19067.48,1765188.54,One Year,Cash,9,134.04,No
C02855,21.0,Female,Kandy,42,10531.97,609975.16,Month-to-Month,Credit Card,7,178.63,No
C02856,56.0,Female,Colombo,34,22923.16,2909029.93,Month-to-Month,Cash,4,198.07,No
C02857,57.0,Female,Jaffna ,48,31607.14,1286037.92,Month-to-Month,Credit Card,10,194.81,No
C02858,34.0,Male,Kandy,8,7818.59,1700428.77,Month-to-Month,Cash,7,79.0,No
C02859,54.0,Female,Kandy,10,48667.83,2109289.9,One Year,Bank Transfer,14,243.08,No
C02860,56.0,Female,Galle,5,22720.78,1842963.74,Two Year,Bank Transfer,2,275.4,No
C02861,69.0,Male,Batticaloa,48,47450.08,936600.05,One Year,Bank Transfer,1,95.47,No
C02862,46.0,Female,Galle,26,7598.29,2394131.19,Two Year,Cash,6,6.1,No
C02863,69.0,Male,Kandy,23,38593.58,334910.15,Two Year,Online Payment,4,269.85,No
C02864,53.0,Male,Colombo,62,31264.26,1709142.52,Month-to-Month,Cash,4,277.14,No
C02865,55.0,Female,Jaffna,13,41183.14,823585.08,One Year,Credit Card,12,16.23,Yes
C02866,56.0,Female,Jaffna,9,30433.22,1849208.29,Month-to-Month,Cash,7,2.48,Yes
C02867,67.0,Male,Kurunegala,20,48179.0,657890.48,One Year,Credit Card,12,245.11,No
C02868,54.0,Male,Batticaloa,57,31719.66,2317737.97,One Year,Cash,8,91.14,No
C02869,69.0,Male,Negombo,24,39445.6,686471.31,Month-to-Month,Online Payment,14,274.46,No
C02870,52.0,Female,Negombo,33,44001.51,2671724.44,One Year,Online Payment,15,65.81,No
C02871,24.0,Male,Jaffna,20,36014.59,2585356.94,Month-to-Month,Bank Transfer,13,258.49,No
C02872,44.0,Male,Kandy,60,26687.6,1090368.39,Two Year,Online Payment,7,21.52,No
C02873,45.0,Male,Kandy,48,14368.04,1160531.77,Month-to-Month,Cash,15,78.93,No
C02874,39.0,Female,Galle,64,42870.14,2106002.86,One Year,Online Payment,9,291.97,No
C02875,31.0,Male,Batticaloa,30,24548.33,275668.75,One Year,Bank Transfer,1,70.13,No
C02876,24.0,Female,Galle,17,31414.7,247353.64,Two Year,Cash,9,40.77,No
C02877,54.0,Female,Negombo,14,4882.1,413290.97,Two Year,Credit Card,10,257.26,Yes
C02878,39.0,Male,Jaffna,19,25370.21,1689613.63,Two Year,Cash,6,36.22,No
C02879,22.0,Female,Kurunegala,71,35209.72,451261.9,Month-to-Month,Bank Transfer,10,30.14,No
C02880,19.0,Male,Kandy,59,29619.52,836463.76,Month-to-Month,Online Payment,4,97.7,No
C02881,44.0,Female,Jaffna,67,22979.19,1942499.67,One Year,Online Payment,13,190.96,No
C02882,38.0,Female,Colombo,44,11947.94,51793.21,Two Year,Cash,6,213.51,No
C02883,55.0,Male,Jaffna,32,16173.84,544808.64,Two Year,Credit Card,2,264.49,Yes
C02884,32.0,Male,Colombo,11,35330.59,2790142.34,Month-to-Month,Credit Card,3,162.73,No
C02885,38.0,Male,Galle,2,11985.34,1992414.98,One Year,Credit Card,6,118.63,No
C02886,27.0,Female,Galle,68,31464.6,920125.59,Two Year,Credit Card,1,108.29,No
C02887,40.0,Female,Negombo,17,29897.14,140683.76,Month-to-Month,Cash,1,254.22,Yes
C02888,56.0,Male,Jaffna,40,48550.46,1760216.18,Month-to-Month,Online Payment,0,217.42,No
C02889,22.0,Male,Jaffna,46,3978.31,672484.6,Two Year,Credit Card,0,271.72,No
C02890,18.0,Female,Colombo,4,6298.01,2880725.44,Two Year,Cash,11,289.25,No
C02891,30.0,Female,Galle,38,25798.09,2062448.06,One Year,Cash,0,90.72,No
C02892,38.0,Female,Colombo,63,26828.38,2922501.04,Two Year,Cash,5,159.37,Yes
C02893,43.0,Male,Galle,29,2956.46,2547452.2,Month-to-Month,Credit Card,12,189.91,No
C02894,67.0,Female,Colombo,19,41466.92,1451667.11,Two Year,Credit Card,4,49.99,No
C02895,62.0,Male,Galle,29,25241.45,2010341.63,Two Year,Cash,14,16.95,No
C02896,38.0,Female,Colombo,35,17985.54,2437261.05,One Year,Cash,9,260.46,No
C02897,70.0,Female,Kurunegala,70,16623.83,1736644.55,Month-to-Month,Cash,7,161.12,No
C02898,35.0,Male,Galle,23,43208.95,189155.07,Two Year,Online Payment,4,171.66,No
C02899,54.0,Male,Batticaloa,46,10639.91,1413986.71,Month-to-Month,Online Payment,0,166.92,No
C02900,62.0,Male,Colombo,44,8860.47,396067.13,One Year,Bank Transfer,11,226.73,No
C02901,49.0,Female,Jaffna,48,11445.75,2145966.09,Month-to-Month,Bank Transfer,7,44.51,No
C02902,53.0,Female,Negombo,52,31626.1,2043483.6,Two Year,Credit Card,5,184.6,No
C02903,34.0,Female,COLOMBO,8,40735.61,2978760.04,Two Year,Online Payment,7,141.37,No
C02904,52.0,Male,Batticaloa,55,17217.96,1888285.36,One Year,Bank Transfer,12,269.19,Yes
C02905,66.0,Female,Colombo,66,9499.64,2401413.14,One Year,Cash,1,156.37,No
C02906,28.0,Male,Negombo,40,11250.51,808522.11,One Year,Cash,9,282.94,No
C02907,38.0,Male,Jaffna,31,31340.01,1023372.29,Month-to-Month,Credit Card,7,106.62,No
C02908,69.0,Male,Batticaloa,48,13055.73,2751487.64,Month-to-Month,Credit Card,5,290.1,No
C02909,70.0,Female,Jaffna,61,43986.73,2266800.82,Month-to-Month,Bank Transfer,0,262.67,No
C02910,43.0,Female,Galle,52,6090.68,1967531.18,Month-to-Month,Cash,12,175.69,No
C02911,21.0,Male,Kurunegala,38,2586.06,765812.94,One Year,Credit Card,0,106.76,No
C02912,51.0,Female,Negombo,36,5330.53,2097240.9,Month-to-Month,Credit Card,9,113.4,No
C02913,69.0,Male,Kurunegala,55,42436.51,2660857.12,Month-to-Month,Online Payment,11,232.05,Yes
C02914,65.0,Male,Kandy,13,32910.25,696238.98,Month-to-Month,Bank Transfer,4,174.61,No
C02915,35.0,Female,Galle,37,47929.49,2119841.22,Month-to-Month,Credit Card,6,121.07,Yes
C02916,57.0,Male,Negombo,47,17478.53,1184113.39,One Year,Bank Transfer,3,191.18,No
C02917,52.0,Male,Colombo,71,11421.23,360708.4,One Year,Cash,13,220.24,No
C02918,58.0,Female,Kurunegala,22,28536.79,2291564.73,Two Year,Bank Transfer,12,7.85,Yes
C02919,46.0,Male,Colombo,39,27353.59,505574.68,Two Year,Credit Card,9,27.87,Yes
C02920,69.0,Male,Jaffna,58,29960.18,762424.34,Month-to-Month,Online Payment,4,29.25,Yes
C02921,46.0,Male,Batticaloa,30,18029.16,2349911.41,Month-to-Month,Bank Transfer,9,70.35,No
C02922,55.0,Male,Kurunegala,18,1288.95,2227687.69,One Year,Bank Transfer,2,128.67,No
C02923,59.0,Male,Kandy,18,2716.55,766278.28,Two Year,Cash,1,241.29,No
C02924,38.0,Male,Colombo,39,33527.5,2823189.02,Month-to-Month,Online Payment,1,105.98,Yes
C02925,59.0,Male,Negombo,26,26639.64,649779.25,Two Year,Bank Transfer,13,6.23,No
C02926,30.0,Female,Kurunegala,71,41229.55,2980898.53,Two Year,Online Payment,4,145.53,No
C02927,66.0,Female,Kurunegala,7,15720.08,2215010.12,Two Year,Credit Card,3,298.99,Yes
C02928,58.0,Male,Batticaloa,69,40958.14,1180560.53,One Year,Online Payment,1,105.36,No
C02929,34.0,Male,Batticaloa,65,21849.08,395395.87,Month-to-Month,Credit Card,15,288.42,No
C02930,26.0,Female,Negombo,46,5738.22,964927.32,Month-to-Month,Cash,4,31.3,No
C02931,58.0,Female,Batticaloa,18,48917.67,585246.84,One Year,Cash,9,52.76,No
C02932,18.0,Female,Colombo,13,26084.86,1867409.56,One Year,Cash,8,217.51,Yes
C02933,19.0,Female,Negombo,25,31844.45,1073781.18,One Year,Credit Card,7,150.86,No
C02934,65.0,Female,Negombo,8,33869.06,888546.75,Two Year,Bank Transfer,8,229.77,No
C02935,46.0,Male,Jaffna,32,18758.2,2272613.91,Two Year,Credit Card,8,259.2,No
C02936,50.0,Female,Kandy,17,37628.89,695645.31,Month-to-Month,Online Payment,7,76.07,No
C02937,27.0,Female,Kurunegala,48,43643.06,1762733.51,Month-to-Month,Online Payment,8,205.17,Yes
C02938,67.0,Female,Jaffna,63,19972.16,587815.3,Two Year,Credit Card,3,182.67,No
C02939,57.0,Male,Kandy,40,33193.04,2145821.83,Two Year,Cash,7,258.6,No
C02940,38.0,Male,Negombo,15,38099.07,1877238.84,One Year,Cash,13,129.6,No
C02941,45.0,Male,Kurunegala,6,10316.17,2395469.78,Two Year,Online Payment,1,16.51,Yes
C02942,28.0,Male,Batticaloa,63,17297.21,210148.74,Month-to-Month,Online Payment,8,172.68,No
C02943,51.0,Male,Kandy,8,6331.0,634265.82,Month-to-Month,Bank Transfer,12,287.7,No
C02944,25.0,Male,Negombo,32,30508.21,467608.78,One Year,Bank Transfer,8,5.37,No
C02945,39.0,Female,Negombo,45,40245.95,575730.91,One Year,Bank Transfer,10,72.84,No
C02946,25.0,Male,Jaffna,52,30931.09,313527.17,Month-to-Month,Online Payment,2,95.5,Yes
C02947,66.0,Male,Jaffna,13,9809.41,1688435.29,Two Year,Bank Transfer,5,229.99,No
C02948,32.0,Female,Batticaloa,24,27772.06,1782327.06,Two Year,Online Payment,11,97.66,Yes
C02949,34.0,Male,Galle,40,41911.77,2531251.82,Month-to-Month,Online Payment,6,72.49,Yes
C02950,40.0,Female,Colombo,14,15833.52,1256125.84,Two Year,Credit Card,2,194.92,No
C02951,41.0,Female,Galle,70,41799.92,1599492.22,Two Year,Bank Transfer,15,14.88,Yes
C02952,62.0,Male,Galle,62,39446.54,2973955.66,Month-to-Month,Credit Card,4,52.01,Yes
C02953,36.0,Female,Kurunegala,61,2065.3,1597876.02,Month-to-Month,Credit Card,0,123.0,Yes
C02954,22.0,Female,Kurunegala,1,12733.29,1722860.38,One Year,Bank Transfer,10,107.32,No
C02955,49.0,Female,Batticaloa,66,27604.18,2987772.66,Month-to-Month,Online Payment,2,104.8,Yes
C02956,61.0,Female,Kurunegala,32,36163.25,2982417.5,One Year,Online Payment,11,33.46,No
C02957,18.0,Male,Kandy,13,44146.0,1274971.18,One Year,Online Payment,7,108.89,No
C02958,40.0,Female,Batticaloa,33,32411.07,1906665.75,Two Year,Bank Transfer,2,239.6,Yes
C02959,54.0,Male,Batticaloa,32,19636.86,1445003.51,Month-to-Month,Online Payment,7,124.74,Yes
C02960,25.0,Female,Negombo,56,10046.73,2163542.78,Two Year,Credit Card,8,176.27,Yes
C02961,30.0,Female,Negombo,24,38241.76,2815467.63,Month-to-Month,Cash,5,49.91,No
C02962,25.0,Female,Negombo,4,11132.3,932429.63,Month-to-Month,Bank Transfer,6,21.84,No
C02963,40.0,Male,Colombo,23,35076.1,2457531.14,Two Year,Cash,5,264.11,Yes
C02964,-5.0,Male,Kandy,29,9879.37,1966272.55,One Year,Credit Card,7,100.08,No
C02965,18.0,Male,Kandy,21,5461.64,844153.48,Month-to-Month,Cash,13,105.75,No
C02966,62.0,Female,Negombo,30,13303.91,2392912.48,One Year,Credit Card,6,263.43,No
C02967,68.0,Female,Galle,20,14961.56,1284263.39,Two Year,Cash,15,212.62,No
C02968,41.0,Female,Colombo,16,32713.25,365589.54,Two Year,Cash,9,227.12,No
C02969,52.0,Female,Galle,67,8883.29,2980281.99,Month-to-Month,Online Payment,0,204.92,Yes
C02970,41.0,Male,Jaffna,49,46585.04,1279810.77,Two Year,Cash,2,32.63,No
C02971,34.0,Female,Kandy,58,28163.72,1626949.88,Month-to-Month,Credit Card,2,287.44,No
C02972,22.0,Male,Kandy,44,25055.65,2424845.38,Month-to-Month,Credit Card,14,272.83,No
C02973,37.0,Female,Galle,25,22300.03,2882824.02,Month-to-Month,Credit Card,2,71.63,No
C02974,38.0,Male,Colombo,23,28763.47,2619299.11,Month-to-Month,Bank Transfer,3,241.39,Yes
C02975,57.0,Male,Kandy,59,2099.9,1577534.36,Month-to-Month,Credit Card,12,123.41,No
C02976,48.0,Female,Galle,1,49514.23,1639359.75,Two Year,Bank Transfer,0,205.45,No
C02977,63.0,Female,Batticaloa,15,,846256.38,Month-to-Month,Credit Card,13,50.52,No
C02978,53.0,Male,Batticaloa,52,2724.56,1391094.62,One Year,Bank Transfer,10,162.03,No
C02979,28.0,Female,Kurunegala,58,29908.9,2840782.45,Month-to-Month,Cash,14,38.86,No
C02980,69.0,Female,Colombo,41,22416.86,2182188.13,Month-to-Month,Cash,1,161.31,Yes
C02981,32.0,Male,Galle,44,2177.85,40571.59,Month-to-Month,Credit Card,11,73.83,No
C02982,36.0,Male,Kurunegala,4,46297.01,353937.81,Two Year,Bank Transfer,4,136.29,No
C02983,24.0,Male,Batticaloa,68,1517.78,2771814.75,One Year,Online Payment,10,200.72,No
C02984,68.0,Male,Colombo,7,29315.71,2546914.39,One Year,Online Payment,5,263.25,No
C02985,45.0,Female,Kurunegala,46,48127.75,1461062.57,One Year,Online Payment,8,50.42,No
C02986,68.0,Male,Negombo,9,12642.62,1852849.95,Two Year,Cash,1,268.09,Yes
C02987,60.0,Male,Colombo,33,13454.77,872489.8,Two Year,Cash,13,117.62,Yes
C02988,22.0,Male,Jaffna,33,1020.73,2379528.1,Month-to-Month,Bank Transfer,11,253.3,Yes
C02989,22.0,Female,Negombo,4,4251.21,1811935.75,Two Year,Credit Card,8,154.25,No
C02990,47.0,Male,Kurunegala,65,3199.53,2086002.99,One Year,Cash,6,258.8,No
C02991,49.0,Female,Galle,34,41310.16,1127854.96,One Year,Credit Card,8,199.18,Yes
C02992,25.0,Male,Negombo,64,42000.14,1294161.83,Two Year,Online Payment,3,153.11,No
C02993,27.0,Male,Negombo,25,36608.3,627007.84,Two Year,Online Payment,6,94.45,Yes
C02994,55.0,Female,Kurunegala,55,18284.51,2844417.37,One Year,Credit Card,0,290.7,Yes
C02995,64.0,Male,Galle,9,41241.47,2839938.28,One Year,Bank Transfer,7,240.47,No
C02996,49.0,Male,Galle,17,27448.95,2454164.99,One Year,Online Payment,6,114.97,No
C02997,65.0,Female,Batticaloa,21,15911.2,2806987.58,One Year,Bank Transfer,6,50.85,No
C02998,45.0,Male,Jaffna,60,22426.56,1997657.52,One Year,Online Payment,1,234.08,No
C02999,34.0,Male,Galle,13,4222.62,707782.35,Two Year,Cash,9,296.99,No
C03000,48.0,Male,Kandy,3,47300.53,2281830.51,Two Year,Online Payment,15,84.41,No
C03001,25.0,Male,Kandy,68,31336.7,979202.25,Month-to-Month,Bank Transfer,14,274.84,No
C03002,57.0,Female,Jaffna,4,36830.47,1324242.66,Month-to-Month,Cash,8,38.49,No
C03003,42.0,Male,Colombo,7,34152.59,826678.74,Month-to-Month,Online Payment,10,285.71,No
C03004,26.0,Female,Kurunegala,26,33719.75,1273747.64,Two Year,Cash,7,223.86,No
C03005,19.0,Male,Colombo,24,1845.79,2039555.51,Month-to-Month,Cash,0,104.63,No
C03006,32.0,Female,Kandy,10,26743.19,336278.63,Month-to-Month,Online Payment,10,92.08,Yes
C03007,67.0,Male,Galle,13,41263.8,320094.75,Two Year,Credit Card,0,193.39,Yes
C03008,20.0,Female,Jaffna,44,3181.42,2052891.19,One Year,Credit Card,13,178.46,No
C03009,66.0,Male,Colombo,39,47852.12,2339845.59,Two Year,Bank Transfer,4,275.76,No
C03010,53.0,Female,Colombo,19,21783.82,1656642.72,Two Year,Bank Transfer,1,230.11,No
C03011,21.0,Female,Kurunegala,51,15204.88,549014.84,One Year,Online Payment,0,162.57,No
C03012,31.0,Male,Negombo,19,27059.25,1295116.76,Month-to-Month,Cash,9,278.34,No
C03013,58.0,Female,Kandy,52,40259.5,2275735.69,Two Year,Cash,11,178.23,No
C03014,58.0,Male,Galle,47,24263.0,2058770.64,Two Year,Credit Card,12,255.06,No
C03015,42.0,Male,Jaffna,30,32610.18,334047.11,One Year,Credit Card,10,252.44,Yes
C03016,67.0,Male,Colombo,46,25495.81,2907595.81,Two Year,Cash,7,275.84,No
C03017,27.0,Male,Kurunegala,21,31932.34,673974.82,Month-to-Month,Cash,11,21.21,No
C03018,38.0,Male,Negombo,48,7763.51,665066.57,One Year,Bank Transfer,12,175.56,No
C03019,53.0,Female,Kandy,62,2894.51,1382272.46,Two Year,Cash,3,141.05,Yes
C03020,29.0,Male,Kandy,58,7708.17,985093.17,Month-to-Month,Cash,1,147.67,Yes
C03021,44.0,Male,Kurunegala,18,15006.07,2952038.04,Month-to-Month,Online Payment,13,138.51,No
C03022,57.0,Male,Jaffna,59,13414.45,234086.87,Two Year,Cash,4,251.4,Yes
C03023,19.0,Male,Colombo,48,31143.59,922785.38,Month-to-Month,Credit Card,11,96.21,No
C03024,30.0,Male,Jaffna,63,23338.58,1151252.87,One Year,Credit Card,10,139.36,No
C03025,70.0,Male,Kurunegala,12,2901.79,1482909.69,Month-to-Month,Bank Transfer,12,61.0,Yes
C03026,49.0,Female,Kurunegala,34,2708.43,54137.25,One Year,Bank Transfer,12,76.26,No
C03027,48.0,Female,Jaffna,61,5438.81,251674.58,One Year,Online Payment,11,198.47,No
C03028,33.0,Male,Batticaloa,53,18300.98,777139.88,One Year,Bank Transfer,5,35.96,No
C03029,49.0,Female,Negombo,25,1302.96,1664236.23,Two Year,Cash,7,57.16,No
C03030,49.0,Male,Kandy,62,25205.38,2304475.85,Month-to-Month,Cash,14,158.88,No
C03031,51.0,Male,Batticaloa,4,18672.81,2061053.57,Two Year,Online Payment,14,14.09,No
C03032,28.0,Male,Galle,13,28216.62,1703239.61,Two Year,Credit Card,6,38.95,No
C03033,27.0,Male,Kandy,42,36320.44,1194712.35,One Year,Cash,6,259.14,No
C03034,32.0,Male,Kandy,49,13297.67,2612730.03,Two Year,Cash,0,254.0,Yes
C03035,34.0,Female,Negombo,56,8697.1,1382018.77,Month-to-Month,Online Payment,2,104.99,No
C03036,57.0,Female,Galle,47,14624.62,901262.15,Two Year,Credit Card,2,105.05,No
C03037,35.0,Female,Colombo,8,1086.4,1889858.67,Two Year,Bank Transfer,6,281.02,No
C03038,26.0,Female,Galle,55,6880.63,2077884.41,One Year,Cash,11,8.73,No
C03039,42.0,Male,Colombo,18,37790.69,1198418.38,One Year,Credit Card,13,174.51,No
C03040,,Female,Galle,35,11917.54,89289.13,Two Year,Online Payment,1,179.62,Yes
C03041,31.0,Male,Jaffna,32,49720.68,286923.84,One Year,Online Payment,9,236.58,No
C03042,42.0,Female,Kurunegala,24,9223.74,2537568.68,Two Year,Credit Card,6,285.57,Yes
C03043,67.0,Female,Galle,7,39649.81,174361.02,Month-to-Month,Online Payment,15,107.39,No
C03044,,Female,Batticaloa,13,35547.18,1778098.9,Month-to-Month,Bank Transfer,8,131.91,No
C03045,69.0,Female,Batticaloa,69,16784.47,555209.61,One Year,Credit Card,15,201.72,No
C03046,47.0,Male,Negombo,42,17206.22,690634.24,Month-to-Month,Bank Transfer,0,290.21,No
C03047,37.0,Female,Kurunegala,31,28614.03,823635.21,Month-to-Month,Online Payment,11,267.35,No
C03048,38.0,Female,Kurunegala,26,42766.33,119682.7,Two Year,Bank Transfer,13,200.45,No
C03049,61.0,Male,Colombo,32,19923.16,535819.65,One Year,Bank Transfer,1,257.16,No
C03050,49.0,Male,Kandy,52,3997.81,1953247.45,Month-to-Month,Bank Transfer,10,26.48,No
C03051,68.0,Female,Negombo,20,19346.54,1498657.82,One Year,Bank Transfer,5,113.76,No
C03052,63.0,Male,Batticaloa,40,11158.32,2393000.61,One Year,Credit Card,1,4.91,No
C03053,66.0,Male,Batticaloa,59,47021.14,188420.11,One Year,Online Payment,13,54.06,No
C03054,38.0,Male,Colombo,14,35166.44,2667250.4,Month-to-Month,Online Payment,11,189.52,Yes
C03055,52.0,Female,Batticaloa,44,3490.8,2989213.6,One Year,Cash,1,265.78,Yes
C03056,49.0,Male,Batticaloa,48,15356.44,52141.22,One Year,Bank Transfer,4,190.2,No
C03057,47.0,Female,Colombo,43,3460.58,2903082.0,Two Year,Bank Transfer,6,199.58,No
C03058,56.0,Female,Batticaloa,16,41670.82,711408.83,Two Year,Cash,3,32.04,No
C03059,66.0,Female,Kandy,35,45408.52,2079166.7,Two Year,Cash,12,199.79,No
C03060,29.0,Female,Jaffna,53,6501.7,880987.91,Two Year,Bank Transfer,15,136.85,No
C03061,58.0,Male,Negombo,34,22574.21,1567829.57,One Year,Online Payment,5,195.78,No
C03062,64.0,Female,Kandy,3,46662.28,1533703.44,Two Year,Cash,11,98.53,No
C03063,35.0,Male,Kandy,68,8115.37,1086510.91,Two Year,Bank Transfer,15,174.86,No
C03064,38.0,Female,Jaffna,5,15303.28,2154052.57,Month-to-Month,Online Payment,2,127.8,Yes
C03065,30.0,Male,Kurunegala,10,15909.46,1800911.26,Two Year,Credit Card,3,168.03,No
C03066,38.0,Female,Negombo,52,2472.86,1527289.63,Two Year,Cash,3,44.98,No
C03067,25.0,Male,Kandy,29,2777.39,2948603.74,Month-to-Month,Cash,14,119.35,No
C03068,63.0,Female,Batticaloa,31,47686.85,2820327.93,One Year,Online Payment,3,112.91,No
C03069,57.0,Female,Jaffna,66,-1000.0,2866530.36,One Year,Credit Card,11,221.18,No
C03070,63.0,Male,Kurunegala,69,16025.77,2644565.26,Month-to-Month,Online Payment,0,212.22,No
C03071,24.0,Female,Negombo,37,19555.06,769190.24,Month-to-Month,Cash,12,272.75,No
C03072,40.0,Female,Galle,27,36027.3,1053178.21,One Year,Credit Card,3,189.98,No
C03073,61.0,Female,Colombo,33,18959.34,697008.59,Two Year,Bank Transfer,3,95.05,Yes
C03074,49.0,Male,Batticaloa,68,12160.26,2958599.78,Month-to-Month,Cash,5,235.18,No
C03075,28.0,Female,Jaffna,59,5990.03,462222.3,Month-to-Month,Online Payment,8,149.6,No
C03076,39.0,Female,Colombo,64,36717.72,1102702.71,Month-to-Month,Online Payment,9,58.85,No
C03077,39.0,Male,Kurunegala,44,9847.69,601138.05,One Year,Online Payment,15,224.48,No
C03078,60.0,Male,Kurunegala,49,4412.77,674244.17,One Year,Online Payment,5,40.63,No
C03079,42.0,Male,Galle,53,21920.77,745028.21,One Year,Online Payment,5,54.27,Yes
C03080,39.0,Male,Kandy,49,2938.98,1920813.67,One Year,Cash,6,227.87,No
C03081,45.0,Male,Kandy,66,48284.9,232767.86,One Year,Credit Card,6,231.27,No
C03082,46.0,Female,Negombo,63,31737.36,1719726.97,Two Year,Online Payment,15,237.44,No
C03083,30.0,Female,Jaffna,25,8482.14,2458762.28,Two Year,Online Payment,0,88.7,No
C03084,35.0,Female,Jaffna,4,9450.25,2300738.71,One Year,Bank Transfer,7,260.11,No
C03085,19.0,Male,Kurunegala,51,28921.6,457759.24,One Year,Bank Transfer,0,217.08,Yes
C03086,46.0,Female,Negombo,11,18471.72,2744621.55,One Year,Credit Card,14,250.36,Yes
C03087,38.0,Male,Colombo,17,38939.07,2311420.69,Month-to-Month,Cash,8,212.87,No
C03088,32.0,Male,Kandy,66,27744.52,20881.02,Month-to-Month,Cash,13,174.3,Yes
C03089,69.0,Female,Kandy,70,22233.36,2213434.03,One Year,Credit Card,13,33.71,No
C03090,44.0,Male,Kurunegala,69,48186.03,2213577.93,One Year,Credit Card,14,213.57,No
C03091,67.0,Male,Jaffna,29,20145.72,1492964.16,Month-to-Month,Credit Card,3,207.45,No
C03092,48.0,Female,Kurunegala,72,20629.94,142717.34,Month-to-Month,Online Payment,8,94.43,No
C03093,32.0,Male,Jaffna,20,33622.85,1741818.29,Month-to-Month,Cash,7,221.01,No
C03094,68.0,Male,Negombo,27,40664.45,2298411.55,Month-to-Month,Credit Card,8,165.59,Yes
C03095,40.0,Female,Galle,8,31684.53,816267.8,Month-to-Month,Bank Transfer,14,168.26,No
C03096,41.0,Male,Colombo,61,35231.9,2002869.31,One Year,Online Payment,13,110.91,No
C03097,61.0,Male,Batticaloa,28,19273.65,1065008.95,One Year,Online Payment,5,35.92,No
C03098,30.0,Female,Galle,70,24495.34,1723695.22,Month-to-Month,Online Payment,8,65.86,No
C03099,39.0,Female,Galle,3,10654.72,1156774.42,One Year,Online Payment,3,230.88,No
C03100,60.0,Female,Jaffna,69,34332.08,914765.59,Month-to-Month,Credit Card,2,82.16,No
C03101,54.0,Female,Jaffna,7,11851.15,2568463.85,Month-to-Month,Online Payment,2,1.67,Yes
C03102,50.0,Male,Jaffna,60,1061.58,2262745.59,Month-to-Month,Bank Transfer,7,299.11,No
C03103,20.0,Male,Galle,4,46754.34,1039620.16,One Year,Bank Transfer,1,63.99,No
C03104,36.0,Female,Kurunegala,5,15994.75,1306721.77,One Year,Credit Card,11,196.96,No
C03105,40.0,Male,,11,10634.97,2076651.74,One Year,Online Payment,5,278.15,No
C03106,46.0,Male,Kurunegala,15,14139.19,2434180.95,One Year,Bank Transfer,8,180.31,No
C03107,47.0,Female,Jaffna,64,17191.94,2054602.08,Two Year,Cash,14,239.91,No
C03108,56.0,Female,Kandy,13,24252.77,1625090.08,Month-to-Month,Online Payment,8,292.94,No
C03109,61.0,Male,Kurunegala,7,4398.23,2863385.57,Month-to-Month,Credit Card,7,258.25,No
C03110,64.0,Female,Colombo,6,3580.98,2323560.14,One Year,Cash,7,167.81,No
C03111,42.0,Female,Kandy,56,15352.63,351197.62,One Year,Online Payment,0,109.75,Yes
C03112,54.0,Female,Colombo,64,15492.54,1676626.6,Two Year,Cash,15,145.26,No
C03113,64.0,Male,Jaffna,50,6764.67,1231622.14,Month-to-Month,Online Payment,15,252.71,No
C03114,25.0,Female,Kurunegala,30,20834.79,2385832.23,Month-to-Month,Online Payment,15,256.15,No
C03115,59.0,Male,Batticaloa,22,14917.4,138765.79,One Year,Bank Transfer,10,253.91,Yes
C03116,33.0,Male,Negombo,25,2276.72,1235117.09,One Year,Cash,6,179.57,No
C03117,25.0,Male,Jaffna,28,44400.32,958237.56,Two Year,Cash,13,143.61,No
C03118,18.0,Female,Galle,39,44414.93,427852.02,Month-to-Month,Credit Card,14,94.09,No
C03119,61.0,Female,Batticaloa,67,11249.93,1139518.33,Two Year,Credit Card,0,2.0,No
C03120,22.0,Female,Galle,5,8980.74,2020036.83,Month-to-Month,Cash,8,229.58,No
C03121,20.0,Female,Colombo,65,27817.35,1088225.27,One Year,Bank Transfer,2,83.82,No
C03122,18.0,Female,Galle,15,31906.92,1742119.69,Two Year,Bank Transfer,0,99.57,No
C03123,21.0,Male,Batticaloa,67,47919.59,1780471.33,One Year,Online Payment,7,253.2,No
C03124,57.0,Male,Batticaloa,40,19490.07,1763397.83,Month-to-Month,Credit Card,6,16.62,No
C03125,52.0,Male,Jaffna,69,31291.82,1590947.99,Month-to-Month,Credit Card,1,278.36,No
C03126,49.0,Female,Kandy,43,44030.87,355379.77,Two Year,Credit Card,13,1.41,No
C03127,59.0,Male,Jaffna,1,23047.74,659275.5,One Year,Online Payment,6,281.81,No
C03128,51.0,Male,Colombo,22,6994.94,2401200.89,Month-to-Month,Bank Transfer,4,136.97,Yes
C03129,60.0,Female,Galle,62,19494.92,1509584.64,Month-to-Month,Credit Card,14,31.53,No
C03130,42.0,Female,Kandy,26,7691.78,2119698.57,Two Year,Online Payment,6,202.57,No
C03131,27.0,Male,Kurunegala,18,1815.33,1711877.7,Two Year,Cash,9,268.86,No
C03132,38.0,Male,Negombo,48,37826.1,120877.31,One Year,Bank Transfer,15,131.98,No
C03133,63.0,Female,Batticaloa,9,12682.76,2389660.24,Two Year,Cash,11,207.72,No
C03134,56.0,Female,Kandy,1,1098.35,197650.96,Month-to-Month,Credit Card,6,293.83,No
C03135,44.0,Female,Kurunegala,9,43749.19,2829806.28,One Year,Online Payment,1,72.97,Yes
C03136,44.0,Female,Kandy,23,,650053.88,One Year,Bank Transfer,1,246.31,No
C03137,19.0,Male,Jaffna,45,12704.13,1539656.4,One Year,Credit Card,14,89.28,Yes
C03138,58.0,Male,Kurunegala,2,13876.71,195446.19,Month-to-Month,Bank Transfer,6,128.47,Yes
C03139,65.0,Female,Negombo,14,12786.36,2685322.47,Two Year,Online Payment,2,85.25,No
C03140,30.0,Male,Batticaloa,38,10533.25,2939921.06,One Year,Online Payment,3,134.36,Yes
C03141,26.0,Male,Colombo,40,42220.09,443146.05,Month-to-Month,Credit Card,14,2.52,No
C03142,69.0,Female,Colombo,63,9346.25,890880.69,Two Year,Bank Transfer,13,91.73,No
C03143,53.0,Male,Kandy,16,28530.88,52543.89,One Year,Online Payment,6,134.14,No
C03144,39.0,Male,Kurunegala,6,4788.69,2361961.65,Two Year,Bank Transfer,13,190.04,No
C03145,59.0,Male,Kandy,3,47526.55,937835.68,Two Year,Bank Transfer,1,191.57,Yes
C03146,43.0,Female,Galle,14,30562.38,1768568.22,Two Year,Cash,12,175.55,No
C03147,29.0,Female,Negombo,66,45254.47,122459.41,Month-to-Month,Credit Card,1,88.62,No
C03148,34.0,Male,Batticaloa,67,20496.01,2147803.5,One Year,Credit Card,8,284.27,No
C03149,31.0,Female,Kandy,31,40722.93,1590564.87,One Year,Bank Transfer,10,118.2,Yes
C03150,31.0,Female,Galle,33,42829.07,2176315.84,One Year,Cash,0,65.85,No
C03151,51.0,Female,Kurunegala,1,35444.52,2369745.12,Month-to-Month,Bank Transfer,15,166.8,Yes
C03152,70.0,Male,Negombo,44,5554.43,272282.38,Two Year,Credit Card,11,224.93,No
C03153,37.0,Male,Batticaloa,15,1787.92,1736385.9,Month-to-Month,Credit Card,11,4.66,No
C03154,28.0,Female,Colombo,37,9259.42,1951582.38,One Year,Bank Transfer,2,83.63,No
C03155,33.0,Male,Galle,27,6786.74,1552572.67,Two Year,Bank Transfer,9,247.67,No
C03156,68.0,Male,Kurunegala,48,36531.75,551316.15,Month-to-Month,Bank Transfer,3,152.6,Yes
C03157,48.0,Male,Negombo,27,28293.33,2387813.87,Month-to-Month,Credit Card,4,123.14,No
C03158,23.0,Male,Galle,12,26771.59,2992387.69,Month-to-Month,Bank Transfer,14,279.34,No
C03159,36.0,Male,Kandy,67,13390.5,2907964.41,Month-to-Month,Bank Transfer,2,27.77,Yes
C03160,54.0,Female,Jaffna,30,8575.77,2333701.05,Two Year,Online Payment,8,185.06,No
C03161,21.0,Male,Colombo,66,11120.85,1257232.63,Month-to-Month,Credit Card,4,103.31,No
C03162,64.0,Male,Kandy,7,20613.57,1015214.99,Two Year,Bank Transfer,6,22.18,No
C03163,21.0,Male,Kandy,34,37267.02,210294.67,Month-to-Month,Cash,14,64.91,No
C03164,37.0,Female,Kurunegala,32,13471.31,1251777.48,One Year,Credit Card,13,188.75,No
C03165,27.0,Female,Kurunegala,39,35232.04,472365.55,Month-to-Month,Bank Transfer,10,9.45,No
C03166,41.0,Female,Negombo,43,25084.08,766732.47,Month-to-Month,Bank Transfer,12,178.08,Yes
C03167,52.0,Male,Kurunegala,43,44386.6,2676200.89,One Year,Online Payment,6,287.1,Yes
C03168,43.0,Female,Galle,3,12412.81,2905734.27,Two Year,Online Payment,10,238.73,No
C03169,54.0,Female,Colombo,46,23091.98,2845934.21,Month-to-Month,Credit Card,8,104.33,Yes
C03170,55.0,Female,Kandy,32,5736.57,584100.28,Month-to-Month,Online Payment,1,42.32,No
C03171,38.0,Female,Negombo,43,17422.5,2703178.15,One Year,Online Payment,2,140.05,No
C03172,57.0,Male,Colombo,3,25837.14,428808.38,Two Year,Credit Card,3,118.49,No
C03173,56.0,Female,Kurunegala,63,36904.27,1525442.32,One Year,Cash,7,291.55,No
C03174,38.0,Female,Kurunegala,40,10705.78,1932771.78,Month-to-Month,Bank Transfer,0,296.97,No
C03175,27.0,Male,Galle,18,11686.51,1390088.28,Two Year,Bank Transfer,8,123.76,Yes
C03176,55.0,Male,Kurunegala,67,31947.31,2855753.12,Month-to-Month,Online Payment,4,45.49,No
C03177,63.0,Female,Kandy,62,19740.43,1002972.11,One Year,Bank Transfer,3,273.27,No
C03178,21.0,Male,Batticaloa,10,24622.65,1584496.1,Month-to-Month,Online Payment,12,238.27,Yes
C03179,62.0,Female,Kandy,52,41970.61,230972.56,One Year,Credit Card,7,153.87,No
C03180,37.0,Male,Kandy,46,25455.08,2557412.62,One Year,Credit Card,13,110.24,Yes
C03181,34.0,Male,Kurunegala,55,32972.47,1243023.37,Two Year,Credit Card,8,135.0,No
C03182,24.0,Female,Colombo,46,33181.98,2103093.69,One Year,Bank Transfer,2,270.66,No
C03183,21.0,Male,Kurunegala,60,40376.99,2048325.66,Two Year,Online Payment,13,56.21,No
C03184,46.0,Female,Colombo,26,32268.83,2030407.36,Two Year,Online Payment,3,242.23,Yes
C03185,31.0,Male,Colombo,27,4175.68,1523280.14,Two Year,Bank Transfer,0,6.44,Yes
C03186,20.0,Female,Colombo,38,17766.48,836168.78,Two Year,Credit Card,14,276.25,No
C03187,41.0,Male,Negombo,22,49476.49,1877158.2,Two Year,Cash,11,150.59,No
C03188,54.0,Male,Jaffna,26,10629.0,2885565.55,One Year,Online Payment,13,68.8,No
C03189,33.0,Male,Kurunegala,69,29749.72,2502678.02,One Year,Online Payment,2,1.85,No
C03190,69.0,Male,Negombo,35,42304.09,330760.85,Two Year,Bank Transfer,9,168.3,No
C03191,21.0,Male,Kandy,66,29741.37,74446.27,One Year,Cash,4,74.1,No
C03192,41.0,Female,Negombo,51,19241.24,1499419.21,Two Year,Credit Card,14,189.75,No
C03193,51.0,Male,Galle,18,4931.2,2328608.91,One Year,Online Payment,12,85.07,Yes
C03194,47.0,Female,Batticaloa,43,18721.58,945138.15,Two Year,Bank Transfer,7,27.32,Yes
C03195,35.0,Female,Colombo,12,9921.31,2105208.64,Month-to-Month,Cash,15,152.01,Yes
C03196,36.0,Female,Kurunegala,3,48082.28,2796104.19,Month-to-Month,Bank Transfer,13,169.78,No
C03197,48.0,Male,Galle,7,36036.56,1379658.6,Two Year,Cash,0,136.32,Yes
C03198,36.0,Female,Kurunegala,6,37719.77,736258.17,One Year,Bank Transfer,0,137.95,No
C03199,66.0,Male,Batticaloa,45,22362.49,2753684.8,Two Year,Cash,2,177.31,No
C03200,63.0,Female,Galle,39,6388.28,1419430.57,One Year,Online Payment,15,158.38,No
C03201,36.0,Female,Kurunegala,51,14069.11,1226478.72,Two Year,Cash,8,40.64,No
C03202,39.0,Female,Kandy,9,13725.84,1063317.91,Two Year,Credit Card,8,59.93,No
C03203,41.0,Female,Colombo,23,24852.19,1271935.77,One Year,Online Payment,0,43.4,No
C03204,62.0,Female,Galle,12,23588.01,2022605.27,One Year,Credit Card,3,208.3,No
C03205,29.0,Male,Kandy,62,22237.0,1303990.28,Two Year,Online Payment,11,159.05,No
C03206,47.0,Female,Colombo,40,25302.9,976050.55,Month-to-Month,Cash,7,129.53,No
C03207,55.0,Female,Jaffna,54,49364.13,2232194.81,Month-to-Month,Online Payment,1,239.7,Yes
C03208,70.0,Male,Kandy,7,15619.33,612899.42,Month-to-Month,Bank Transfer,15,98.41,No
C03209,48.0,Male,Negombo,17,31148.19,609791.51,Month-to-Month,Cash,3,170.86,No
C03210,53.0,Male,Kurunegala,50,12735.88,2090824.43,Month-to-Month,Bank Transfer,15,23.25,No
C03211,36.0,Female,Colombo,24,23863.71,2600786.06,One Year,Bank Transfer,6,223.58,No
C03212,65.0,Female,Galle,2,10802.41,727426.46,Month-to-Month,Bank Transfer,6,208.86,No
C03213,62.0,Female,Batticaloa,33,28351.42,577419.3,One Year,Bank Transfer,4,240.91,No
C03214,53.0,Female,Galle,21,13985.58,2012566.11,Month-to-Month,Credit Card,6,265.46,Yes
C03215,47.0,Female,Negombo,53,2802.66,1864303.55,One Year,Cash,5,227.65,No
C03216,66.0,Female,Kurunegala,46,40948.28,1344520.78,Month-to-Month,Bank Transfer,1,253.5,No
C03217,50.0,Male,Negombo,45,7284.5,292102.62,Month-to-Month,Credit Card,8,104.35,No
C03218,35.0,Male,Galle,9,19033.9,279897.37,One Year,Online Payment,4,103.66,No
C03219,69.0,Female,Kurunegala,6,24381.7,2333138.66,One Year,Bank Transfer,1,283.35,Yes
C03220,66.0,Female,Batticaloa,51,22191.52,1358048.51,Two Year,Bank Transfer,5,274.46,No
C03221,45.0,Female,Colombo,35,36557.62,2574611.44,Month-to-Month,Credit Card,9,165.0,No
C03222,64.0,Female,Kurunegala,53,30242.05,1726327.29,Month-to-Month,Online Payment,4,110.6,No
C03223,28.0,Female,Kandy,19,15473.19,1858120.73,One Year,Online Payment,1,259.93,No
C03224,62.0,Male,Kurunegala,69,3533.45,2802912.35,One Year,Credit Card,12,97.7,Yes
C03225,50.0,Male,Negombo,25,38612.16,498024.6,Month-to-Month,Bank Transfer,9,46.94,No
C03226,34.0,Female,Negombo,11,18273.83,1631357.57,Month-to-Month,Cash,9,192.21,No
C03227,23.0,Male,Negombo,17,44596.51,179125.11,One Year,Credit Card,6,13.74,No
C03228,21.0,Female,Batticaloa,36,20357.78,1079980.52,One Year,Cash,9,114.35,Yes
C03229,37.0,Female,Kurunegala,21,36165.27,448555.01,Month-to-Month,Bank Transfer,12,242.49,No
C03230,65.0,Female,Kurunegala,18,47038.67,567568.71,One Year,Bank Transfer,1,89.27,No
C03231,64.0,Male,Jaffna,60,32906.47,2804710.19,One Year,Online Payment,15,279.46,Yes
C03232,44.0,Male,Batticaloa,18,21260.96,1833994.17,Month-to-Month,Bank Transfer,6,286.79,Yes
C03233,32.0,Female,Colombo,1,28802.56,2677013.61,Two Year,Online Payment,13,244.93,Yes
C03234,23.0,Male,Colombo,14,27628.81,1333342.95,One Year,Online Payment,5,296.31,No
C03235,64.0,Male,Colombo,8,29656.18,1794941.82,Two Year,Bank Transfer,11,159.7,No
C03236,,Female,Colombo,66,8194.18,101123.06,One Year,Online Payment,11,171.19,Yes
C03237,28.0,Male,Colombo,51,35226.98,1411159.19,Two Year,Bank Transfer,3,251.01,No
C03238,56.0,Male,Galle,60,8107.12,1694349.74,One Year,Online Payment,3,148.35,Yes
C03239,26.0,Female,Negombo,34,1716.23,55249.25,Two Year,Online Payment,15,122.61,No
C03240,43.0,Female,Batticaloa,36,31614.22,2369520.08,Two Year,Bank Transfer,11,184.81,No
C03241,33.0,Male,Galle,62,6728.77,889791.84,One Year,Cash,5,197.64,No
C03242,22.0,Female,Batticaloa,1,38750.17,1360198.79,Two Year,Credit Card,8,225.52,No
C03243,69.0,Male,Jaffna,42,43432.33,1609212.7,Month-to-Month,Bank Transfer,9,200.79,Yes
C03244,27.0,Female,Kurunegala,1,47292.1,2976630.47,Month-to-Month,Online Payment,5,223.97,Yes
C03245,67.0,Female,Kandy,54,33559.37,302056.52,Month-to-Month,Credit Card,5,202.69,No
C03246,20.0,Female,Negombo,47,24618.73,1668062.29,Two Year,Cash,10,144.65,Yes
C03247,30.0,Female,Jaffna,39,18261.77,1594129.47,One Year,Bank Transfer,0,41.35,No
C03248,60.0,Male,Galle,30,25055.33,211384.54,Two Year,Online Payment,4,235.85,No
C03249,66.0,Female,Kandy,7,10327.26,1903645.39,One Year,Online Payment,14,10.2,No
C03250,47.0,Female,Kurunegala,22,18072.71,864129.03,Two Year,Bank Transfer,0,297.76,No
C03251,62.0,Female,Jaffna,50,36178.6,315785.06,One Year,Online Payment,10,248.71,No
C03252,23.0,Male,Kurunegala,45,11653.73,540032.58,Two Year,Credit Card,13,201.6,No
C03253,34.0,Male,Kurunegala,72,13939.29,2471691.68,Two Year,Online Payment,8,290.02,No
C03254,62.0,Female,Batticaloa,10,37717.08,316853.66,Month-to-Month,Credit Card,9,184.13,No
C03255,68.0,Female,Kandy,14,9713.96,1403447.53,Two Year,Credit Card,3,17.87,No
C03256,70.0,Female,Batticaloa,46,13048.49,589843.0,Month-to-Month,Bank Transfer,1,168.26,No
C03257,36.0,Female,Kurunegala,6,1859.83,491147.99,One Year,Online Payment,8,83.88,No
C03258,59.0,Female,Jaffna,21,36282.53,621106.72,One Year,Credit Card,5,111.47,No
C03259,52.0,Female,Kurunegala,62,31277.27,1480884.89,Month-to-Month,Online Payment,13,138.42,No
C03260,63.0,Male,Galle,19,35024.89,717176.32,Two Year,Credit Card,10,232.61,Yes
C03261,43.0,Female,,62,11502.06,294715.19,One Year,Cash,12,151.38,Yes
C03262,68.0,Female,Batticaloa,53,34681.44,2405195.6,Two Year,Bank Transfer,9,142.93,Yes
C03263,22.0,Female,Kandy,24,30222.45,1621765.1,Two Year,Bank Transfer,2,91.29,No
C03264,46.0,Female,Jaffna,56,18940.03,474776.69,Two Year,Bank Transfer,12,162.42,No
C03265,54.0,Female,Batticaloa,62,22453.46,1416932.4,One Year,Credit Card,11,75.27,No
C03266,37.0,Female,Kurunegala,34,28828.1,209745.69,One Year,Cash,1,79.04,No
C03267,66.0,Male,Galle,22,25171.32,1743387.44,Two Year,Credit Card,5,227.42,No
C03268,38.0,Male,Negombo,68,32449.58,1024212.93,Month-to-Month,Bank Transfer,9,103.42,No
C03269,27.0,Male,Galle,57,9868.0,315067.95,Month-to-Month,Credit Card,5,16.37,No
C03270,22.0,Male,Kurunegala,10,27494.79,555013.33,Month-to-Month,Bank Transfer,13,103.76,No
C03271,53.0,Male,Galle,66,23063.69,1040379.6,Two Year,Online Payment,11,191.93,No
C03272,23.0,Male,Negombo,8,23590.0,2420190.33,Month-to-Month,Credit Card,11,244.38,No
C03273,43.0,Female,Galle,38,23999.72,525398.31,One Year,Online Payment,8,288.62,No
C03274,21.0,Female,Negombo,62,44192.13,333444.34,Month-to-Month,Credit Card,4,224.12,No
C03275,56.0,Female,Kurunegala,28,41112.74,1550237.32,Month-to-Month,Bank Transfer,10,129.23,No
C03276,56.0,Female,Negombo,10,31848.93,1678297.41,Two Year,Online Payment,14,90.44,No
C03277,67.0,Female,Batticaloa,45,36107.86,275272.75,One Year,Credit Card,14,39.76,No
C03278,,Female,Batticaloa,65,3097.33,857031.02,One Year,Bank Transfer,11,188.68,No
C03279,18.0,Male,Negombo,67,37455.59,791978.29,Month-to-Month,Credit Card,8,153.46,Yes
C03280,41.0,Female,Jaffna ,9,24822.07,562733.72,Two Year,Online Payment,12,203.63,Yes
C03281,53.0,Male,Kandy,5,16569.63,950336.19,Two Year,Credit Card,15,71.9,Yes
C03282,23.0,Male,Jaffna,10,7849.07,116139.99,Month-to-Month,Credit Card,4,97.77,Yes
C03283,58.0,Female,Negombo,12,4685.23,1956391.6,One Year,Online Payment,1,88.34,No
C03284,63.0,Female,Kandy,58,3199.4,2965519.0,One Year,Bank Transfer,0,239.5,Yes
C03285,61.0,Female,Batticaloa,21,8928.01,1903970.07,One Year,Credit Card,8,52.2,No
C03286,48.0,Female,Kandy,21,2477.05,1086423.97,Two Year,Credit Card,9,182.93,Yes
C03287,37.0,Female,Negombo,65,36899.47,2005391.35,Month-to-Month,Cash,6,16.36,No
C03288,41.0,Female,Batticaloa,3,13182.09,1716690.18,Two Year,Cash,2,165.31,Yes
C03289,42.0,Female,Kandy,69,19068.28,2541040.0,One Year,Bank Transfer,14,20.11,No
C03290,53.0,Male,Kandy,64,41313.09,1867514.31,Two Year,Online Payment,11,53.59,No
C03291,38.0,Female,Jaffna,49,6618.22,1904058.68,One Year,Bank Transfer,5,34.79,No
C03292,47.0,Female,Kandy,72,41944.11,668884.24,Month-to-Month,Bank Transfer,9,104.67,No
C03293,41.0,Male,Kurunegala,17,32337.48,1249803.58,One Year,Bank Transfer,3,103.78,Yes
C03294,61.0,Female,Negombo,32,0.0,1036526.1,Month-to-Month,Credit Card,13,248.1,No
C03295,59.0,Female,Colombo,70,6772.55,39218.44,Two Year,Credit Card,8,68.48,No
C03296,47.0,Male,Colombo,21,5483.14,943275.78,Two Year,Bank Transfer,14,26.83,No
C03297,39.0,Female,Colombo,7,17440.2,1460756.06,Two Year,Bank Transfer,1,181.45,Yes
C03298,45.0,Female,Negombo,7,7876.76,1801546.66,One Year,Cash,13,206.55,Yes
C03299,24.0,Female,Colombo,27,14117.8,2804034.0,Month-to-Month,Online Payment,10,89.15,No
C03300,52.0,Female,Jaffna,8,3594.83,721145.71,Two Year,Bank Transfer,11,181.24,No
C03301,45.0,Female,Negombo,28,30155.41,461524.83,Two Year,Cash,14,233.04,Yes
C03302,31.0,Female,Kurunegala,66,8118.53,2608989.84,Month-to-Month,Bank Transfer,11,104.92,No
C03303,27.0,Male,Batticaloa,71,38079.88,2825833.24,One Year,Online Payment,3,158.08,Yes
C03304,33.0,Female,Kurunegala,47,11690.57,1466422.97,Two Year,Bank Transfer,0,44.84,Yes
C03305,33.0,Female,Negombo,10,40100.85,350073.6,One Year,Online Payment,6,8.07,No
C03306,48.0,Male,Negombo,33,10304.22,1458737.96,One Year,Credit Card,13,294.43,No
C03307,59.0,Male,Kandy,7,36346.96,332782.76,One Year,Online Payment,3,90.62,No
C03308,42.0,Female,Kandy,3,17320.66,2650140.81,Two Year,Bank Transfer,4,84.39,No
C03309,30.0,Male,Kandy,14,29572.88,2125909.56,Two Year,Cash,14,292.0,No
C03310,23.0,Female,Galle,44,2894.43,727205.37,Month-to-Month,Credit Card,11,218.74,No
C03311,61.0,Female,Jaffna,46,25266.98,2660638.63,Month-to-Month,Cash,0,176.0,No
C03312,26.0,Male,Negombo,61,8285.71,1915515.68,One Year,Bank Transfer,1,210.1,No
C03313,62.0,Female,COLOMBO,36,24829.69,2860023.69,Two Year,Credit Card,11,213.27,No
C03314,53.0,Female,Negombo,13,7926.6,2941537.15,One Year,Cash,3,229.24,Yes
C03315,60.0,Male,Kandy,16,22417.37,14828.96,Month-to-Month,Bank Transfer,1,21.09,No
C03316,37.0,Male,Negombo,5,6420.42,365041.56,One Year,Cash,13,124.44,No
C03317,35.0,Male,Batticaloa,38,11777.62,1643032.38,One Year,Online Payment,13,89.24,No
C03318,60.0,Male,Negombo,50,30158.87,2867779.36,Two Year,Online Payment,15,22.1,No
C03319,38.0,Female,Kurunegala,38,48856.37,2982729.74,One Year,Bank Transfer,12,124.37,No
C03320,21.0,Male,Colombo,56,23010.05,1704386.77,One Year,Cash,0,185.24,Yes
C03321,67.0,Male,Batticaloa,63,34671.51,525535.46,Two Year,Bank Transfer,9,54.37,No
C03322,50.0,Male,Batticaloa,48,27431.81,493334.81,Two Year,Cash,0,92.2,Yes
C03323,44.0,Male,Negombo,59,25419.54,2292753.99,Month-to-Month,Credit Card,5,192.11,Yes
C03324,24.0,Male,Galle,44,4170.51,1777853.35,Two Year,Bank Transfer,1,174.22,Yes
C03325,23.0,Female,Kandy,55,8070.57,1648577.83,One Year,Bank Transfer,2,260.77,No
C03326,32.0,Male,Jaffna,55,44269.83,1399965.95,Month-to-Month,Cash,4,237.58,Yes
C03327,35.0,Female,Jaffna,1,21098.05,2176778.21,Month-to-Month,Bank Transfer,15,289.72,No
C03328,49.0,Male,Colombo,8,31102.29,2574872.27,Month-to-Month,Credit Card,2,179.56,Yes
C03329,28.0,Male,Jaffna,4,26883.43,912359.45,Month-to-Month,Cash,5,209.84,No
C03330,37.0,Male,Jaffna,53,19565.24,666648.71,One Year,Cash,6,258.29,No
C03331,41.0,Male,Kandy,58,20003.01,2012246.5,One Year,Cash,9,252.16,Yes
C03332,32.0,Male,Kandy,37,28217.79,2744623.61,One Year,Credit Card,5,215.9,No
C03333,65.0,Male,Galle,49,7915.95,1047731.53,One Year,Credit Card,1,150.58,No
C03334,24.0,Male,Kurunegala,67,19975.69,820982.42,Month-to-Month,Bank Transfer,8,82.69,No
C03335,38.0,Male,Colombo,19,22901.8,682213.32,One Year,Cash,1,263.29,No
C03336,59.0,Female,Jaffna,1,49271.18,767200.27,Month-to-Month,Credit Card,5,233.22,No
C03337,43.0,Male,Galle,29,18221.28,409125.36,Two Year,Online Payment,8,251.53,No
C03338,61.0,Female,Colombo,33,,1792350.79,One Year,Bank Transfer,8,43.1,Yes
C03339,31.0,Male,Batticaloa,52,7733.36,846074.08,Two Year,Credit Card,1,95.13,No
C03340,54.0,Female,Jaffna,41,4208.59,1846758.36,Two Year,Credit Card,8,128.04,No
C03341,38.0,Male,Jaffna,23,43705.56,253681.89,One Year,Credit Card,15,251.67,No
C03342,35.0,Male,Kandy,5,36806.01,350793.09,Month-to-Month,Bank Transfer,7,267.97,No
C03343,22.0,Male,Negombo,71,16557.47,1610745.07,Two Year,Credit Card,13,86.18,Yes
C03344,20.0,Female,Colombo,57,25724.32,1537035.18,One Year,Credit Card,6,206.24,Yes
C03345,40.0,Female,Jaffna,6,7651.47,818172.23,Two Year,Online Payment,12,24.27,No
C03346,43.0,Female,Colombo,49,35650.85,2482256.9,Two Year,Online Payment,10,123.46,No
C03347,54.0,Female,Kurunegala,22,4446.2,565206.26,One Year,Online Payment,7,146.51,No
C03348,41.0,Male,Galle,4,38094.62,1085180.07,Two Year,Credit Card,9,229.92,No
C03349,66.0,Male,Galle,72,27794.99,1668757.56,Month-to-Month,Online Payment,7,267.7,No
C03350,36.0,Male,Negombo,64,14663.68,2602297.25,Month-to-Month,Cash,0,101.85,Yes
C03351,68.0,Female,Jaffna,37,43266.14,1258560.17,Two Year,Online Payment,8,158.79,No
C03352,42.0,Male,Kurunegala,31,49317.52,1198809.86,Two Year,Online Payment,5,194.59,No
C03353,38.0,Female,Kandy,37,13463.11,1740714.6,One Year,Credit Card,0,99.28,No
C03354,29.0,Female,Jaffna,45,40506.06,953502.77,Month-to-Month,Cash,0,295.68,No
C03355,58.0,Female,Colombo,8,37758.15,2128973.89,Two Year,Online Payment,12,262.86,No
C03356,50.0,Female,Batticaloa,40,37612.32,749844.34,Month-to-Month,Credit Card,6,89.62,Yes
C03357,67.0,Female,Galle,5,47904.54,2470472.01,Two Year,Cash,9,152.88,Yes
C03358,70.0,Male,Colombo,28,24844.24,820698.47,One Year,Online Payment,1,70.02,No
C03359,21.0,Female,Negombo,9,34034.23,2978139.98,One Year,Credit Card,5,154.84,No
C03360,59.0,Female,Galle,2,41369.99,952805.11,Month-to-Month,Cash,12,205.32,No
C03361,24.0,Male,Kandy,63,24497.29,2637084.29,Month-to-Month,Online Payment,4,26.57,No
C03362,39.0,Female,Galle,51,24590.13,1195081.08,Two Year,Cash,4,261.17,Yes
C03363,50.0,Female,Batticaloa,31,16614.08,741934.25,Two Year,Cash,9,178.53,No
C03364,34.0,Male,Kurunegala,7,39260.46,682358.94,Two Year,Credit Card,14,296.89,No
C03365,41.0,Male,Jaffna,30,34623.59,2551322.89,Month-to-Month,Bank Transfer,11,8.65,No
C03366,51.0,Male,Batticaloa,58,23105.86,929715.19,One Year,Cash,5,249.62,No
C03367,45.0,Female,Kurunegala,3,21547.5,1018996.21,One Year,Cash,13,237.8,No
C03368,60.0,Male,Batticaloa,51,4556.89,594994.2,Month-to-Month,Cash,10,40.72,Yes
C03369,58.0,Male,Jaffna,56,1318.56,2884167.53,One Year,Cash,15,101.26,No
C03370,56.0,Male,Galle,10,26915.8,738008.1,Month-to-Month,Cash,7,265.55,No
C03371,39.0,Female,Negombo,61,21457.15,746093.64,Two Year,Bank Transfer,4,156.02,No
C03372,66.0,Male,Jaffna,50,40005.8,2831974.18,Month-to-Month,Credit Card,7,120.98,No
C03373,34.0,Female,Jaffna,47,27590.05,2703192.07,One Year,Bank Transfer,4,271.74,No
C03374,51.0,Female,Kurunegala,1,46898.6,750488.1,Month-to-Month,Credit Card,9,28.91,No
C03375,23.0,Male,,57,10610.9,2594853.08,Month-to-Month,Bank Transfer,14,142.46,No
C03376,63.0,Female,Galle,38,49517.37,753220.52,Month-to-Month,Credit Card,5,196.06,Yes
C03377,23.0,Female,Jaffna,62,15598.04,257970.17,Month-to-Month,Online Payment,7,182.95,No
C03378,51.0,Male,Negombo,70,32478.77,2461982.24,One Year,Cash,1,80.02,No
C03379,18.0,Female,Colombo,65,25590.83,2315816.68,Two Year,Credit Card,6,169.43,No
C03380,27.0,Male,Galle,62,18619.24,887528.03,One Year,Credit Card,2,212.86,No
C03381,38.0,Female,Kandy,56,7826.15,274966.26,One Year,Cash,8,175.88,Yes
C03382,22.0,Female,Batticaloa,67,7606.87,623284.46,Two Year,Online Payment,9,205.65,Yes
C03383,19.0,Male,Jaffna,17,35863.79,2314314.43,One Year,Cash,6,77.57,No
C03384,39.0,Male,Negombo,8,19504.43,2894419.71,Two Year,Credit Card,14,250.02,No
C03385,65.0,Female,Galle,60,48103.6,780711.21,Two Year,Credit Card,2,135.46,No
C03386,19.0,Female,Negombo,40,16956.78,2455685.11,Month-to-Month,Cash,14,296.18,No
C03387,27.0,Male,Negombo,62,49192.66,687658.31,One Year,Bank Transfer,7,7.96,No
C03388,51.0,Female,Kurunegala,41,11065.74,2040403.17,Two Year,Cash,9,114.71,Yes
C03389,33.0,Female,Batticaloa,12,6037.9,255422.34,One Year,Credit Card,1,54.96,No
C03390,65.0,Female,Kandy,54,16315.92,1757960.44,One Year,Credit Card,9,167.13,No
C03391,68.0,Female,Galle,11,44393.65,811223.72,Two Year,Credit Card,11,73.72,No
C03392,56.0,Male,Jaffna,60,26570.75,2777908.62,Month-to-Month,Online Payment,7,221.51,Yes
C03393,39.0,Male,Kandy,68,7646.86,872803.91,Two Year,Cash,6,264.68,No
C03394,29.0,Male,Jaffna,46,10922.45,1198329.88,Month-to-Month,Online Payment,11,64.05,Yes
C03395,41.0,Male,Colombo,38,16251.77,2522833.94,Two Year,Cash,4,49.04,No
C03396,64.0,Male,Negombo,61,29918.17,1317632.37,Two Year,Online Payment,3,262.73,No
C03397,57.0,Male,Colombo,17,17286.57,719044.69,Month-to-Month,Bank Transfer,10,109.02,No
C03398,55.0,Female,Kurunegala,66,37605.65,1644895.24,Month-to-Month,Credit Card,9,130.94,No
C03399,27.0,Male,Negombo,72,31198.38,2520773.63,One Year,Credit Card,11,67.07,Yes
C03400,52.0,Female,Batticaloa,36,43817.36,1302366.95,Two Year,Cash,13,128.17,No
C03401,68.0,Female,Kandy,7,25547.13,403001.03,One Year,Credit Card,9,70.16,No
C03402,66.0,Female,Jaffna,16,17227.64,1152345.3,One Year,Online Payment,0,200.11,Yes
C03403,49.0,Male,Kurunegala,14,49817.31,2863653.02,Month-to-Month,Bank Transfer,12,150.16,No
C03404,24.0,Female,Batticaloa,25,18426.03,220704.75,Month-to-Month,Online Payment,3,236.63,Yes
C03405,38.0,Male,Jaffna,4,22001.53,1228293.29,One Year,Online Payment,5,94.51,No
C03406,37.0,Female,Kandy,29,40647.23,1945846.24,Month-to-Month,Cash,14,152.17,No
C03407,43.0,Female,Galle,56,5343.18,240160.59,Two Year,Credit Card,5,78.6,No
C03408,21.0,Male,Kurunegala,6,19938.02,1038132.88,Month-to-Month,Online Payment,1,280.41,No
C03409,63.0,Female,Colombo,1,5199.79,2822032.17,Month-to-Month,Cash,8,157.06,No
C03410,69.0,Female,Colombo,39,7825.99,96753.9,Two Year,Online Payment,12,52.87,No
C03411,39.0,Female,Jaffna,1,1227.4,2256466.93,Month-to-Month,Online Payment,12,82.56,No
C03412,32.0,Female,Jaffna,63,1467.67,2524918.02,One Year,Online Payment,0,25.79,Yes
C03413,57.0,Male,Jaffna,57,19634.11,834796.87,One Year,Cash,3,9.32,No
C03414,38.0,Female,Kurunegala,67,40649.03,648069.54,One Year,Bank Transfer,3,158.25,No
C03415,32.0,Female,Kandy,65,29763.21,2744888.58,Month-to-Month,Online Payment,1,101.8,No
C03416,39.0,Male,Galle,65,32110.79,2293185.08,Month-to-Month,Online Payment,7,289.17,No
C03417,69.0,Female,Colombo,21,26443.21,344575.23,Month-to-Month,Cash,10,52.23,No
C03418,45.0,Female,Batticaloa,30,41169.86,640530.78,One Year,Credit Card,1,238.38,No
C03419,31.0,Female,Negombo,33,44138.56,1865958.69,Month-to-Month,Bank Transfer,1,95.48,No
C03420,,Female,Kurunegala,48,42637.3,1261153.7,Two Year,Cash,14,67.84,No
C03421,58.0,Male,Kurunegala,22,40794.47,1515002.24,Month-to-Month,Credit Card,1,290.92,No
C03422,57.0,Female,Kandy,54,9952.94,2854869.59,One Year,Cash,14,240.97,No
C03423,45.0,Male,Colombo,4,30099.94,1263605.21,Two Year,Cash,0,189.56,Yes
C03424,43.0,Female,Galle,55,29526.0,2645637.58,Two Year,Bank Transfer,12,209.44,Yes
C03425,66.0,Female,Kandy,44,26869.26,1983930.43,One Year,Bank Transfer,4,297.42,No
C03426,19.0,Female,Batticaloa,12,24559.83,369250.28,Two Year,Bank Transfer,10,178.37,No
C03427,0.0,Male,Colombo,52,5369.35,2234798.57,Two Year,Bank Transfer,15,31.47,No
C03428,20.0,Female,Kandy,65,6006.0,1563026.18,Two Year,Credit Card,3,20.39,No
C03429,25.0,Female,Colombo,65,45211.8,679166.26,Two Year,Online Payment,1,200.32,Yes
C03430,61.0,Male,Colombo,10,31879.14,872200.22,Two Year,Cash,0,197.62,No
C03431,50.0,Male,Kurunegala,18,13853.54,1674210.61,Month-to-Month,Bank Transfer,0,224.7,No
C03432,59.0,Male,Galle,47,14685.72,1807098.96,One Year,Online Payment,1,33.52,No
C03433,69.0,Male,Kurunegala,66,30899.55,2904688.33,One Year,Credit Card,0,283.53,No
C03434,52.0,Female,Negombo,49,20939.81,2564886.81,Month-to-Month,Bank Transfer,8,165.8,No
C03435,23.0,Female,Galle,72,22624.88,621488.66,Month-to-Month,Cash,14,195.22,No
C03436,56.0,Female,Colombo,22,3971.85,2323106.25,One Year,Online Payment,1,11.42,Yes
C03437,69.0,Female,Kandy,26,7798.22,29833.97,One Year,Bank Transfer,2,288.33,No
C03438,40.0,Male,Batticaloa,9,20274.17,393776.34,Month-to-Month,Cash,8,169.21,Yes
C03439,42.0,Female,Galle,21,35284.63,603102.75,Month-to-Month,Online Payment,4,169.45,No
C03440,67.0,Female,Negombo,63,3353.24,1793612.06,Two Year,Cash,13,283.12,No
C03441,60.0,Female,Colombo,6,17393.33,588081.59,Month-to-Month,Credit Card,12,278.88,Yes
C03442,36.0,Female,Batticaloa,14,35058.53,1098992.46,Month-to-Month,Bank Transfer,7,66.87,No
C03443,22.0,Male,Jaffna ,33,39810.49,732125.45,Two Year,Bank Transfer,6,279.4,No
C03444,68.0,Female,Kurunegala,71,10320.81,1015562.79,Two Year,Cash,14,221.25,No
C03445,28.0,Female,Kurunegala,24,36842.87,2827642.08,One Year,Online Payment,15,6.65,Yes
C03446,29.0,Female,Galle,51,47815.17,2992142.18,One Year,Bank Transfer,13,72.71,Yes
C03447,27.0,Male,Galle,2,45433.8,2058737.71,Month-to-Month,Cash,5,124.48,No
C03448,25.0,Male,Galle,15,39679.43,1719062.08,Two Year,Credit Card,12,175.26,No
C03449,41.0,Female,Batticaloa,35,35904.01,2126801.3,Two Year,Bank Transfer,1,210.7,No
C03450,45.0,Female,Kurunegala,36,12521.78,2316098.34,One Year,Cash,15,63.85,No
C03451,58.0,Female,Kandy,39,32061.26,2218343.17,One Year,Online Payment,13,251.17,Yes
C03452,53.0,Male,Negombo,4,32520.43,250268.12,Month-to-Month,Bank Transfer,12,253.87,Yes
C03453,54.0,Female,Negombo,64,20934.25,934328.79,Two Year,Bank Transfer,3,190.86,No
C03454,38.0,Female,Colombo,6,25157.76,1033576.99,One Year,Credit Card,8,276.41,Yes
C03455,25.0,Female,Jaffna,57,35007.4,1110917.15,Month-to-Month,Cash,6,244.08,No
C03456,26.0,Male,Kandy,30,47652.98,1036219.77,Month-to-Month,Online Payment,2,67.27,No
C03457,64.0,Female,Kurunegala,67,15470.0,2362341.43,Month-to-Month,Credit Card,5,239.8,No
C03458,32.0,Female,Colombo,15,13071.79,2244075.98,One Year,Credit Card,7,286.01,No
C03459,65.0,Male,Colombo,17,30488.54,18777.91,One Year,Credit Card,7,42.14,No
C03460,63.0,Male,Galle,18,7409.16,892662.66,One Year,Cash,7,293.63,No
C03461,57.0,Female,Jaffna,19,29544.11,1872872.63,One Year,Cash,12,8.47,No
C03462,35.0,Male,Kurunegala,69,5353.72,365195.54,One Year,Bank Transfer,7,157.13,No
C03463,59.0,Female,Jaffna,24,25038.61,218238.89,Two Year,Cash,9,232.39,Yes
C03464,37.0,Male,Kandy,48,31400.3,2486052.37,Two Year,Credit Card,14,237.34,No
C03465,23.0,Male,Jaffna,30,4435.37,1360789.4,Two Year,Cash,5,220.67,Yes
C03466,29.0,Female,Colombo,15,11140.7,2567783.67,Two Year,Online Payment,10,159.28,No
C03467,19.0,Female,Jaffna,47,17433.34,2471540.42,Month-to-Month,Bank Transfer,14,195.64,No
C03468,24.0,Female,Jaffna,44,19061.34,2680644.71,Month-to-Month,Credit Card,9,210.28,No
C03469,33.0,Male,Negombo,27,34129.13,149582.32,Two Year,Bank Transfer,10,148.87,No
C03470,20.0,Female,Kurunegala,64,26922.05,562459.55,One Year,Cash,2,179.11,No
C03471,62.0,Female,Kurunegala,41,19723.32,891948.78,Two Year,Bank Transfer,8,254.06,No
C03472,20.0,Female,Colombo,68,23083.14,413010.01,Two Year,Bank Transfer,13,94.55,No
C03473,44.0,Female,Batticaloa,5,1635.86,1458982.11,Month-to-Month,Cash,13,157.44,Yes
C03474,67.0,Female,Jaffna,53,38755.74,2397935.79,One Year,Bank Transfer,13,3.54,No
C03475,60.0,Male,Jaffna,8,3009.23,2853789.52,Month-to-Month,Cash,2,206.54,No
C03476,57.0,Female,Galle,22,41636.56,2669274.53,One Year,Credit Card,11,59.42,No
C03477,55.0,Female,Kurunegala,7,27508.83,1374723.36,Month-to-Month,Bank Transfer,11,144.82,Yes
C03478,50.0,Male,Jaffna,22,26863.14,1911290.85,Two Year,Online Payment,14,63.85,Yes
C03479,45.0,Female,Kurunegala,46,35524.35,695934.89,One Year,Online Payment,3,8.04,No
C03480,18.0,Female,Jaffna,30,43118.42,1212011.95,Month-to-Month,Credit Card,15,145.48,No
C03481,25.0,Female,Negombo,16,47189.66,2614191.87,Two Year,Cash,14,128.03,No
C03482,54.0,Female,Colombo,5,27625.12,92446.58,Month-to-Month,Cash,9,128.12,No
C03483,49.0,Female,Kurunegala,67,8382.25,1600614.02,Month-to-Month,Bank Transfer,0,63.43,No
C03484,65.0,Male,Kandy,23,44052.92,2619030.9,Month-to-Month,Bank Transfer,1,284.21,No
C03485,60.0,Male,Colombo,61,2992.93,370419.57,Two Year,Online Payment,5,2.05,Yes
C03486,54.0,Male,Galle,5,40559.52,2947725.87,One Year,Online Payment,13,267.57,No
C03487,21.0,Female,Colombo,23,34340.66,42112.43,Month-to-Month,Cash,12,221.33,Yes
C03488,47.0,Male,Jaffna,25,45331.65,2658929.43,Two Year,Online Payment,13,52.45,No
C03489,23.0,Female,Galle,8,44975.69,1064249.36,Month-to-Month,Cash,11,142.19,No
C03490,63.0,Female,Colombo,21,3604.55,402408.29,One Year,Credit Card,0,296.67,Yes
C03491,36.0,Female,Galle,2,30862.87,476287.73,Month-to-Month,Credit Card,11,193.47,No
C03492,49.0,Male,Kandy,22,7108.9,2105030.26,Two Year,Online Payment,8,39.09,No
C03493,26.0,Male,Colombo,72,4844.96,2612805.43,Month-to-Month,Bank Transfer,7,137.84,Yes
C03494,29.0,Male,Kurunegala,72,22965.58,1924993.73,Month-to-Month,Online Payment,1,140.99,No
C03495,28.0,Female,Kurunegala,68,5782.28,2786531.29,One Year,Online Payment,13,240.88,No
C03496,63.0,Male,Batticaloa,64,36667.22,2528223.99,One Year,Online Payment,1,274.93,No
C03497,33.0,Female,Jaffna,19,48478.09,32050.26,One Year,Bank Transfer,7,25.59,No
C03498,18.0,Male,Galle,53,28909.56,2009941.84,Month-to-Month,Online Payment,11,94.9,No
C03499,62.0,Male,Batticaloa,52,12523.27,917380.89,Two Year,Bank Transfer,10,90.23,No
C03500,70.0,Female,Batticaloa,47,42317.11,1366227.54,Month-to-Month,Online Payment,7,298.82,Yes
C03501,38.0,Female,Negombo,54,42802.07,286622.09,Month-to-Month,Bank Transfer,0,168.21,No
C03502,47.0,Male,Galle,44,36906.51,849886.99,Month-to-Month,Bank Transfer,13,264.07,No
C03503,30.0,Male,Batticaloa,7,31141.48,1899894.47,Month-to-Month,Bank Transfer,4,128.38,No
C03504,51.0,Male,Negombo,1,43521.83,659054.48,One Year,Bank Transfer,14,217.09,Yes
C03505,21.0,Female,Batticaloa,63,9001.29,1944372.32,One Year,Bank Transfer,10,86.69,Yes
C03506,45.0,Female,Jaffna,39,46648.41,2769481.35,One Year,Credit Card,15,273.62,No
C03507,55.0,Male,Kandy,19,47412.95,19796.21,One Year,Cash,1,137.09,No
C03508,48.0,Male,Negombo,31,43727.63,2358383.31,Two Year,Cash,0,241.31,No
C03509,44.0,Female,Kandy,24,13282.44,1925750.05,Month-to-Month,Bank Transfer,2,77.49,Yes
C03510,22.0,Male,Galle,69,43050.74,144665.12,Month-to-Month,Cash,14,208.39,No
C03511,42.0,Female,Jaffna,65,25384.27,2371550.58,Month-to-Month,Bank Transfer,12,122.14,No
C03512,20.0,Female,Negombo,33,30151.58,677440.5,Two Year,Online Payment,2,10.4,No
C03513,50.0,Female,Galle,59,42189.43,801132.52,Two Year,Credit Card,12,124.49,No
C03514,21.0,Female,Batticaloa,33,2449.56,285079.47,One Year,Online Payment,9,165.46,No
C03515,42.0,Female,Kurunegala,32,18784.19,1605467.55,Month-to-Month,Online Payment,15,46.38,No
C03516,37.0,Female,Colombo,59,,1497180.1,Month-to-Month,Bank Transfer,8,55.99,No
C03517,51.0,Male,Galle,41,40883.78,1044787.65,Two Year,Online Payment,9,139.99,Yes
C03518,43.0,Female,Kandy,12,42585.71,510417.65,Month-to-Month,Credit Card,0,103.48,No
C03519,22.0,Female,Jaffna,11,9291.58,2514670.9,Two Year,Online Payment,10,132.78,No
C03520,52.0,Male,Jaffna,19,35588.44,2629753.4,One Year,Credit Card,1,138.79,Yes
C03521,45.0,Female,Galle,54,8178.66,1624035.93,Two Year,Credit Card,8,42.88,No
C03522,46.0,Male,Batticaloa,57,39469.8,736454.87,Month-to-Month,Bank Transfer,13,55.18,Yes
C03523,26.0,Female,Colombo,42,13011.17,292849.65,Two Year,Credit Card,4,254.6,No
C03524,69.0,Male,Kandy,71,37153.07,2606289.78,Two Year,Online Payment,8,49.65,Yes
C03525,55.0,Male,Galle,31,23295.08,292677.9,One Year,Bank Transfer,5,200.11,Yes
C03526,67.0,Female,Galle,52,49326.91,44474.21,Month-to-Month,Credit Card,9,126.14,No
C03527,23.0,Female,Kurunegala,2,29414.8,1410845.74,Month-to-Month,Credit Card,9,290.5,No
C03528,36.0,Female,Jaffna,38,31996.39,2195156.71,One Year,Cash,2,20.77,No
C03529,61.0,Female,Kandy,32,19040.01,1375323.33,Two Year,Bank Transfer,7,249.29,Yes
C03530,28.0,Male,Colombo,10,36991.49,158974.77,Two Year,Cash,12,147.94,No
C03531,19.0,Male,Jaffna,8,25249.4,2071637.19,Month-to-Month,Credit Card,8,2.6,No
C03532,64.0,Male,Galle,20,1885.27,1928786.2,Two Year,Cash,1,79.83,No
C03533,61.0,Female,,20,30820.5,2046181.54,One Year,Online Payment,8,122.9,No
C03534,61.0,Male,Jaffna,9,41692.52,637551.46,Month-to-Month,Online Payment,3,94.94,No
C03535,26.0,Female,Negombo,72,12603.29,2388116.74,Two Year,Credit Card,7,109.37,No
C03536,38.0,Female,Jaffna,15,11832.12,1440108.79,One Year,Cash,4,275.08,No
C03537,41.0,Male,Batticaloa,63,30835.42,1611376.67,One Year,Cash,12,108.92,No
C03538,51.0,Female,Jaffna,21,41080.98,1639760.88,Month-to-Month,Bank Transfer,5,126.23,No
C03539,39.0,Male,Batticaloa,5,13231.4,863985.28,Month-to-Month,Online Payment,3,228.58,No
C03540,20.0,Female,Kandy,35,46680.87,754151.64,Two Year,Online Payment,4,238.36,No
C03541,29.0,Male,Jaffna,68,46441.98,19274.56,Two Year,Bank Transfer,11,26.14,No
C03542,45.0,Female,Colombo,48,10826.3,1192847.97,Two Year,Online Payment,0,211.52,No
C03543,47.0,Male,Batticaloa,62,13925.44,1457883.44,One Year,Cash,14,145.29,No
C03544,43.0,Male,Batticaloa,35,35329.34,2229697.22,One Year,Cash,11,41.02,No
C03545,65.0,Female,Galle,70,47634.92,204547.75,Two Year,Online Payment,2,80.15,No
C03546,38.0,Female,Kandy,21,35784.25,2772348.29,Month-to-Month,Bank Transfer,13,14.47,No
C03547,45.0,Male,Jaffna,39,22800.1,795555.61,One Year,Credit Card,3,108.71,No
C03548,43.0,Female,Kurunegala,34,9281.07,1103328.47,One Year,Credit Card,0,77.37,No
C03549,50.0,Female,Colombo,15,23589.48,149845.58,Two Year,Credit Card,12,115.25,No
C03550,38.0,Female,Galle,6,30731.62,1961143.55,Month-to-Month,Credit Card,2,174.52,Yes
C03551,52.0,Male,Kandy,66,17216.64,2128223.78,One Year,Cash,3,219.97,No
C03552,69.0,Male,Batticaloa,56,26002.63,2786729.7,Month-to-Month,Credit Card,15,182.0,No
C03553,51.0,Female,Colombo,49,7380.49,1013802.86,One Year,Cash,15,203.83,Yes
C03554,58.0,Female,Jaffna,1,23157.22,775819.35,Month-to-Month,Cash,13,259.83,Yes
C03555,68.0,Male,Kurunegala,65,5448.02,2179629.08,Month-to-Month,Credit Card,15,262.27,No
C03556,64.0,Female,Negombo,28,3405.35,2121868.66,One Year,Credit Card,13,258.36,No
C03557,35.0,Male,Negombo,20,43004.76,2811686.55,Month-to-Month,Credit Card,8,46.8,No
C03558,28.0,Female,Kandy,48,11049.0,619929.28,One Year,Online Payment,2,76.07,Yes
C03559,40.0,Female,Kurunegala,72,29182.61,2117351.4,One Year,Online Payment,10,151.2,Yes
C03560,65.0,Female,Colombo,65,8300.16,205271.39,Month-to-Month,Bank Transfer,15,108.26,Yes
C03561,39.0,Male,Galle,51,13863.85,1443702.48,One Year,Cash,2,40.37,No
C03562,34.0,Male,Colombo,43,18705.63,362575.38,Month-to-Month,Credit Card,3,87.04,No
C03563,22.0,Male,Kurunegala,49,8040.15,1961172.23,One Year,Online Payment,8,292.65,No
C03564,61.0,Male,Batticaloa,25,3252.15,1806392.95,Month-to-Month,Bank Transfer,8,104.73,No
C03565,28.0,Female,Negombo,41,43980.83,151254.64,One Year,Cash,0,126.26,No
C03566,47.0,Female,Kandy,71,1579.81,962255.38,One Year,Cash,14,2.91,Yes
C03567,32.0,Male,Jaffna,64,4004.73,1188125.73,Two Year,Cash,7,216.11,Yes
C03568,44.0,Female,Colombo,61,40448.54,747940.51,One Year,Online Payment,9,124.65,Yes
C03569,52.0,Female,Negombo,12,14818.41,120816.78,One Year,Credit Card,12,31.84,No
C03570,50.0,Male,Galle,69,36418.19,959871.58,Month-to-Month,Credit Card,0,290.6,No
C03571,37.0,Female,Kandy,14,8165.06,2378911.58,Month-to-Month,Cash,1,233.45,No
C03572,33.0,Female,Jaffna,34,12626.81,1083526.72,Month-to-Month,Cash,9,218.12,Yes
C03573,51.0,Male,Colombo,48,29066.05,973492.42,Month-to-Month,Bank Transfer,10,287.4,Yes
C03574,19.0,Female,Galle,61,49443.16,2825550.65,Two Year,Bank Transfer,4,122.84,No
C03575,52.0,Female,Jaffna,35,4598.78,129684.0,Two Year,Cash,10,215.84,No
C03576,57.0,Female,Batticaloa,65,20627.18,2303028.15,Month-to-Month,Bank Transfer,12,62.66,No
C03577,45.0,Male,Negombo,59,3110.97,1451865.33,Month-to-Month,Online Payment,14,209.44,No
C03578,64.0,Male,Batticaloa,36,10762.1,2833665.21,Month-to-Month,Cash,10,5.21,Yes
C03579,56.0,Female,Negombo,19,45466.08,1183444.88,Month-to-Month,Bank Transfer,13,38.77,No
C03580,23.0,Female,Galle,42,5726.55,2125586.8,One Year,Cash,15,128.15,No
C03581,26.0,Female,Batticaloa,69,42985.94,214456.42,Month-to-Month,Credit Card,15,4.62,No
C03582,37.0,Male,Negombo,19,9712.36,2786673.41,One Year,Online Payment,11,139.13,Yes
C03583,18.0,Male,Kandy,39,43227.46,1036905.29,Month-to-Month,Cash,12,157.31,No
C03584,25.0,Male,Galle,69,27363.08,1574393.7,Two Year,Credit Card,5,186.86,Yes
C03585,40.0,Female,Negombo,52,44032.13,419752.42,Two Year,Cash,1,31.02,No
C03586,20.0,Female,Colombo,12,8433.48,2836945.82,Month-to-Month,Credit Card,9,55.12,Yes
C03587,21.0,Female,Negombo,47,38339.79,2020546.36,Two Year,Bank Transfer,4,184.37,No
C03588,42.0,Female,Batticaloa,36,34354.23,166572.69,Two Year,Credit Card,2,197.8,No
C03589,64.0,Female,Kandy,63,27603.74,469844.3,Two Year,Online Payment,6,8.74,No
C03590,55.0,Male,,51,40718.78,1202502.82,Two Year,Online Payment,11,162.57,No
C03591,32.0,Female,Jaffna,43,32765.53,654229.18,One Year,Bank Transfer,11,235.71,No
C03592,38.0,Female,Negombo,34,43975.3,917353.58,One Year,Cash,0,21.66,No
C03593,52.0,Female,Jaffna,49,19672.05,2992486.03,One Year,Online Payment,4,124.54,No
C03594,70.0,Male,Negombo,18,29906.24,1977652.85,One Year,Bank Transfer,11,98.63,No
C03595,70.0,Female,Kandy,61,43659.44,2767041.72,Month-to-Month,Online Payment,2,274.19,No
C03596,63.0,Male,Jaffna,57,11525.89,1310216.13,Two Year,Bank Transfer,10,56.55,No
C03597,69.0,Male,Batticaloa,5,24801.33,2132295.44,Two Year,Online Payment,1,96.19,No
C03598,31.0,Male,Batticaloa,24,48076.35,1381772.43,Month-to-Month,Bank Transfer,11,269.63,No
C03599,53.0,Male,Colombo,64,24206.49,988032.51,Month-to-Month,Online Payment,11,99.87,Yes
C03600,29.0,Male,Negombo,59,13388.64,1559923.57,One Year,Cash,2,159.87,No
C03601,34.0,Female,Jaffna,38,18202.74,1284796.57,One Year,Credit Card,9,10.88,Yes
C03602,56.0,Female,Batticaloa,33,44369.12,2941719.24,Two Year,Online Payment,3,295.49,Yes
C03603,26.0,Male,Kurunegala,10,47789.27,1491018.38,Month-to-Month,Bank Transfer,14,247.66,No
C03604,52.0,Male,Kandy,37,47555.27,2434283.83,Two Year,Cash,14,190.69,No
C03605,30.0,Male,Kandy,11,35248.18,2002124.31,Month-to-Month,Online Payment,10,19.17,Yes
C03606,32.0,Female,Kurunegala,24,25970.49,1441483.58,One Year,Bank Transfer,1,23.39,No
C03607,35.0,Female,Kurunegala,71,9951.76,1425079.47,Two Year,Credit Card,1,163.95,No
C03608,68.0,Male,Colombo,21,7037.83,1028960.9,Two Year,Bank Transfer,2,86.23,Yes
C03609,50.0,Female,Kandy,20,3928.56,325410.51,Month-to-Month,Online Payment,1,187.21,No
C03610,23.0,Female,Kandy,10,1868.03,2285600.64,Two Year,Bank Transfer,13,179.86,Yes
C03611,44.0,Male,Jaffna,47,44027.72,2754693.91,One Year,Bank Transfer,5,251.76,No
C03612,40.0,Male,Negombo,47,40645.23,657774.79,Two Year,Credit Card,1,85.13,No
C03613,44.0,Female,Galle,15,28823.25,2777392.11,Month-to-Month,Online Payment,0,173.78,No
C03614,51.0,Female,Kandy,44,49937.44,700751.13,Two Year,Online Payment,15,233.43,No
C03615,63.0,Female,Kandy,62,47699.55,1592586.91,One Year,Credit Card,7,147.74,No
C03616,55.0,Male,Galle,6,33100.34,1034147.88,Month-to-Month,Cash,9,249.36,No
C03617,31.0,Male,Kandy,66,23764.15,347953.81,Month-to-Month,Bank Transfer,14,40.25,Yes
C03618,53.0,Male,Jaffna,4,8456.37,163250.93,One Year,Bank Transfer,3,220.44,Yes
C03619,70.0,Female,Jaffna,23,26264.1,1099212.86,Month-to-Month,Bank Transfer,1,282.95,No
C03620,25.0,Female,Galle,13,8729.44,146794.87,Month-to-Month,Online Payment,3,100.23,No
C03621,52.0,Male,Batticaloa,31,20524.11,317098.28,Two Year,Online Payment,10,110.53,No
C03622,36.0,Female,Kandy,16,47189.76,431181.25,Month-to-Month,Bank Transfer,1,25.98,No
C03623,47.0,Male,Batticaloa,41,17756.97,10737.54,Two Year,Online Payment,10,192.81,No
C03624,31.0,Female,Kandy,1,8486.58,463990.39,One Year,Credit Card,15,166.18,No
C03625,37.0,Male,Negombo,12,29537.43,1733949.65,One Year,Credit Card,4,13.06,No
C03626,66.0,Female,Kandy,56,30515.84,2459471.75,One Year,Online Payment,6,225.91,No
C03627,42.0,Female,Jaffna,50,10496.41,584322.73,One Year,Bank Transfer,5,248.96,No
C03628,57.0,Male,Colombo,20,10632.74,247213.45,Month-to-Month,Bank Transfer,1,272.23,No
C03629,41.0,Male,Kurunegala,66,49487.94,2189895.02,Month-to-Month,Bank Transfer,10,164.17,No
C03630,31.0,Male,Colombo,36,12920.77,29447.32,Two Year,Bank Transfer,12,136.32,No
C03631,43.0,Male,Colombo,38,42071.41,2203815.5,Two Year,Online Payment,3,262.97,No
C03632,55.0,Male,Colombo,22,24045.87,397696.12,Two Year,Cash,15,120.21,Yes
C03633,40.0,Female,Kurunegala,61,22314.47,688713.76,Month-to-Month,Cash,7,196.98,No
C03634,39.0,Male,Batticaloa,50,15453.16,364609.38,Two Year,Bank Transfer,11,184.99,No
C03635,65.0,Male,Kurunegala,59,38917.46,745777.78,Month-to-Month,Bank Transfer,15,112.28,No
C03636,,Male,Batticaloa,20,44152.38,2395536.94,One Year,Bank Transfer,13,26.98,Yes
C03637,63.0,Male,Kurunegala,36,13795.25,401969.59,Month-to-Month,Cash,13,7.4,No
C03638,68.0,Male,Kurunegala,15,5659.74,2982526.07,One Year,Credit Card,6,129.04,Yes
C03639,20.0,Female,Kandy,62,7709.06,984657.84,Two Year,Cash,6,144.88,Yes
C03640,59.0,Male,Batticaloa,3,39847.37,2766294.54,Month-to-Month,Online Payment,11,246.98,Yes
C03641,36.0,Male,Kandy,5,22355.52,574149.07,Two Year,Cash,11,124.91,Yes
C03642,26.0,Male,Negombo,56,7463.82,567753.07,Two Year,Online Payment,3,85.07,No
C03643,45.0,Female,Kandy,31,17674.12,1698180.37,One Year,Bank Transfer,0,139.17,No
C03644,37.0,Female,Colombo,35,26197.54,156547.25,Two Year,Online Payment,6,72.16,Yes
C03645,62.0,Male,Galle,71,42750.53,2404003.68,Month-to-Month,Bank Transfer,5,28.32,No
C03646,24.0,Male,Galle,70,32445.42,1321647.68,Two Year,Credit Card,7,34.8,No
C03647,31.0,Female,Jaffna,26,9625.61,2099093.44,One Year,Bank Transfer,10,96.43,No
C03648,26.0,Female,Jaffna,1,8776.43,528023.45,One Year,Bank Transfer,12,4.79,No
C03649,36.0,Female,Kandy,7,21204.38,1928860.27,Two Year,Credit Card,4,66.84,No
C03650,64.0,Male,Kurunegala,36,4684.45,1784241.61,One Year,Bank Transfer,7,236.47,No
C03651,69.0,Male,Kurunegala,25,38023.28,2268205.45,Two Year,Bank Transfer,9,71.15,No
C03652,31.0,Female,Galle,59,20671.24,895716.87,One Year,Bank Transfer,10,34.11,Yes
C03653,55.0,Male,Colombo,61,17808.16,2799830.9,Two Year,Cash,13,284.78,No
C03654,70.0,Female,Batticaloa,29,25946.31,2884096.7,Two Year,Online Payment,7,187.12,Yes
C03655,53.0,Female,Colombo,18,35738.88,2605030.22,Month-to-Month,Bank Transfer,15,18.95,No
C03656,57.0,Female,Colombo,41,28898.0,1718241.13,Month-to-Month,Cash,8,19.61,No
C03657,34.0,Male,Kandy,19,40317.74,1263763.37,Two Year,Bank Transfer,0,184.02,No
C03658,47.0,Female,Kandy,4,31838.77,178687.29,Month-to-Month,Online Payment,2,162.5,No
C03659,26.0,Female,Negombo,65,39610.54,2841947.27,Month-to-Month,Bank Transfer,11,21.44,No
C03660,50.0,Male,Colombo,41,35142.33,2855585.12,One Year,Online Payment,11,68.07,No
C03661,69.0,Female,Kurunegala,15,10463.02,60971.92,Month-to-Month,Cash,10,278.78,No
C03662,42.0,Male,Kurunegala,54,3565.37,1073878.2,One Year,Cash,5,172.03,Yes
C03663,31.0,Female,Colombo,64,45266.44,2640708.92,Month-to-Month,Bank Transfer,12,132.66,No
C03664,28.0,Male,Kandy,72,47337.15,247151.84,Month-to-Month,Credit Card,3,75.8,No
C03665,70.0,Female,Kandy,15,36619.68,593716.3,Two Year,Online Payment,7,40.98,No
C03666,52.0,Female,Negombo,50,36486.09,2936138.56,Month-to-Month,Bank Transfer,9,121.39,No
C03667,58.0,Female,Negombo,22,14237.21,2542629.99,Two Year,Cash,13,276.79,No
C03668,31.0,Female,Jaffna,18,27579.64,2736630.16,Two Year,Bank Transfer,13,15.56,No
C03669,47.0,Female,Galle,2,49619.74,430752.48,Two Year,Online Payment,0,297.3,No
C03670,58.0,Male,Colombo,36,42951.04,637891.3,Two Year,Bank Transfer,14,63.14,No
C03671,21.0,Male,Kurunegala,20,15915.32,1818222.67,Month-to-Month,Online Payment,11,123.22,Yes
C03672,21.0,Female,Colombo,16,15751.25,1507705.97,Two Year,Cash,4,14.47,No
C03673,45.0,Female,Negombo,67,24695.29,899017.65,Month-to-Month,Credit Card,13,175.85,No
C03674,25.0,Female,Negombo,30,20825.33,2652119.67,Month-to-Month,Credit Card,3,145.58,No
C03675,19.0,Male,Jaffna,55,19186.5,2704658.9,One Year,Cash,11,200.35,No
C03676,58.0,Male,Galle,66,31721.62,878593.61,One Year,Cash,0,163.26,No
C03677,63.0,Female,Jaffna,26,1563.13,471480.66,One Year,Bank Transfer,9,120.06,No
C03678,39.0,Male,Kurunegala,57,38403.64,451531.8,Two Year,Cash,5,221.59,No
C03679,58.0,Female,Galle,69,37262.6,1455853.46,Month-to-Month,Cash,14,8.48,No
C03680,33.0,Female,COLOMBO,2,41685.96,403090.89,Month-to-Month,Online Payment,9,162.77,No
C03681,46.0,Female,Colombo,56,42231.08,1422653.97,Two Year,Bank Transfer,12,35.05,No
C03682,66.0,Male,Jaffna,62,28753.59,1388492.55,One Year,Online Payment,14,131.37,No
C03683,65.0,Female,Negombo,34,39223.62,2652910.09,One Year,Bank Transfer,2,237.55,Yes
C03684,47.0,Female,Jaffna,56,25127.36,892150.27,Month-to-Month,Bank Transfer,10,43.6,No
C03685,29.0,Female,Batticaloa,55,47624.96,1684154.11,Month-to-Month,Credit Card,14,280.81,Yes
C03686,52.0,Male,Jaffna,20,10344.23,2231782.09,Month-to-Month,Credit Card,10,266.66,No
C03687,28.0,Male,Colombo,50,45865.24,1789764.81,One Year,Cash,4,125.06,No
C03688,63.0,Male,Batticaloa,25,13667.99,2862433.2,Month-to-Month,Bank Transfer,15,2.79,No
C03689,67.0,Female,Negombo,25,6033.45,1808821.05,One Year,Cash,5,237.13,No
C03690,38.0,Male,Negombo,53,22516.12,2706077.22,One Year,Online Payment,3,264.39,No
C03691,38.0,Female,Kandy,14,31130.94,738943.89,One Year,Cash,15,53.25,No
C03692,22.0,Male,Batticaloa,60,12318.5,1684454.55,Two Year,Online Payment,9,274.94,No
C03693,65.0,Female,Kandy,43,28234.02,1632201.25,Two Year,Credit Card,9,274.32,No
C03694,37.0,Male,Kandy,62,40586.77,2968409.07,Month-to-Month,Credit Card,11,141.92,No
C03695,54.0,Female,Colombo,69,13597.16,617496.41,One Year,Online Payment,5,239.61,No
C03696,20.0,Male,Jaffna,63,29435.79,427275.23,Month-to-Month,Online Payment,6,134.04,No
C03697,61.0,Male,Negombo,2,17626.32,1836957.87,One Year,Online Payment,1,169.65,No
C03698,50.0,Male,Negombo,54,26958.65,674957.97,Month-to-Month,Cash,13,96.63,No
C03699,70.0,Female,Jaffna,16,33679.03,1919270.26,Month-to-Month,Online Payment,14,48.68,No
C03700,26.0,Male,Negombo,55,18170.71,2917604.82,Two Year,Bank Transfer,6,224.21,No
C03701,26.0,Male,Jaffna,43,49729.66,2839785.46,Two Year,Online Payment,6,1.42,No
C03702,,Male,Batticaloa,61,28624.98,697153.56,Two Year,Credit Card,1,174.29,Yes
C03703,52.0,Male,Colombo,38,41398.62,516834.56,Two Year,Online Payment,2,259.54,No
C03704,34.0,Female,Colombo,45,36531.63,1684414.17,One Year,Credit Card,2,67.16,No
C03705,51.0,Male,Kurunegala,51,42787.46,1762397.98,Month-to-Month,Credit Card,0,100.54,No
C03706,41.0,Female,Colombo,42,9516.25,1988438.96,Month-to-Month,Cash,0,176.66,No
C03707,49.0,Female,Jaffna,24,11905.13,2225765.32,One Year,Online Payment,9,74.81,Yes
C03708,18.0,Female,Kurunegala,30,24883.15,1804867.15,One Year,Credit Card,10,254.4,No
C03709,25.0,Female,Jaffna,37,42764.11,339700.25,Month-to-Month,Bank Transfer,5,110.61,Yes
C03710,62.0,Male,Galle,53,10682.72,2371523.12,Two Year,Online Payment,8,174.9,No
C03711,40.0,Female,Kurunegala,63,48582.23,243153.97,Two Year,Online Payment,8,68.61,No
C03712,64.0,Female,Negombo,11,7252.51,64878.1,Two Year,Credit Card,10,13.37,No
C03713,57.0,Female,Negombo,23,9578.82,2310126.3,One Year,Cash,13,52.94,Yes
C03714,29.0,Female,Galle,50,9194.46,1647330.49,Month-to-Month,Cash,0,14.81,No
C03715,29.0,Male,Galle,55,29714.29,2097281.3,One Year,Online Payment,11,141.11,No
C03716,63.0,Male,Colombo,55,45959.51,1151328.24,Month-to-Month,Online Payment,6,176.4,No
C03717,64.0,Female,Galle,4,13500.46,38222.02,Two Year,Cash,5,14.36,Yes
C03718,32.0,Female,Jaffna,54,28098.81,996390.97,Two Year,Cash,3,28.05,No
C03719,58.0,Female,Kandy,61,9612.85,1826365.02,Two Year,Bank Transfer,10,146.17,No
C03720,36.0,Male,Jaffna,5,31925.71,680980.7,Month-to-Month,Online Payment,2,239.95,No
C03721,43.0,Male,Kurunegala,18,7039.07,2064973.98,Two Year,Online Payment,8,188.77,Yes
C03722,69.0,Male,Galle,44,25074.23,2384231.02,Month-to-Month,Online Payment,9,32.31,No
C03723,46.0,Male,Negombo,31,33103.91,1365529.66,One Year,Cash,4,266.38,No
C03724,39.0,Male,Jaffna,21,29377.27,2627785.29,Two Year,Credit Card,7,275.32,No
C03725,57.0,Female,Negombo,47,7860.02,2565175.61,One Year,Bank Transfer,3,98.16,No
C03726,38.0,Male,Jaffna,30,8907.3,2634783.57,One Year,Cash,3,185.19,No
C03727,68.0,Male,Negombo,55,,1984805.91,Month-to-Month,Cash,15,148.21,No
C03728,,Female,Batticaloa,68,40636.56,917843.05,One Year,Bank Transfer,15,282.67,Yes
C03729,37.0,Male,Jaffna,69,45495.65,1446347.59,Month-to-Month,Online Payment,5,153.12,Yes
C03730,46.0,Male,Kurunegala,41,40866.96,2132979.4,Month-to-Month,Credit Card,5,288.03,Yes
C03731,68.0,Male,Negombo,45,48722.27,635638.14,One Year,Bank Transfer,2,60.6,Yes
C03732,21.0,Female,Kandy,30,21004.34,2217836.31,Month-to-Month,Credit Card,14,104.32,No
C03733,24.0,Male,Kurunegala,45,17227.12,1646525.41,Month-to-Month,Online Payment,1,234.62,Yes
C03734,45.0,Female,Colombo,45,2381.02,292572.23,Month-to-Month,Credit Card,10,235.3,No
C03735,45.0,Female,Jaffna,45,23044.9,1674072.55,One Year,Online Payment,8,219.92,No
C03736,21.0,Male,Kandy,55,32917.21,204994.53,Month-to-Month,Cash,1,258.02,No
C03737,39.0,Male,Colombo,59,40955.02,47850.32,Two Year,Online Payment,8,211.06,No
C03738,29.0,Male,Jaffna,5,14105.31,2669434.87,One Year,Bank Transfer,11,191.19,Yes
C03739,62.0,Male,Kandy,32,26165.97,1472298.75,One Year,Bank Transfer,15,138.22,No
C03740,20.0,Female,Kandy,6,33438.47,1632152.52,Month-to-Month,Online Payment,10,140.66,No
C03741,39.0,Male,Kurunegala,26,28028.54,843413.63,One Year,Online Payment,13,122.44,No
C03742,61.0,Female,Batticaloa,37,14427.02,1630520.43,Two Year,Cash,7,186.44,No
C03743,19.0,Female,colombo,13,40017.84,510761.73,One Year,Cash,10,122.59,No
C03744,41.0,Female,Batticaloa,69,9494.69,2238209.16,One Year,Online Payment,12,45.1,No
C03745,51.0,Female,Galle,25,45344.01,2470930.74,One Year,Credit Card,9,32.85,No
C03746,44.0,Female,Kurunegala,13,47677.24,2568347.96,Month-to-Month,Cash,6,277.42,No
C03747,58.0,Male,Negombo,20,18913.09,324424.89,Two Year,Bank Transfer,11,8.4,Yes
C03748,18.0,Female,Kurunegala,72,19432.91,1675474.43,Two Year,Cash,4,32.53,Yes
C03749,25.0,Female,Colombo,60,37420.63,2427209.15,Two Year,Cash,12,134.15,No
C03750,40.0,Male,Negombo,21,23358.14,389008.38,One Year,Cash,2,79.61,No
C03751,55.0,Male,Negombo,61,2401.9,303069.61,Two Year,Cash,1,122.35,No
C03752,23.0,Female,Batticaloa,26,46073.96,2451741.29,Month-to-Month,Online Payment,10,36.12,Yes
C03753,39.0,Female,Negombo,54,22106.77,2391224.44,One Year,Cash,7,40.14,No
C03754,42.0,Male,Kandy,42,0.0,1348835.95,Month-to-Month,Credit Card,1,240.4,Yes
C03755,35.0,Female,Batticaloa,11,28227.54,333584.95,One Year,Cash,7,227.97,No
C03756,34.0,Male,Negombo,37,11726.4,1550788.86,Month-to-Month,Cash,4,32.17,Yes
C03757,29.0,Male,Batticaloa,11,11095.08,1187435.58,One Year,Bank Transfer,8,200.67,Yes
C03758,23.0,Female,Galle,27,27740.84,1558049.56,Month-to-Month,Cash,3,183.18,No
C03759,43.0,Male,Batticaloa,34,20161.07,1322486.13,Two Year,Bank Transfer,7,214.3,No
C03760,44.0,Female,Jaffna,38,29076.67,1707700.67,One Year,Bank Transfer,12,142.86,Yes
C03761,25.0,Female,Kandy,61,49844.45,2182753.51,One Year,Online Payment,10,81.73,No
C03762,36.0,Female,Colombo,53,43091.89,2325705.41,Month-to-Month,Bank Transfer,14,199.44,Yes
C03763,,Male,Jaffna,65,1375.87,1948701.68,Month-to-Month,Bank Transfer,6,112.04,No
C03764,18.0,Female,Jaffna,3,3477.23,600827.14,Month-to-Month,Credit Card,11,66.47,No
C03765,46.0,Male,Jaffna,67,30893.89,1194383.46,One Year,Credit Card,7,123.18,No
C03766,62.0,Female,Negombo,28,31686.55,218315.97,Month-to-Month,Bank Transfer,4,229.22,No
C03767,66.0,Female,Batticaloa,14,44031.35,1357762.82,Two Year,Online Payment,1,143.26,Yes
C03768,52.0,Male,Batticaloa,52,31823.8,2911166.54,Month-to-Month,Credit Card,6,90.66,Yes
C03769,57.0,Female,Kurunegala,30,12158.01,1926983.47,Month-to-Month,Credit Card,2,249.73,No
C03770,31.0,Female,Negombo,58,23957.3,468064.48,Month-to-Month,Online Payment,14,264.61,No
C03771,52.0,Male,Kandy,54,40640.28,809390.09,Two Year,Cash,12,130.54,No
C03772,65.0,Male,Negombo,69,46218.42,198398.07,Month-to-Month,Credit Card,9,113.03,Yes
C03773,62.0,Male,Negombo,15,12608.84,551329.6,Month-to-Month,Bank Transfer,9,184.2,No
C03774,37.0,Female,Negombo,38,27440.63,1466085.72,One Year,Bank Transfer,9,18.33,No
C03775,66.0,Male,Kandy,14,8787.45,1037844.86,One Year,Bank Transfer,14,207.71,Yes
C03776,,Male,Kurunegala,57,25352.99,615867.14,Month-to-Month,Online Payment,11,234.9,No
C03777,55.0,Female,Kandy,59,5415.59,444062.25,One Year,Bank Transfer,10,119.84,No
C03778,66.0,Male,Galle,8,47144.68,1969933.0,Month-to-Month,Cash,9,53.21,No
C03779,63.0,Female,Kurunegala,72,32264.77,1676516.62,Month-to-Month,Online Payment,12,9.62,No
C03780,66.0,Female,Galle,19,42856.62,2528707.74,Two Year,Credit Card,1,191.54,No
C03781,25.0,Male,Galle,32,49916.46,553842.39,Month-to-Month,Online Payment,2,81.43,Yes
C03782,60.0,Female,Galle,29,9950.63,2544716.45,One Year,Bank Transfer,15,139.7,No
C03783,37.0,Male,Batticaloa,41,35013.03,1735843.96,One Year,Online Payment,13,116.52,No
C03784,50.0,Male,Jaffna,45,44462.33,802338.47,One Year,Online Payment,15,53.29,No
C03785,43.0,Male,Jaffna,13,29220.97,824291.66,One Year,Online Payment,13,153.0,No
C03786,56.0,Male,Galle,27,32345.12,1174189.27,Month-to-Month,Online Payment,15,138.42,No
C03787,38.0,Female,Galle,19,20975.88,1383081.01,Two Year,Cash,3,187.62,No
C03788,70.0,Female,Colombo,26,34063.28,252102.73,Two Year,Online Payment,9,76.31,No
C03789,66.0,Male,Jaffna,53,20383.32,2526787.5,Month-to-Month,Bank Transfer,12,65.18,No
C03790,59.0,Male,Colombo,51,24354.36,369015.5,One Year,Credit Card,10,244.49,Yes
C03791,60.0,Female,Kurunegala,37,6042.68,1452962.23,Two Year,Cash,6,210.96,No
C03792,58.0,Male,Colombo,9,1382.61,1151989.86,Two Year,Online Payment,9,231.89,No
C03793,26.0,Female,Negombo,52,3702.41,1539299.82,Month-to-Month,Credit Card,15,37.86,Yes
C03794,41.0,Male,Batticaloa,54,10433.56,2663010.14,One Year,Cash,14,67.99,Yes
C03795,54.0,Female,Kurunegala,3,23373.59,2967319.58,Two Year,Bank Transfer,11,173.08,No
C03796,66.0,Female,Jaffna ,69,2028.71,65712.76,Month-to-Month,Bank Transfer,0,257.3,No
C03797,58.0,Female,Jaffna,8,8640.9,1182752.1,Two Year,Credit Card,5,267.74,No
C03798,34.0,Male,Galle,14,39290.79,2453743.54,Two Year,Online Payment,12,249.74,No
C03799,41.0,Male,Kurunegala,3,38346.16,983175.63,One Year,Credit Card,15,13.98,Yes
C03800,38.0,Male,Galle,24,39696.78,1948863.35,One Year,Cash,15,246.44,No
C03801,68.0,Male,Kandy,13,46155.51,2976816.32,Two Year,Credit Card,5,269.83,No
C03802,56.0,Male,Kurunegala,43,6834.48,1942080.01,One Year,Credit Card,7,17.97,No
C03803,58.0,Female,Jaffna,29,8993.85,338018.18,Two Year,Online Payment,1,125.47,No
C03804,56.0,Female,Kurunegala,72,17344.13,2529581.21,Two Year,Bank Transfer,1,161.45,Yes
C03805,30.0,Female,Galle,51,45841.92,2900139.02,Two Year,Online Payment,0,70.59,No
C03806,28.0,Female,Galle,42,38998.41,2138962.72,Month-to-Month,Bank Transfer,2,155.49,Yes
C03807,63.0,Female,Negombo,31,16881.94,1260108.96,One Year,Online Payment,6,265.9,Yes
C03808,36.0,Female,Colombo,63,5294.16,2845458.53,One Year,Bank Transfer,15,260.22,No
C03809,28.0,Female,Kurunegala,26,31202.62,2905873.19,Two Year,Online Payment,14,282.01,Yes
C03810,30.0,Male,Galle,18,13584.14,2805674.65,One Year,Bank Transfer,7,145.75,No
C03811,63.0,Female,Batticaloa,57,27026.48,1238397.91,Two Year,Bank Transfer,6,123.76,Yes
C03812,62.0,Male,Jaffna,7,47148.36,2370174.48,One Year,Bank Transfer,8,200.07,No
C03813,18.0,Female,Batticaloa,48,29058.25,1964267.18,One Year,Bank Transfer,14,125.61,Yes
C03814,57.0,Female,Kandy,60,46267.89,543221.46,Two Year,Online Payment,7,13.54,No
C03815,61.0,Male,Kurunegala,33,20258.9,1608867.13,One Year,Cash,7,216.26,Yes
C03816,36.0,Female,Negombo,3,32034.22,2244334.57,Two Year,Bank Transfer,10,85.01,No
C03817,29.0,Male,Jaffna,4,44800.61,2688257.27,Month-to-Month,Bank Transfer,1,15.68,No
C03818,25.0,Female,Negombo,4,29811.38,2588482.12,Two Year,Bank Transfer,0,7.17,No
C03819,25.0,Male,Colombo,42,31130.04,468202.21,One Year,Bank Transfer,5,279.48,No
C03820,70.0,Female,Galle,9,36099.09,1466659.57,Month-to-Month,Bank Transfer,6,76.37,Yes
C03821,62.0,Male,Jaffna,51,44223.28,1437414.55,Month-to-Month,Credit Card,5,134.92,No
C03822,29.0,Male,Kandy,17,5320.82,2696717.5,Two Year,Credit Card,6,285.22,Yes
C03823,65.0,Female,Kurunegala,17,17506.11,10802.24,Month-to-Month,Bank Transfer,7,140.79,No
C03824,50.0,Female,Colombo,20,20486.55,2217447.05,Two Year,Bank Transfer,1,24.5,No
C03825,62.0,Male,Colombo,14,45575.77,1857831.34,One Year,Bank Transfer,0,166.03,Yes
C03826,43.0,Female,Negombo,22,47844.39,2765106.56,Two Year,Cash,9,27.37,No
C03827,56.0,Male,Colombo,52,6898.64,1373467.46,Month-to-Month,Online Payment,7,29.43,No
C03828,45.0,Female,Jaffna,27,6836.28,1974728.39,Two Year,Bank Transfer,15,255.59,Yes
C03829,22.0,Male,Negombo,43,46808.23,2918377.36,Two Year,Cash,7,87.54,No
C03830,25.0,Female,Colombo,3,15492.82,2232991.77,One Year,Cash,13,203.92,No
C03831,42.0,Male,Kurunegala,8,12848.91,206815.0,Two Year,Bank Transfer,7,153.17,No
C03832,44.0,Female,Kandy,10,2745.52,506762.99,One Year,Online Payment,15,67.48,No
C03833,63.0,Male,Kurunegala,29,14504.2,2465246.05,Month-to-Month,Credit Card,13,155.83,Yes
C03834,,Male,Batticaloa,40,34982.79,1007712.65,Month-to-Month,Bank Transfer,9,21.63,No
C03835,47.0,Female,Jaffna,65,21875.77,2119224.74,Two Year,Bank Transfer,6,104.82,No
C03836,62.0,Female,Kandy,21,26326.65,2100972.08,Two Year,Credit Card,1,157.33,No
C03837,64.0,Male,Kandy,24,45947.48,2981133.07,Month-to-Month,Online Payment,3,69.29,No
C03838,40.0,Male,Negombo,60,6619.8,1412268.81,Month-to-Month,Credit Card,8,198.4,No
C03839,66.0,Male,Galle,26,4490.8,2214807.92,Month-to-Month,Bank Transfer,7,16.49,Yes
C03840,64.0,Male,Negombo,9,42744.61,151014.87,Two Year,Bank Transfer,3,145.96,No
C03841,37.0,Female,Jaffna,20,38967.93,1390460.11,Month-to-Month,Cash,7,214.78,No
C03842,35.0,Male,Jaffna,56,13922.98,564111.23,Two Year,Credit Card,9,129.55,Yes
C03843,35.0,Male,Negombo,36,16887.47,2522511.8,Month-to-Month,Cash,12,262.5,No
C03844,,Male,Galle,36,16203.61,2520525.45,Month-to-Month,Cash,15,190.03,Yes
C03845,21.0,Female,Kurunegala,22,32742.63,712911.44,Two Year,Cash,5,287.59,No
C03846,47.0,Male,Negombo,1,3999.36,958264.03,One Year,Cash,10,85.95,No
C03847,50.0,Female,Jaffna,69,24980.68,2108920.96,Two Year,Credit Card,8,281.7,Yes
C03848,53.0,Female,Galle,37,7559.78,2216106.44,One Year,Credit Card,0,182.44,Yes
C03849,35.0,Female,Jaffna,72,41167.19,1974606.65,Two Year,Credit Card,5,223.81,No
C03850,54.0,Female,Galle,13,19652.49,2990100.44,One Year,Bank Transfer,10,270.75,No
C03851,36.0,Female,Galle,43,26851.04,2606706.22,One Year,Online Payment,3,165.81,Yes
C03852,64.0,Female,Negombo,37,2436.56,1254091.35,One Year,Cash,2,258.79,No
C03853,45.0,Female,Negombo,25,3854.95,984295.28,Two Year,Bank Transfer,4,162.97,No
C03854,57.0,Male,Negombo,21,34077.69,1792565.0,Two Year,Credit Card,9,180.16,Yes
C03855,37.0,Male,Galle,41,38571.76,2453820.83,Two Year,Credit Card,10,134.08,No
C03856,66.0,Female,Galle,42,35791.74,1428653.7,One Year,Bank Transfer,7,44.55,No
C03857,50.0,Male,Jaffna,42,37113.91,2214389.36,One Year,Cash,14,166.5,Yes
C03858,29.0,Male,Kandy,2,6126.37,62384.32,Two Year,Credit Card,10,293.26,No
C03859,68.0,Female,Negombo,68,34979.09,2777891.12,Two Year,Cash,9,236.37,Yes
C03860,32.0,Male,Batticaloa,8,9905.63,2322635.01,Month-to-Month,Cash,5,224.5,No
C03861,58.0,Female,Jaffna,61,5802.76,1185599.31,Month-to-Month,Online Payment,0,193.35,No
C03862,,Male,Jaffna,14,38100.88,1155116.91,Month-to-Month,Credit Card,5,105.02,No
C03863,19.0,Female,Colombo,21,44580.9,313145.99,Month-to-Month,Bank Transfer,6,51.71,Yes
C03864,46.0,Female,Negombo,24,36118.79,2449380.4,Month-to-Month,Online Payment,15,68.14,Yes
C03865,58.0,Male,Kurunegala,50,40473.1,2307045.38,Two Year,Cash,12,2.89,Yes
C03866,27.0,Male,Jaffna,45,49563.32,1892597.87,One Year,Bank Transfer,5,202.37,No
C03867,19.0,Female,Colombo,64,7603.04,308862.13,One Year,Online Payment,2,243.75,No
C03868,68.0,Female,Batticaloa,64,48292.48,790712.39,Two Year,Online Payment,10,81.4,Yes
C03869,28.0,Female,Batticaloa,26,30458.69,1379448.85,Two Year,Online Payment,8,28.46,No
C03870,30.0,Male,Kurunegala,32,40849.4,801585.97,Two Year,Cash,12,101.38,Yes
C03871,27.0,Male,Negombo,57,32858.29,1304751.9,Month-to-Month,Cash,9,88.32,Yes
C03872,31.0,Male,Galle,53,28931.85,681742.83,Month-to-Month,Credit Card,9,135.81,Yes
C03873,35.0,Male,Colombo,33,35477.33,1052053.51,Month-to-Month,Online Payment,3,79.97,No
C03874,68.0,Female,Galle,52,16692.67,1958629.17,Two Year,Bank Transfer,4,102.58,Yes
C03875,26.0,Female,Batticaloa,18,46289.3,2677621.44,Two Year,Cash,4,272.36,No
C03876,56.0,Female,Batticaloa,35,6649.34,1158166.89,One Year,Online Payment,2,101.12,Yes
C03877,45.0,Female,Kandy,12,16583.53,2077265.15,Two Year,Bank Transfer,11,235.87,No
C03878,20.0,Male,Kandy,51,2526.96,408705.29,Month-to-Month,Cash,1,188.12,No
C03879,37.0,Female,Kurunegala,10,14294.83,1624749.84,One Year,Bank Transfer,7,101.92,Yes
C03880,23.0,Female,Kandy,52,11692.44,2765504.16,Two Year,Bank Transfer,15,245.52,No
C03881,44.0,Male,Kandy,34,3431.91,88667.73,One Year,Credit Card,6,178.93,No
C03882,70.0,Male,Kurunegala,67,25096.93,806334.3,One Year,Cash,4,3.58,Yes
C03883,19.0,Female,Jaffna,39,23963.17,401818.13,Two Year,Cash,12,21.55,No
C03884,46.0,Male,Kandy,8,4809.53,1601698.83,Month-to-Month,Cash,0,226.04,No
C03885,55.0,Female,Jaffna,29,13830.68,2040529.18,Month-to-Month,Cash,9,134.51,No
C03886,20.0,Male,Jaffna,22,47712.79,178048.68,One Year,Credit Card,0,122.25,No
C03887,33.0,Male,Negombo,70,6426.09,215501.84,Two Year,Credit Card,7,44.6,No
C03888,47.0,Female,Jaffna,61,15945.91,2609539.43,Two Year,Online Payment,3,48.04,No
C03889,57.0,Male,Jaffna,43,2757.26,1371418.28,Month-to-Month,Cash,12,239.53,Yes
C03890,19.0,Female,Kandy,49,8295.47,1391540.04,Two Year,Bank Transfer,3,248.88,No
C03891,34.0,Male,Jaffna,29,35270.46,2834018.28,Two Year,Credit Card,13,168.44,No
C03892,58.0,Male,Galle,31,18969.11,964027.78,One Year,Bank Transfer,8,89.24,No
C03893,29.0,Male,Kurunegala,53,23151.75,2691585.82,Two Year,Bank Transfer,1,279.88,Yes
C03894,52.0,Male,Kandy,34,8691.94,2922892.96,Two Year,Bank Transfer,4,187.56,No
C03895,60.0,Male,Kurunegala,38,34424.87,728874.12,Two Year,Online Payment,5,239.2,No
C03896,18.0,Female,Colombo,57,37824.56,1544546.35,Month-to-Month,Online Payment,5,1.98,No
C03897,62.0,Male,Kandy,4,9874.49,1605396.68,Month-to-Month,Cash,9,135.65,No
C03898,32.0,Female,Jaffna,2,3204.68,2599173.49,One Year,Credit Card,11,261.41,No
C03899,43.0,Male,Galle,12,4966.12,915204.87,Month-to-Month,Cash,13,102.13,No
C03900,54.0,Female,Kurunegala,35,33195.24,2395137.12,Month-to-Month,Online Payment,2,218.24,No
C03901,38.0,Male,Kandy,70,7640.02,2913167.14,Month-to-Month,Online Payment,9,197.64,No
C03902,66.0,Female,Galle,72,25202.02,2521808.27,Month-to-Month,Bank Transfer,5,46.51,No
C03903,48.0,Female,Kurunegala,21,8479.44,2727875.15,One Year,Cash,9,232.7,Yes
C03904,42.0,Male,Colombo,61,9337.25,2126521.55,Two Year,Bank Transfer,9,34.65,No
C03905,40.0,Male,Batticaloa,35,1213.66,2712347.5,Two Year,Online Payment,4,218.65,Yes
C03906,41.0,Male,Colombo,48,16720.39,498727.65,Two Year,Cash,11,297.3,No
C03907,55.0,Female,Batticaloa,15,5400.07,2138522.44,One Year,Cash,7,287.44,No
C03908,45.0,Female,Negombo,71,20304.1,2196972.68,Month-to-Month,Credit Card,3,240.27,No
C03909,38.0,Male,Batticaloa,15,30291.43,1320346.93,One Year,Online Payment,12,160.82,No
C03910,60.0,Male,Negombo,6,19009.07,243816.71,One Year,Online Payment,9,202.77,No
C03911,35.0,Female,Kandy,68,35549.0,1869219.02,One Year,Credit Card,9,218.7,Yes
C03912,53.0,Female,Negombo,22,37331.14,160383.02,Two Year,Online Payment,15,3.51,No
C03913,52.0,Male,Galle,32,35133.71,1150295.48,Month-to-Month,Bank Transfer,2,31.61,Yes
C03914,62.0,Female,Negombo,22,46898.96,1184042.34,Two Year,Bank Transfer,5,179.52,No
C03915,26.0,Male,Galle,27,12627.42,2996772.91,One Year,Bank Transfer,9,2.95,No
C03916,70.0,Male,Kurunegala,15,10283.37,902907.09,One Year,Cash,13,272.76,Yes
C03917,55.0,Male,Kurunegala,44,30875.86,2462259.54,Two Year,Bank Transfer,8,147.41,No
C03918,47.0,Female,Batticaloa,9,30148.97,164249.2,Two Year,Online Payment,13,78.07,Yes
C03919,61.0,Female,Batticaloa,34,25994.82,1591649.13,Two Year,Credit Card,7,118.75,Yes
C03920,51.0,Female,Batticaloa,15,1213.31,1612391.58,Month-to-Month,Bank Transfer,9,255.38,No
C03921,49.0,Female,Negombo,62,28206.67,1888105.81,Two Year,Bank Transfer,7,278.23,No
C03922,20.0,Male,Batticaloa,45,46707.1,2430965.58,Month-to-Month,Cash,2,35.75,Yes
C03923,20.0,Female,Negombo,72,17394.31,2286960.53,Month-to-Month,Online Payment,0,233.61,No
C03924,45.0,Male,Negombo,58,48412.36,2284219.34,Two Year,Credit Card,2,173.89,No
C03925,61.0,Male,Jaffna,19,18481.08,1299720.33,One Year,Online Payment,13,176.07,No
C03926,32.0,Male,Jaffna,16,7852.87,2183777.09,One Year,Bank Transfer,2,234.06,No
C03927,58.0,Female,Negombo,8,20521.77,1476490.57,Month-to-Month,Online Payment,13,67.63,Yes
C03928,40.0,Male,Kurunegala,33,25235.95,205518.78,Month-to-Month,Credit Card,11,159.78,Yes
C03929,57.0,Male,Galle,18,31843.76,2671094.44,Month-to-Month,Bank Transfer,5,96.49,No
C03930,28.0,Female,Kandy,35,25739.03,2671039.1,One Year,Online Payment,12,29.26,No
C03931,65.0,Male,Colombo,43,27299.21,972021.9,Month-to-Month,Credit Card,2,32.42,No
C03932,49.0,Female,Jaffna,50,2179.28,2742138.34,Month-to-Month,Bank Transfer,1,41.8,Yes
C03933,53.0,Female,Negombo,3,13427.39,2275162.2,One Year,Bank Transfer,11,184.86,Yes
C03934,50.0,Female,Colombo,59,16224.14,1205399.69,Two Year,Online Payment,14,32.64,No
C03935,41.0,Male,Jaffna,28,49367.34,997859.27,One Year,Cash,8,171.46,No
C03936,56.0,Female,colombo,46,15482.82,2925552.38,Two Year,Cash,5,176.9,No
C03937,51.0,Female,Galle,64,44932.36,2139317.75,Two Year,Credit Card,4,271.27,No
C03938,45.0,Female,Negombo,70,15932.07,1139535.81,Month-to-Month,Online Payment,11,188.29,No
C03939,54.0,Female,Kandy,47,5709.41,1927741.74,Month-to-Month,Credit Card,2,295.69,No
C03940,24.0,Male,Kurunegala,14,13133.25,1716720.97,Two Year,Online Payment,6,10.27,Yes
C03941,21.0,Female,Jaffna,7,14368.59,1575997.37,Month-to-Month,Credit Card,6,211.54,No
C03942,54.0,Male,Negombo,31,48934.18,1935882.19,Two Year,Credit Card,3,8.92,No
C03943,18.0,Female,Colombo,51,34040.28,1615190.83,Month-to-Month,Online Payment,9,219.08,No
C03944,18.0,Male,Kurunegala,29,46652.37,1966097.11,One Year,Cash,1,116.37,No
C03945,64.0,Female,Kurunegala,15,41914.76,2723167.84,Two Year,Credit Card,1,183.78,No
C03946,37.0,Male,Batticaloa,25,29351.33,2979828.58,Two Year,Online Payment,12,93.55,No
C03947,36.0,Female,Galle,61,34094.01,2129314.19,Month-to-Month,Online Payment,15,48.57,No
C03948,46.0,Male,Kurunegala,41,31617.02,2783823.3,One Year,Online Payment,14,217.33,Yes
C03949,27.0,Male,Jaffna,69,33646.89,2575938.71,Month-to-Month,Bank Transfer,11,271.48,Yes
C03950,35.0,Male,Galle,4,13973.91,888637.01,One Year,Online Payment,7,55.89,No
C03951,45.0,Female,Negombo,57,20998.13,2799059.41,Month-to-Month,Online Payment,3,276.29,No
C03952,52.0,Male,Batticaloa,31,30038.17,217072.96,Two Year,Bank Transfer,6,42.91,No
C03953,60.0,Male,Kandy,3,2760.49,993115.85,One Year,Bank Transfer,2,220.96,Yes
C03954,64.0,Male,Galle,67,24658.91,1921635.08,One Year,Cash,8,287.87,No
C03955,48.0,Male,Colombo,50,43126.62,1583111.76,Month-to-Month,Online Payment,15,45.06,No
C03956,44.0,Female,Jaffna,17,25126.02,1629525.12,One Year,Credit Card,9,131.09,No
C03957,28.0,Male,Colombo,60,28063.85,2385690.55,Month-to-Month,Bank Transfer,8,101.9,Yes
C03958,66.0,Male,Galle,66,10893.35,588137.53,One Year,Bank Transfer,6,117.15,No
C03959,66.0,Male,Batticaloa,24,39922.82,2946316.15,Month-to-Month,Cash,6,226.19,No
C03960,55.0,Female,Kandy,32,18585.04,1315187.39,Month-to-Month,Cash,0,198.7,No
C03961,22.0,Male,Kandy,19,47872.79,2849780.58,Month-to-Month,Cash,9,290.64,No
C03962,25.0,Male,Colombo,66,49692.03,1152432.01,Two Year,Online Payment,7,56.46,No
C03963,51.0,Male,Negombo,60,45884.03,1807351.07,One Year,Online Payment,15,163.43,Yes
C03964,65.0,Male,Negombo,66,5158.96,1353682.86,Two Year,Online Payment,1,135.29,No
C03965,69.0,Female,colombo,15,17325.97,2029425.82,Two Year,Bank Transfer,7,275.74,Yes
C03966,29.0,Male,Kandy,35,47311.74,554956.06,Two Year,Cash,10,4.18,Yes
C03967,55.0,Male,Colombo,69,40422.13,1204882.46,Two Year,Bank Transfer,12,296.76,Yes
C03968,18.0,Female,Colombo,27,45648.0,209801.46,One Year,Credit Card,1,144.44,No
C03969,48.0,Female,Colombo,7,29055.11,1796313.74,One Year,Online Payment,0,188.04,No
C03970,21.0,Female,Galle,6,24539.48,2888231.69,Two Year,Bank Transfer,15,108.66,No
C03971,66.0,Male,Batticaloa,33,6218.32,142490.01,One Year,Credit Card,15,255.91,No
C03972,62.0,Female,Negombo,58,42134.11,1980591.92,One Year,Bank Transfer,14,169.03,No
C03973,67.0,Male,Negombo,49,37511.94,2326418.4,Month-to-Month,Credit Card,10,199.18,No
C03974,22.0,Female,Galle,17,3884.95,643259.73,One Year,Bank Transfer,7,195.02,No
C03975,47.0,Male,Jaffna,42,11261.31,822857.51,Two Year,Bank Transfer,3,109.83,No
C03976,41.0,Female,Galle,72,28306.6,608735.35,One Year,Online Payment,14,23.72,No
C03977,20.0,Male,Batticaloa,40,34535.72,895750.85,Two Year,Bank Transfer,10,242.5,Yes
C03978,28.0,Female,Colombo,46,7745.84,334697.26,One Year,Bank Transfer,9,87.63,No
C03979,62.0,Male,Galle,71,12996.42,1114191.87,Two Year,Cash,14,254.83,Yes
C03980,21.0,Male,Colombo,70,10462.4,1109942.94,One Year,Bank Transfer,5,182.98,Yes
C03981,43.0,Male,Batticaloa,68,11779.86,2422766.03,One Year,Online Payment,9,106.76,No
C03982,44.0,Male,Kurunegala,1,46114.94,2403870.16,One Year,Bank Transfer,12,178.68,Yes
C03983,63.0,Male,Batticaloa,52,36075.16,2391186.47,Two Year,Online Payment,10,194.0,No
C03984,60.0,Male,Kandy,35,37118.24,1703272.56,Month-to-Month,Cash,9,212.3,No
C03985,44.0,Male,Colombo,69,39905.77,981012.66,Two Year,Online Payment,0,246.88,No
C03986,59.0,Male,Negombo,5,18472.08,1235838.73,One Year,Cash,8,48.77,No
C03987,68.0,Female,Galle,17,38592.05,956641.8,Two Year,Cash,10,283.3,No
C03988,67.0,Male,Kurunegala,53,48942.26,1747874.08,One Year,Cash,6,123.84,Yes
C03989,23.0,Male,Batticaloa,52,35221.32,2814247.47,One Year,Cash,4,258.27,No
C03990,32.0,Female,Colombo,14,21420.9,857067.87,Month-to-Month,Cash,5,66.92,No
C03991,70.0,Male,Kurunegala,29,36101.63,1379261.19,One Year,Online Payment,2,9.68,No
C03992,47.0,Female,Jaffna,8,45138.94,1967075.21,One Year,Cash,12,172.43,No
C03993,59.0,Male,Kandy,1,7309.32,2534861.26,One Year,Cash,8,98.08,Yes
C03994,54.0,Female,Jaffna,29,13999.44,763735.09,Month-to-Month,Cash,1,295.35,No
C03995,54.0,Female,Batticaloa,36,46045.51,844468.4,Two Year,Cash,11,32.23,No
C03996,59.0,Male,Jaffna,51,47365.41,2656070.77,Month-to-Month,Cash,9,15.14,No
C03997,54.0,Female,Jaffna,37,24722.82,245373.07,Two Year,Credit Card,0,14.46,Yes
C03998,52.0,Male,Kandy,69,19353.0,1818315.58,One Year,Bank Transfer,13,65.85,Yes
C03999,40.0,Male,Kandy,53,14856.31,2582063.97,Two Year,Bank Transfer,14,174.18,Yes
C04000,23.0,Male,Kandy,52,25438.83,2765619.54,Two Year,Cash,0,152.16,Yes
C04001,21.0,Male,Kurunegala,12,46792.03,42998.33,Two Year,Cash,9,105.67,No
C04002,35.0,Female,Kandy,52,8340.67,1112149.6,Two Year,Credit Card,1,27.55,No
C04003,26.0,Male,Jaffna,1,21571.7,775508.03,One Year,Cash,5,70.89,Yes
C04004,66.0,Female,Negombo,7,45668.78,1706257.6,Month-to-Month,Credit Card,5,56.06,No
C04005,46.0,Female,,17,18106.84,1900422.52,Two Year,Bank Transfer,8,223.95,No
C04006,30.0,Male,Kandy,43,38635.99,2999324.56,One Year,Online Payment,9,234.2,No
C04007,64.0,Male,Kurunegala,71,20073.73,1540723.68,One Year,Bank Transfer,14,233.33,No
C04008,69.0,Male,Galle,17,40441.41,1656643.3,One Year,Online Payment,3,290.74,No
C04009,34.0,Male,Colombo,59,49069.12,1245868.96,One Year,Online Payment,7,265.39,No
C04010,62.0,Female,Batticaloa,3,20003.28,447293.33,Two Year,Online Payment,3,149.84,No
C04011,49.0,Male,Kurunegala,29,42409.83,913457.3,Month-to-Month,Cash,2,125.07,No
C04012,65.0,Female,Galle,22,49432.42,744719.83,One Year,Credit Card,3,274.81,No
C04013,,Male,Batticaloa,38,49207.68,2404652.98,Month-to-Month,Online Payment,0,183.76,No
C04014,21.0,Male,Galle,54,22254.78,1639720.18,Month-to-Month,Credit Card,8,89.03,Yes
C04015,22.0,Male,Galle,50,24802.29,892099.92,Month-to-Month,Bank Transfer,10,169.77,No
C04016,54.0,Male,Negombo,69,15866.68,1469833.24,One Year,Online Payment,14,297.65,Yes
C04017,58.0,Female,Colombo,30,16386.92,660500.32,One Year,Bank Transfer,4,254.99,No
C04018,66.0,Female,Galle,23,25131.06,559455.82,One Year,Credit Card,6,85.1,No
C04019,30.0,Male,Kandy,47,10825.41,2580527.0,Month-to-Month,Credit Card,2,285.93,No
C04020,-5.0,Female,Batticaloa,21,35845.04,2834708.51,One Year,Bank Transfer,4,294.46,No
C04021,150.0,Female,Kurunegala,20,27279.12,244643.75,One Year,Credit Card,12,70.12,No
C04022,39.0,Male,Negombo,23,45005.33,2295823.71,Month-to-Month,Bank Transfer,9,268.78,Yes
C04023,-5.0,Male,Batticaloa,68,40718.54,1362668.05,One Year,Credit Card,13,265.08,Yes
C04024,40.0,Female,Kandy,21,16801.08,1169970.07,Two Year,Cash,3,12.89,No
C04025,68.0,Female,Kandy,21,25784.43,2069786.87,Two Year,Bank Transfer,6,201.24,No
C04026,20.0,Female,Galle,1,37775.23,802429.79,Two Year,Online Payment,4,92.28,No
C04027,59.0,Female,Kandy,15,10466.81,66640.77,Two Year,Online Payment,15,202.71,Yes
C04028,51.0,Male,Colombo,17,2548.29,645938.53,Month-to-Month,Online Payment,1,274.15,Yes
C04029,49.0,Male,Kandy,51,42762.92,558850.6,One Year,Credit Card,2,150.13,Yes
C04030,62.0,Female,Galle,63,7739.96,106977.9,Two Year,Bank Transfer,7,124.91,No
C04031,68.0,Male,Batticaloa,14,44581.16,967339.67,Two Year,Credit Card,2,276.54,No
C04032,66.0,Female,Kandy,59,45766.79,1426183.01,One Year,Online Payment,15,292.26,Yes
C04033,38.0,Female,Negombo,50,23574.32,2208806.95,Month-to-Month,Cash,14,19.61,No
C04034,63.0,Male,,34,40532.3,980355.67,Two Year,Online Payment,6,276.93,No
C04035,61.0,Female,Negombo,6,18796.37,587648.1,One Year,Online Payment,4,25.75,No
C04036,38.0,Female,Negombo,49,43054.96,695706.21,One Year,Online Payment,6,101.85,No
C04037,61.0,Male,Batticaloa,6,41409.41,2674075.35,Two Year,Cash,9,229.01,No
C04038,28.0,Male,Jaffna,69,4847.4,618137.62,Two Year,Cash,8,233.33,No
C04039,56.0,Female,Kurunegala,7,29547.49,2638325.8,One Year,Bank Transfer,6,218.02,No
C04040,21.0,Female,Negombo,51,32359.95,1344061.49,One Year,Cash,13,12.69,No
C04041,68.0,Male,Negombo,1,1042.01,2803529.29,Two Year,Bank Transfer,5,40.76,No
C04042,18.0,Female,Jaffna,13,49016.0,1227235.95,Two Year,Cash,11,280.93,No
C04043,45.0,Female,Batticaloa,43,20921.81,537160.39,Two Year,Bank Transfer,12,25.36,No
C04044,41.0,Male,Kurunegala,27,26349.82,1649344.64,Two Year,Online Payment,0,24.49,No
C04045,52.0,Male,Negombo,71,10545.4,1765181.28,Month-to-Month,Cash,15,250.86,No
C04046,30.0,Male,Galle,3,30935.01,1908290.46,One Year,Credit Card,3,192.74,No
C04047,64.0,Male,Batticaloa,58,40720.37,1237432.67,Two Year,Credit Card,7,106.15,No
C04048,51.0,Male,Kurunegala,17,29708.72,150561.02,One Year,Bank Transfer,0,50.55,No
C04049,28.0,Male,Negombo,45,39613.72,1882026.17,Two Year,Cash,5,265.37,No
C04050,53.0,Female,Negombo,58,0.0,2799425.31,Month-to-Month,Cash,1,296.57,No
C04051,68.0,Female,Jaffna,56,12645.23,2872888.09,One Year,Credit Card,14,15.94,No
C04052,34.0,Male,Kurunegala,54,22354.83,1792671.68,Month-to-Month,Cash,12,166.68,No
C04053,52.0,Male,Galle,29,8282.72,64561.62,One Year,Cash,8,79.13,No
C04054,35.0,Female,Batticaloa,54,3054.86,322585.25,Month-to-Month,Bank Transfer,7,249.88,No
C04055,57.0,Female,Kandy,27,,2502801.62,Two Year,Online Payment,8,104.48,No
C04056,39.0,Female,Colombo,45,47182.5,2490084.59,Two Year,Credit Card,8,214.67,No
C04057,41.0,Male,Galle,31,49242.34,2838316.74,Month-to-Month,Online Payment,13,162.32,Yes
C04058,36.0,Male,Kandy,36,5653.9,1693504.4,Two Year,Cash,12,162.92,Yes
C04059,54.0,Female,Galle,61,17424.48,2592129.8,Month-to-Month,Cash,1,257.54,No
C04060,56.0,Male,Kurunegala,37,6606.61,2475536.34,Month-to-Month,Bank Transfer,1,141.65,No
C04061,38.0,Male,Kandy,67,41877.21,1770315.31,One Year,Online Payment,8,253.83,No
C04062,25.0,Male,Kurunegala,36,25318.56,2351994.47,Month-to-Month,Online Payment,1,109.66,Yes
C04063,45.0,Female,Kandy,5,31441.83,381503.08,One Year,Bank Transfer,3,53.26,No
C04064,22.0,Female,Galle,46,27455.63,1919412.26,Month-to-Month,Online Payment,1,137.19,Yes
C04065,34.0,Male,Jaffna,52,35802.43,2860585.61,One Year,Bank Transfer,0,150.01,Yes
C04066,54.0,Male,Galle,49,16637.48,490062.71,One Year,Bank Transfer,11,144.04,Yes
C04067,53.0,Male,Kurunegala,6,7737.17,2233407.83,Two Year,Cash,15,242.69,No
C04068,36.0,Male,Galle,10,1863.38,965753.46,One Year,Cash,12,169.84,Yes
C04069,44.0,Male,Kandy,23,22838.95,2452226.25,One Year,Cash,10,266.64,No
C04070,70.0,Female,Colombo,17,45483.89,2093146.75,Month-to-Month,Bank Transfer,13,154.74,No
C04071,51.0,Male,Kandy,44,15958.06,2778891.9,One Year,Cash,9,68.19,Yes
C04072,28.0,Male,Negombo,41,10601.88,2137246.58,Two Year,Credit Card,6,39.72,No
C04073,62.0,Male,Galle,15,46376.09,1233880.23,Month-to-Month,Credit Card,11,260.64,No
C04074,64.0,Female,Batticaloa,44,6166.98,37623.14,One Year,Cash,10,17.8,No
C04075,29.0,Female,Galle,58,3538.25,2379786.11,Month-to-Month,Bank Transfer,4,36.17,No
C04076,38.0,Male,Jaffna,50,44091.25,1228352.58,Month-to-Month,Credit Card,2,20.03,No
C04077,28.0,Female,Kurunegala,52,35344.56,2013549.11,Month-to-Month,Cash,7,127.7,No
C04078,56.0,Female,Batticaloa,70,21681.36,319674.11,Month-to-Month,Credit Card,4,160.25,No
C04079,45.0,Female,Kandy,68,37864.85,2673451.06,Month-to-Month,Credit Card,0,6.94,No
C04080,22.0,Female,Jaffna,63,37330.56,1309795.1,One Year,Credit Card,8,155.16,No
C04081,34.0,Female,Galle,58,2962.97,2759476.74,Month-to-Month,Online Payment,13,118.73,No
C04082,37.0,Female,Kandy,23,34136.09,2122517.21,Month-to-Month,Credit Card,13,232.32,No
C04083,58.0,Male,Kandy,44,32402.75,368779.47,Two Year,Cash,4,249.16,No
C04084,63.0,Female,Negombo,44,48225.18,1739693.86,Two Year,Credit Card,2,205.81,Yes
C04085,29.0,Female,Negombo,52,48364.51,2730253.67,Month-to-Month,Cash,5,142.58,No
C04086,23.0,Male,Colombo,67,19512.17,2400911.83,One Year,Credit Card,7,65.63,No
C04087,34.0,Male,Negombo,28,29902.25,1256851.32,Two Year,Credit Card,1,254.29,Yes
C04088,68.0,Male,Kurunegala,67,7926.51,2865417.87,Two Year,Online Payment,10,103.16,No
C04089,36.0,Male,Batticaloa,18,4256.37,809385.66,Month-to-Month,Credit Card,13,107.53,Yes
C04090,43.0,Female,Kandy,27,22206.21,1128447.57,One Year,Cash,2,274.89,Yes
C04091,65.0,Female,Negombo,51,34804.22,2250393.95,One Year,Online Payment,6,292.7,No
C04092,61.0,Female,Colombo,60,28820.29,702549.15,Two Year,Online Payment,1,269.54,Yes
C04093,61.0,Female,Galle,49,22053.19,1548546.54,Two Year,Credit Card,10,299.47,No
C04094,69.0,Male,Batticaloa,15,41087.51,2187723.62,Two Year,Credit Card,10,260.8,Yes
C04095,49.0,Female,Negombo,68,39926.95,1933683.46,Two Year,Bank Transfer,11,211.6,No
C04096,23.0,Female,Kandy,15,36865.16,470332.89,Two Year,Credit Card,4,88.85,No
C04097,53.0,Male,Galle,51,4774.58,1890832.65,Month-to-Month,Bank Transfer,8,285.93,No
C04098,55.0,Female,Kurunegala,48,40027.01,1720268.03,Month-to-Month,Cash,13,263.11,No
C04099,28.0,Female,Kandy,72,46051.64,1675745.25,Month-to-Month,Credit Card,6,72.98,Yes
C04100,50.0,Female,Galle,1,3912.66,2479011.32,Two Year,Credit Card,13,147.26,No
C04101,41.0,Female,Kurunegala,7,20681.9,555768.59,Month-to-Month,Bank Transfer,13,21.95,No
C04102,40.0,Male,Kurunegala,53,49429.42,2255940.13,Two Year,Bank Transfer,12,286.04,No
C04103,32.0,Male,Batticaloa,31,30362.7,2283973.42,One Year,Online Payment,2,172.26,No
C04104,44.0,Male,Kandy,18,26165.29,2169323.09,One Year,Online Payment,1,74.31,No
C04105,28.0,Male,Negombo,12,9694.86,1520375.1,Month-to-Month,Credit Card,9,88.43,No
C04106,68.0,Male,Negombo,48,28708.83,1189638.55,One Year,Cash,8,294.22,No
C04107,67.0,Female,Colombo,30,22513.12,1187058.09,One Year,Online Payment,8,185.07,No
C04108,34.0,Female,Galle,7,7244.71,2202757.1,One Year,Online Payment,8,126.78,Yes
C04109,68.0,Male,Colombo,3,23752.3,1496200.62,Month-to-Month,Online Payment,9,150.45,No
C04110,70.0,Male,Jaffna,63,9055.57,1018609.0,One Year,Bank Transfer,2,30.47,Yes
C04111,31.0,Male,Negombo,6,36802.52,1878281.7,Month-to-Month,Credit Card,0,23.43,No
C04112,44.0,Female,Galle,15,48708.77,2511848.73,Two Year,Bank Transfer,8,178.22,Yes
C04113,35.0,Male,Batticaloa,71,24009.28,189218.68,Two Year,Cash,6,154.09,No
C04114,45.0,Female,Colombo,43,31986.05,2916550.19,Month-to-Month,Bank Transfer,1,108.39,No
C04115,68.0,Female,Batticaloa,18,22117.8,294472.56,Month-to-Month,Credit Card,5,170.27,Yes
C04116,64.0,Female,Batticaloa,22,,1537655.67,One Year,Bank Transfer,10,22.73,No
C04117,150.0,Female,Batticaloa,61,48557.21,1682827.58,Two Year,Cash,8,283.25,No
C04118,21.0,Male,Colombo,61,7349.35,418941.06,One Year,Credit Card,7,88.82,No
C04119,24.0,Female,Jaffna,53,6469.71,2747203.29,Two Year,Credit Card,10,22.46,No
C04120,62.0,Female,Kurunegala,26,23499.47,1417043.9,One Year,Credit Card,11,51.68,Yes
C04121,52.0,Male,Kurunegala,40,33285.48,433645.94,One Year,Credit Card,5,29.55,No
C04122,65.0,Female,Colombo,8,18391.24,2136279.15,Two Year,Cash,5,54.4,No
C04123,26.0,Female,Kurunegala,21,10433.33,1991896.01,One Year,Credit Card,7,125.61,No
C04124,25.0,Female,Kandy,43,41129.21,2888782.38,Two Year,Cash,8,221.68,No
C04125,69.0,Male,Kurunegala,21,18792.06,1327341.39,Month-to-Month,Cash,7,82.43,Yes
C04126,62.0,Female,Negombo,3,10521.73,807048.94,One Year,Bank Transfer,0,131.34,No
C04127,34.0,Female,Colombo,31,18889.16,184682.05,Two Year,Bank Transfer,14,278.7,Yes
C04128,34.0,Male,Kurunegala,27,11513.16,2200698.97,Two Year,Credit Card,1,89.45,No
C04129,66.0,Male,Colombo,27,26452.94,1853746.68,One Year,Online Payment,5,238.62,No
C04130,50.0,Female,Jaffna,57,33746.18,2917969.45,Two Year,Online Payment,7,48.19,Yes
C04131,49.0,Female,Kandy,33,40178.31,2137934.11,One Year,Credit Card,14,54.32,No
C04132,25.0,Male,Colombo,44,12150.54,2799818.63,One Year,Cash,3,137.39,No
C04133,36.0,Female,Negombo,43,9180.75,2974778.49,Month-to-Month,Bank Transfer,11,71.0,No
C04134,55.0,Male,Kurunegala,31,1960.57,1288151.28,Month-to-Month,Credit Card,3,271.01,No
C04135,20.0,Female,Negombo,65,12176.3,455133.57,Month-to-Month,Credit Card,12,16.17,Yes
C04136,22.0,Male,Kurunegala,17,2171.36,591573.08,One Year,Cash,1,179.58,Yes
C04137,30.0,Female,Colombo,15,17928.24,958533.79,One Year,Bank Transfer,9,181.66,Yes
C04138,64.0,Male,Batticaloa,34,8138.96,1529142.82,Two Year,Online Payment,15,20.74,Yes
C04139,63.0,Male,Kurunegala,4,29414.88,371647.9,Month-to-Month,Online Payment,0,220.04,No
C04140,48.0,Male,Batticaloa,72,19802.61,908645.03,Month-to-Month,Credit Card,9,141.2,No
C04141,33.0,Male,Kandy,28,5585.68,926842.57,Two Year,Credit Card,8,217.2,Yes
C04142,67.0,Male,Negombo,2,20593.46,17236.54,Month-to-Month,Credit Card,6,248.25,No
C04143,49.0,Female,Batticaloa,17,11258.06,1065735.38,Month-to-Month,Credit Card,8,97.55,No
C04144,39.0,Female,Negombo,58,34328.69,352875.84,Month-to-Month,Credit Card,12,145.86,No
C04145,46.0,Male,Kurunegala,9,18857.38,1291985.58,Two Year,Online Payment,14,78.97,Yes
C04146,39.0,Female,Kurunegala,31,8204.47,593627.53,Month-to-Month,Credit Card,1,61.25,No
C04147,60.0,Female,Kandy,66,18130.48,2467232.15,One Year,Bank Transfer,9,1.18,No
C04148,20.0,Female,Kurunegala,62,11994.54,246173.43,Month-to-Month,Cash,12,289.13,No
C04149,27.0,Female,Kandy,19,39993.17,2597652.99,One Year,Online Payment,4,132.84,No
C04150,59.0,Female,Batticaloa,55,49185.01,1743677.21,Month-to-Month,Cash,14,4.91,No
C04151,38.0,Female,Kurunegala,28,2249.08,1378628.79,One Year,Cash,14,3.67,No
C04152,33.0,Male,Colombo,50,34810.99,1651478.24,Month-to-Month,Credit Card,1,87.22,No
C04153,29.0,Female,Galle,65,13933.93,1131446.84,One Year,Cash,9,5.17,Yes
C04154,19.0,Female,Jaffna,3,4254.02,387197.66,One Year,Bank Transfer,6,112.98,No
C04155,58.0,Female,Galle,52,1703.21,2298810.05,Month-to-Month,Credit Card,8,19.82,No
C04156,41.0,Male,Galle,10,44169.47,2784095.21,Two Year,Online Payment,2,12.74,Yes
C04157,52.0,Female,Negombo,21,18326.72,2850452.53,Month-to-Month,Bank Transfer,13,201.15,No
C04158,47.0,Female,Kandy,37,49732.65,2013780.96,Two Year,Online Payment,0,272.15,No
C04159,47.0,Female,Negombo,15,22676.48,1233990.54,Two Year,Credit Card,3,123.41,No
C04160,64.0,Male,Batticaloa,9,10192.29,1437688.09,Two Year,Credit Card,3,251.19,No
C04161,52.0,Female,Jaffna,44,,1972612.26,Two Year,Online Payment,10,9.75,Yes
C04162,36.0,Male,Batticaloa,39,46398.12,2470102.19,Two Year,Cash,5,233.53,Yes
C04163,67.0,Female,Colombo,5,40965.43,1126828.58,Two Year,Online Payment,4,19.78,No
C04164,25.0,Male,Jaffna,25,37514.76,2750759.77,Month-to-Month,Bank Transfer,11,251.69,Yes
C04165,43.0,Male,Negombo,56,17400.29,976195.1,One Year,Cash,12,264.83,Yes
C04166,66.0,Male,Kurunegala,64,4160.03,1594925.03,One Year,Credit Card,4,236.01,No
C04167,57.0,Female,Kurunegala,72,10863.67,2884278.59,Month-to-Month,Bank Transfer,8,246.4,No
C04168,24.0,Male,Negombo,52,22893.7,2814905.75,Month-to-Month,Bank Transfer,12,168.88,No
C04169,47.0,Male,Batticaloa,9,47853.79,2088756.54,Month-to-Month,Credit Card,10,80.2,No
C04170,24.0,Male,Negombo,10,36419.85,977057.78,Two Year,Cash,0,193.33,Yes
C04171,20.0,Male,Negombo,10,41585.87,661009.92,Two Year,Credit Card,7,132.42,No
C04172,18.0,Female,Galle,62,14587.4,245029.35,One Year,Bank Transfer,7,2.6,No
C04173,53.0,Female,Colombo,60,34507.33,2127419.94,Month-to-Month,Bank Transfer,10,143.57,No
C04174,42.0,Female,Kurunegala,19,43259.47,1512834.83,One Year,Bank Transfer,7,195.71,No
C04175,54.0,Female,Galle,38,24491.16,1719001.64,One Year,Credit Card,12,5.15,Yes
C04176,18.0,Male,Negombo,6,22064.7,1419814.56,Two Year,Online Payment,11,186.79,No
C04177,32.0,Female,Kandy,15,36250.82,1451424.57,Two Year,Bank Transfer,13,196.11,No
C04178,54.0,Male,Galle,47,28435.67,1715964.49,One Year,Bank Transfer,12,48.27,No
C04179,30.0,Female,Negombo,45,49665.38,2743214.71,Two Year,Cash,2,129.89,Yes
C04180,57.0,Female,Kurunegala,5,21830.04,92952.07,Two Year,Online Payment,9,289.34,No
C04181,25.0,Female,Negombo,53,9621.22,2405902.15,Two Year,Cash,7,265.37,Yes
C04182,22.0,Male,Colombo,66,24124.82,1174596.2,One Year,Bank Transfer,1,123.84,No
C04183,26.0,Female,Batticaloa,62,12525.04,2236048.18,One Year,Online Payment,7,105.6,No
C04184,18.0,Female,Jaffna,23,28501.44,2845836.36,One Year,Cash,11,38.1,No
C04185,53.0,Female,Galle,44,7164.05,922329.55,Month-to-Month,Credit Card,7,11.52,No
C04186,52.0,Male,Galle,52,47548.84,273216.14,One Year,Cash,14,89.94,No
C04187,19.0,Female,Galle,46,43131.32,700733.82,Two Year,Online Payment,13,282.14,No
C04188,57.0,Female,Negombo,19,8622.7,670168.03,One Year,Cash,2,287.63,No
C04189,40.0,Male,Colombo,47,9447.25,2226839.01,Month-to-Month,Online Payment,3,243.94,Yes
C04190,26.0,Male,Negombo,52,26109.5,190265.25,Two Year,Online Payment,8,105.9,No
C04191,51.0,Female,Negombo,24,38871.19,157546.07,One Year,Cash,12,43.94,No
C04192,63.0,Female,Batticaloa,17,11734.89,2082357.74,One Year,Cash,14,179.06,No
C04193,31.0,Female,Kandy,46,3987.61,1672375.46,Two Year,Credit Card,8,194.3,Yes
C04194,21.0,Male,Colombo,64,27731.18,1256213.8,One Year,Cash,9,127.95,Yes
C04195,47.0,Male,Galle,28,34888.26,1728228.38,Month-to-Month,Online Payment,12,207.8,No
C04196,48.0,Male,Jaffna,50,12973.91,2207067.48,Two Year,Bank Transfer,8,224.26,No
C04197,55.0,Female,Galle,64,37248.62,314896.76,One Year,Cash,15,235.14,Yes
C04198,28.0,Male,Negombo,28,47581.55,1662092.82,Two Year,Cash,9,151.19,Yes
C04199,52.0,Female,Colombo,56,7716.65,2474128.41,One Year,Online Payment,5,237.7,No
C04200,25.0,Male,Kurunegala,59,26040.42,1090475.37,One Year,Bank Transfer,0,8.62,Yes
C04201,20.0,Male,Colombo,5,3785.26,2290238.87,Two Year,Credit Card,7,204.44,No
C04202,31.0,Male,Colombo,54,11126.39,2537035.41,One Year,Bank Transfer,12,71.45,No
C04203,30.0,Female,Kandy,44,5401.15,2463682.93,One Year,Online Payment,8,81.89,No
C04204,62.0,Female,Galle,42,20796.32,1952817.42,Two Year,Online Payment,14,28.3,No
C04205,49.0,Female,Kandy,72,41220.76,2153446.83,One Year,Online Payment,7,58.53,Yes
C04206,51.0,Female,Kurunegala,57,29279.39,2364087.17,One Year,Online Payment,14,297.61,No
C04207,62.0,Male,Kurunegala,47,11906.66,2202459.38,Two Year,Bank Transfer,12,125.2,No
C04208,36.0,Female,Batticaloa,25,2965.42,1357782.09,Month-to-Month,Bank Transfer,0,278.4,No
C04209,55.0,Male,Jaffna,44,28116.51,481567.22,Month-to-Month,Bank Transfer,11,49.71,No
C04210,33.0,Female,Batticaloa,15,7507.04,932643.15,Month-to-Month,Cash,5,62.01,No
C04211,19.0,Female,Negombo,51,17793.97,625703.45,Month-to-Month,Online Payment,8,167.79,No
C04212,57.0,Male,Kandy,53,25999.42,1087525.24,Month-to-Month,Cash,8,105.51,No
C04213,34.0,Male,Kandy,34,45282.89,1470546.59,Month-to-Month,Cash,6,193.53,No
C04214,51.0,Female,Batticaloa,8,5009.34,2877344.78,Two Year,Cash,6,127.19,No
C04215,59.0,Female,Negombo,70,33761.77,2878591.07,Two Year,Credit Card,3,243.67,Yes
C04216,33.0,Male,Colombo,21,1689.98,2309917.62,Two Year,Cash,6,130.04,No
C04217,55.0,Male,Negombo,7,31865.52,2940520.16,One Year,Online Payment,9,172.13,No
C04218,19.0,Male,Galle,56,28025.09,2994057.37,Month-to-Month,Cash,4,97.0,No
C04219,19.0,Male,Batticaloa,49,40781.46,2656343.96,Month-to-Month,Online Payment,10,211.51,No
C04220,43.0,Male,Negombo,42,27051.46,243113.23,Two Year,Credit Card,9,196.77,No
C04221,30.0,Female,Colombo,23,18278.21,1281002.09,One Year,Bank Transfer,4,119.7,Yes
C04222,64.0,Female,Negombo,52,12894.79,1604689.34,One Year,Online Payment,0,83.53,No
C04223,-5.0,Female,Kandy,53,5177.24,376627.34,Two Year,Cash,1,184.62,No
C04224,51.0,Female,Jaffna,16,27196.02,2426848.73,Month-to-Month,Online Payment,8,283.0,No
C04225,56.0,Male,Kandy,37,44527.77,450306.83,One Year,Cash,1,40.66,No
C04226,20.0,Male,Kurunegala,18,26222.48,1153069.68,Month-to-Month,Bank Transfer,9,239.94,No
C04227,25.0,Male,Jaffna,20,37216.04,211391.98,One Year,Online Payment,10,163.35,No
C04228,40.0,Female,Kurunegala,46,15623.31,1576156.3,Month-to-Month,Cash,11,158.14,No
C04229,31.0,Male,Negombo,2,22958.41,1793139.13,One Year,Online Payment,1,288.54,No
C04230,44.0,Male,Galle,63,16905.56,2206854.67,Month-to-Month,Bank Transfer,14,182.16,No
C04231,46.0,Female,Negombo,3,6354.04,1021687.16,Month-to-Month,Bank Transfer,8,249.32,Yes
C04232,56.0,Female,Colombo,46,21432.44,1773641.84,Month-to-Month,Bank Transfer,2,154.83,No
C04233,70.0,Female,Negombo,49,38450.07,2203771.28,Two Year,Online Payment,1,75.71,Yes
C04234,56.0,Male,Jaffna,1,20353.77,2287295.27,Month-to-Month,Online Payment,6,208.65,No
C04235,18.0,Male,Kandy,22,32858.78,908417.33,Month-to-Month,Cash,11,277.03,No
C04236,34.0,Female,Galle,14,38172.16,207773.27,One Year,Bank Transfer,8,252.53,Yes
C04237,58.0,Female,Kurunegala,45,16814.08,117670.34,One Year,Cash,10,60.31,No
C04238,47.0,Male,Negombo,6,40078.21,2305340.55,Two Year,Online Payment,12,95.75,Yes
C04239,70.0,Female,Negombo,65,17607.36,1159389.56,One Year,Credit Card,5,155.55,No
C04240,30.0,Male,Kandy,21,13549.25,406158.28,Month-to-Month,Bank Transfer,11,171.91,No
C04241,38.0,Female,Galle,4,11899.86,557544.36,Two Year,Cash,15,58.95,No
C04242,36.0,Female,Batticaloa,3,10795.3,2299620.67,Two Year,Bank Transfer,6,69.77,No
C04243,70.0,Female,Kurunegala,30,37119.08,1798711.49,Two Year,Cash,12,227.89,No
C04244,36.0,Male,Negombo,31,44487.95,1506702.48,Month-to-Month,Cash,12,219.36,Yes
C04245,42.0,Male,Negombo,34,12301.78,1870907.72,Month-to-Month,Credit Card,2,251.92,No
C04246,39.0,Female,Batticaloa,20,5176.77,416811.16,One Year,Online Payment,10,279.95,No
C04247,48.0,Male,Kurunegala,54,16374.58,960531.52,One Year,Bank Transfer,2,93.17,No
C04248,34.0,Female,Jaffna,25,33234.51,1125320.23,One Year,Online Payment,14,258.02,Yes
C04249,40.0,Female,Jaffna,15,19057.48,946920.82,Two Year,Cash,7,200.14,Yes
C04250,49.0,Male,Colombo,38,27909.65,2593926.85,Month-to-Month,Online Payment,6,287.37,No
C04251,27.0,Male,Kandy,23,37470.94,1746356.33,One Year,Credit Card,4,82.35,No
C04252,27.0,Male,Galle,52,21015.45,2189317.62,Month-to-Month,Online Payment,5,81.63,No
C04253,53.0,Male,Negombo,66,49985.05,713934.74,Two Year,Cash,8,211.58,No
C04254,25.0,Female,Kurunegala,57,15599.51,795901.74,Month-to-Month,Cash,2,278.59,No
C04255,69.0,Male,Negombo,57,48934.17,679881.27,Month-to-Month,Credit Card,11,247.54,No
C04256,37.0,Male,Colombo,52,10948.45,2065498.84,Two Year,Bank Transfer,2,218.38,No
C04257,49.0,Female,Kurunegala,35,6435.66,1050377.78,One Year,Credit Card,13,116.81,No
C04258,67.0,Female,Kurunegala,14,37790.7,1218226.98,Month-to-Month,Bank Transfer,10,215.61,Yes
C04259,31.0,Female,Negombo,14,35413.17,2128819.22,Month-to-Month,Cash,5,240.53,No
C04260,67.0,Female,Kandy,33,40747.3,2915537.11,Two Year,Online Payment,10,226.23,No
C04261,45.0,Male,Colombo,52,17835.93,489816.56,Month-to-Month,Cash,7,203.37,No
C04262,63.0,Male,Kandy,1,46609.58,192715.42,Month-to-Month,Credit Card,4,15.09,No
C04263,69.0,Female,Colombo,34,6854.59,588563.57,Month-to-Month,Credit Card,13,198.25,No
C04264,70.0,Female,Negombo,19,2483.58,2206207.25,Two Year,Online Payment,0,144.01,No
C04265,41.0,Male,Colombo,24,15727.63,587908.74,Month-to-Month,Credit Card,2,288.51,Yes
C04266,32.0,Male,Jaffna,4,40068.9,1755135.45,Two Year,Cash,12,182.55,No
C04267,39.0,Male,Kurunegala,36,33976.13,1772998.03,One Year,Online Payment,7,182.86,No
C04268,47.0,Male,Galle,58,22374.23,886797.19,Month-to-Month,Bank Transfer,3,298.22,No
C04269,21.0,Male,Negombo,32,13556.43,210835.21,Two Year,Credit Card,8,28.98,No
C04270,30.0,Female,Batticaloa,9,3904.37,1200605.55,Two Year,Bank Transfer,12,83.62,No
C04271,40.0,Female,Galle,67,17537.77,564422.34,Month-to-Month,Online Payment,15,197.17,No
C04272,25.0,Female,Negombo,20,23540.97,557497.26,Two Year,Credit Card,5,95.26,Yes
C04273,35.0,Female,Galle,62,34664.17,1570153.67,One Year,Online Payment,9,104.5,No
C04274,29.0,Male,Jaffna,58,32652.63,2020997.81,One Year,Credit Card,3,267.9,Yes
C04275,48.0,Female,Galle,22,47419.9,230868.08,One Year,Credit Card,3,174.23,Yes
C04276,200.0,Male,Colombo,67,5919.4,1737072.59,One Year,Credit Card,9,31.76,Yes
C04277,51.0,Male,Galle,48,17480.67,742373.92,Two Year,Online Payment,4,93.95,Yes
C04278,,Male,Negombo,8,24597.33,2021527.69,Two Year,Online Payment,12,23.74,No
C04279,51.0,Male,Batticaloa,15,33864.09,2431596.43,One Year,Cash,6,167.28,No
C04280,28.0,Male,Batticaloa,32,25277.13,2422005.84,One Year,Cash,13,52.81,Yes
C04281,58.0,Male,Kandy,53,45725.15,1112734.77,One Year,Online Payment,11,257.28,No
C04282,29.0,Male,Kurunegala,67,30824.94,1703972.67,One Year,Online Payment,6,173.62,No
C04283,66.0,Female,Galle,4,2943.61,2382117.08,One Year,Credit Card,12,18.75,No
C04284,32.0,Male,Batticaloa,30,6569.14,187126.73,Two Year,Cash,9,90.96,No
C04285,48.0,Female,Galle,13,37921.28,1818844.89,One Year,Cash,6,185.28,No
C04286,66.0,Female,Kurunegala,21,36073.6,2510383.34,One Year,Online Payment,4,101.31,No
C04287,46.0,Male,Batticaloa,41,8521.35,1120209.21,Month-to-Month,Cash,11,154.44,Yes
C04288,43.0,Male,Kurunegala,19,3886.52,1368947.3,Two Year,Online Payment,12,272.9,No
C04289,35.0,Female,Galle,48,29357.17,2097690.57,One Year,Cash,8,105.66,No
C04290,0.0,Female,Negombo,63,32151.2,208314.71,Two Year,Bank Transfer,1,101.43,No
C04291,39.0,Female,Galle,20,7629.68,1159979.7,Month-to-Month,Bank Transfer,7,246.11,No
C04292,55.0,Female,Kurunegala,64,24207.35,890653.76,Month-to-Month,Cash,9,96.31,No
C04293,34.0,Male,Negombo,37,15985.74,55897.78,One Year,Online Payment,7,24.31,Yes
C04294,40.0,Male,Negombo,31,46633.98,591938.12,One Year,Bank Transfer,2,55.1,No
C04295,41.0,Male,Kandy,18,11740.79,1190671.28,One Year,Credit Card,4,284.69,Yes
C04296,67.0,Female,Batticaloa,20,36929.78,596298.98,One Year,Online Payment,13,280.05,No
C04297,25.0,Male,Colombo,11,26388.56,1809182.96,Month-to-Month,Bank Transfer,7,68.22,No
C04298,58.0,Female,Negombo,44,1564.53,1348714.56,Two Year,Credit Card,9,166.5,No
C04299,23.0,Male,Kurunegala,64,26332.93,123246.48,One Year,Bank Transfer,12,42.07,No
C04300,22.0,Female,Batticaloa,34,5874.14,828745.59,Two Year,Bank Transfer,8,202.73,Yes
C04301,61.0,Male,Jaffna,65,33294.05,63332.93,One Year,Credit Card,6,56.41,No
C04302,46.0,Male,Galle,55,28710.65,1077614.86,One Year,Credit Card,3,15.89,No
C04303,45.0,Female,Kurunegala,1,1510.93,781034.5,Month-to-Month,Cash,3,247.64,No
C04304,28.0,Female,Jaffna,38,11029.95,2066119.41,One Year,Bank Transfer,2,98.29,No
C04305,18.0,Female,Kurunegala,9,39035.03,925683.74,One Year,Credit Card,10,33.45,Yes
C04306,60.0,Female,Galle,71,14512.86,1128600.2,One Year,Cash,7,250.34,No
C04307,36.0,Female,Kandy,17,25464.89,2177375.13,Month-to-Month,Credit Card,15,228.96,No
C04308,26.0,Male,Kurunegala,52,16287.93,1445348.44,Two Year,Cash,5,205.44,Yes
C04309,44.0,Female,Negombo,18,46154.82,1671580.86,Month-to-Month,Cash,15,273.46,No
C04310,51.0,Male,Colombo,63,27292.27,2524833.26,One Year,Credit Card,9,147.28,Yes
C04311,61.0,Male,Negombo,33,35112.5,624630.47,One Year,Credit Card,5,39.29,Yes
C04312,21.0,Male,Galle,4,5090.33,2967610.66,One Year,Bank Transfer,9,19.34,No
C04313,53.0,Male,Kurunegala,52,2976.46,2700814.75,Two Year,Bank Transfer,9,96.21,Yes
C04314,35.0,Male,Colombo,9,13702.18,863225.72,Two Year,Cash,8,26.96,No
C04315,0.0,Female,Negombo,64,16147.58,2679350.56,One Year,Credit Card,10,161.12,No
C04316,68.0,Female,Colombo,30,34696.35,2263098.69,One Year,Bank Transfer,2,5.34,No
C04317,30.0,Male,Galle,8,28887.39,2792615.63,Two Year,Cash,3,133.69,No
C04318,36.0,Male,Kandy,5,19354.4,2074949.89,Month-to-Month,Bank Transfer,2,54.36,No
C04319,66.0,Female,Kandy,63,33051.76,2025059.76,Month-to-Month,Cash,2,111.11,Yes
C04320,23.0,Female,Kurunegala,1,9014.72,15375.91,Two Year,Bank Transfer,0,202.84,No
C04321,65.0,Male,Negombo,15,4111.0,1426461.53,Two Year,Credit Card,13,105.94,No
C04322,29.0,Female,Jaffna,38,42870.75,604804.48,One Year,Online Payment,9,103.06,Yes
C04323,68.0,Female,Galle,42,,975623.97,Two Year,Online Payment,5,297.23,No
C04324,54.0,Female,Negombo,46,32805.67,2936552.82,Two Year,Cash,14,215.93,No
C04325,34.0,Male,Negombo,53,16054.87,261078.36,One Year,Online Payment,14,154.64,No
C04326,40.0,Female,Kandy,26,19225.79,2168846.98,Two Year,Online Payment,15,174.23,Yes
C04327,43.0,Male,Kurunegala,61,5036.0,522969.8,One Year,Cash,8,186.43,Yes
C04328,46.0,Male,Colombo,67,42992.42,27167.01,Month-to-Month,Online Payment,4,8.35,Yes
C04329,50.0,Male,Galle,54,30029.53,1506749.03,Month-to-Month,Bank Transfer,11,25.0,No
C04330,44.0,Male,Colombo,22,5097.76,487839.82,Month-to-Month,Bank Transfer,11,195.11,No
C04331,42.0,Male,Batticaloa,26,40421.95,2896571.44,One Year,Bank Transfer,11,109.98,No
C04332,27.0,Female,Batticaloa,60,22761.65,615071.73,Month-to-Month,Credit Card,13,17.58,No
C04333,64.0,Male,Galle,39,38489.97,580145.65,Month-to-Month,Bank Transfer,9,89.96,No
C04334,40.0,Male,Kurunegala,36,1618.37,101339.94,One Year,Online Payment,1,39.95,No
C04335,38.0,Male,Jaffna,21,2408.25,992809.82,One Year,Online Payment,9,274.98,No
C04336,38.0,Female,Batticaloa,41,9368.36,77214.47,Month-to-Month,Bank Transfer,3,61.67,No
C04337,60.0,Female,Kandy,48,11334.91,1499165.47,Month-to-Month,Credit Card,15,43.96,No
C04338,30.0,Female,Jaffna,26,38433.82,1519303.88,Month-to-Month,Bank Transfer,11,188.22,No
C04339,54.0,Female,Negombo,63,35628.01,164463.64,Two Year,Credit Card,5,157.05,No
C04340,50.0,Female,Batticaloa,36,31188.32,723986.52,One Year,Credit Card,13,173.2,Yes
C04341,41.0,Female,Kandy,24,44358.09,2497158.92,One Year,Bank Transfer,6,131.35,No
C04342,61.0,Female,Negombo,21,13110.29,1390321.59,One Year,Credit Card,11,140.68,No
C04343,28.0,Male,Jaffna,18,45315.84,1306657.07,One Year,Online Payment,12,233.86,No
C04344,34.0,Male,Galle,15,45564.08,2097836.96,Month-to-Month,Bank Transfer,12,66.76,No
C04345,21.0,Female,Negombo,6,22278.73,2146071.42,One Year,Online Payment,6,119.56,No
C04346,64.0,Male,Colombo,43,5624.92,2287077.99,Two Year,Credit Card,13,287.39,No
C04347,42.0,Male,Galle,31,36601.44,2492294.56,Two Year,Cash,3,57.81,No
C04348,47.0,Female,Galle,28,17509.5,700590.69,Month-to-Month,Bank Transfer,9,88.84,No
C04349,26.0,Male,Jaffna,8,39951.55,203809.92,Month-to-Month,Cash,9,58.28,No
C04350,38.0,Male,Jaffna,29,9020.82,1143893.31,One Year,Cash,4,7.13,No
C04351,37.0,Female,Kandy,21,27436.24,2566018.24,Month-to-Month,Cash,12,81.68,No
C04352,36.0,Male,Kandy,58,25895.61,238695.85,Month-to-Month,Cash,3,14.89,No
C04353,36.0,Female,Colombo,60,5915.41,1729981.63,Month-to-Month,Online Payment,11,47.25,No
C04354,29.0,Female,Galle,50,18803.31,2104743.43,Two Year,Bank Transfer,9,109.44,Yes
C04355,54.0,Male,Kurunegala,31,5153.01,1446814.6,One Year,Online Payment,5,7.2,Yes
C04356,59.0,Male,Colombo,47,23772.28,769250.45,Month-to-Month,Credit Card,10,226.13,No
C04357,,Male,Colombo,34,42302.32,982296.9,One Year,Bank Transfer,13,238.88,Yes
C04358,54.0,Female,Kurunegala,2,14240.03,219598.03,One Year,Bank Transfer,6,124.01,No
C04359,65.0,Female,Kurunegala,67,38478.24,881287.72,One Year,Online Payment,1,295.42,Yes
C04360,56.0,Female,Kurunegala,72,9987.94,137912.13,Two Year,Credit Card,13,204.02,No
C04361,45.0,Male,Jaffna,52,34013.01,2180343.37,One Year,Cash,9,223.37,No
C04362,58.0,Male,Colombo,7,45861.33,2694495.86,One Year,Credit Card,11,58.5,No
C04363,52.0,Female,Colombo,19,16872.48,1902371.82,Month-to-Month,Online Payment,15,251.39,No
C04364,64.0,Male,Negombo,15,45120.17,1971826.15,Month-to-Month,Online Payment,15,283.57,Yes
C04365,65.0,Male,Kurunegala,48,25765.63,1419066.3,Two Year,Online Payment,2,71.66,No
C04366,35.0,Female,Kurunegala,14,16523.45,472329.17,One Year,Cash,10,206.25,No
C04367,31.0,Female,Kandy,3,44928.9,28136.8,Two Year,Bank Transfer,7,224.34,No
C04368,52.0,Male,Kandy,50,2569.83,1035208.11,One Year,Credit Card,6,92.25,Yes
C04369,61.0,Female,Galle,54,2372.92,2255708.23,Two Year,Credit Card,11,143.03,No
C04370,58.0,Male,Kandy,6,30391.65,2881492.58,One Year,Cash,0,30.16,Yes
C04371,24.0,Female,Batticaloa,49,40040.79,1296099.35,Month-to-Month,Online Payment,3,52.76,No
C04372,58.0,Female,Galle,23,37825.77,1099346.08,Two Year,Credit Card,4,19.41,No
C04373,30.0,Female,Kurunegala,20,4894.01,1340645.73,Month-to-Month,Bank Transfer,13,168.49,No
C04374,35.0,Male,Negombo,60,47562.31,1286185.81,One Year,Credit Card,2,187.95,No
C04375,54.0,Male,Kandy,45,35450.11,1879510.1,Two Year,Online Payment,14,274.92,Yes
C04376,30.0,Female,Negombo,61,47506.49,2203771.45,Month-to-Month,Credit Card,3,163.11,No
C04377,53.0,Female,Kandy,56,17125.79,2355949.28,Month-to-Month,Online Payment,9,78.92,No
C04378,48.0,Female,Kandy,2,35003.02,1950566.4,Month-to-Month,Bank Transfer,9,18.78,No
C04379,19.0,Male,Negombo,45,43137.0,1315983.26,One Year,Cash,13,265.6,No
C04380,33.0,Female,Colombo,40,19642.75,2850560.75,Two Year,Online Payment,9,144.18,No
C04381,26.0,Female,Colombo,24,48278.14,2134503.99,Month-to-Month,Online Payment,6,221.46,No
C04382,26.0,Female,Colombo,29,13984.65,1282840.83,One Year,Credit Card,7,5.38,No
C04383,55.0,Female,Batticaloa,67,,1342512.42,One Year,Cash,11,146.95,No
C04384,28.0,Male,Colombo,68,46096.1,2454852.65,One Year,Online Payment,8,98.39,Yes
C04385,39.0,Male,Kandy,66,48513.33,1324419.96,Two Year,Credit Card,14,10.07,No
C04386,50.0,Female,Kurunegala,54,14974.59,1551239.5,One Year,Bank Transfer,12,232.93,No
C04387,53.0,Male,Jaffna,53,7683.11,878199.11,One Year,Cash,1,154.36,No
C04388,62.0,Male,Negombo,49,38193.72,2517549.93,Two Year,Credit Card,3,100.62,No
C04389,40.0,Male,Kurunegala,32,,1569245.01,Two Year,Cash,0,241.93,No
C04390,62.0,Female,Jaffna,61,30434.97,1659845.14,One Year,Online Payment,2,134.63,No
C04391,62.0,Male,Kurunegala,42,32091.43,2642622.83,One Year,Credit Card,7,2.05,No
C04392,51.0,Male,Batticaloa,1,38384.22,2761949.22,Month-to-Month,Bank Transfer,6,283.39,No
C04393,26.0,Male,Jaffna,63,8501.16,2473460.42,Two Year,Bank Transfer,15,77.45,No
C04394,41.0,Female,Galle,35,48699.98,200784.39,Two Year,Credit Card,14,249.34,No
C04395,25.0,Female,Colombo,51,18852.14,1333309.76,Month-to-Month,Credit Card,14,245.11,No
C04396,24.0,Male,Batticaloa,71,31783.78,1033276.16,One Year,Cash,7,49.55,No
C04397,53.0,Male,Kurunegala,45,23962.19,644476.77,One Year,Credit Card,14,142.73,No
C04398,35.0,Female,Kandy,65,23940.87,2727316.86,One Year,Cash,10,13.02,No
C04399,20.0,Female,Colombo,14,35434.47,2670756.53,One Year,Online Payment,5,107.01,No
C04400,45.0,Male,Colombo,3,49738.45,1398567.16,Month-to-Month,Credit Card,15,219.56,No
C04401,23.0,Male,Jaffna,24,33293.93,408009.75,Two Year,Online Payment,4,71.88,No
C04402,61.0,Female,Galle,65,39908.9,45030.03,Two Year,Bank Transfer,11,36.02,No
C04403,61.0,Female,Colombo,48,2353.19,1318208.91,One Year,Cash,11,152.63,Yes
C04404,38.0,Male,Kurunegala,10,40710.94,124665.67,Month-to-Month,Cash,9,161.56,Yes
C04405,45.0,Female,Kurunegala,13,15698.82,1830620.05,One Year,Bank Transfer,8,203.07,No
C04406,57.0,Male,Negombo,14,7208.39,1827184.57,One Year,Online Payment,4,227.98,No
C04407,18.0,Male,Negombo,10,6553.37,2697323.65,Month-to-Month,Cash,8,209.05,No
C04408,53.0,Male,Colombo,40,34313.87,574197.14,Month-to-Month,Bank Transfer,14,253.78,No
C04409,38.0,Female,Jaffna,23,49883.22,1117325.76,Two Year,Bank Transfer,14,67.65,No
C04410,60.0,Male,Jaffna,55,33643.56,2579338.44,Two Year,Bank Transfer,14,171.36,No
C04411,52.0,Male,Kandy,63,13855.06,1425518.02,One Year,Credit Card,12,108.67,No
C04412,30.0,Female,Batticaloa,71,10961.99,183871.25,One Year,Online Payment,3,288.67,No
C04413,66.0,Female,Batticaloa,42,26771.9,336797.82,Two Year,Bank Transfer,11,132.64,No
C04414,27.0,Male,Batticaloa,66,4186.93,2441296.44,Month-to-Month,Online Payment,4,287.95,No
C04415,70.0,Male,Galle,47,20567.21,2232373.8,One Year,Cash,0,230.95,No
C04416,61.0,Female,Jaffna,52,33645.51,2628265.14,One Year,Credit Card,5,215.82,No
C04417,64.0,Female,Kandy,18,48415.45,360989.19,Month-to-Month,Bank Transfer,2,147.98,No
C04418,70.0,Female,Negombo,18,21857.02,2282448.15,One Year,Bank Transfer,10,133.57,No
C04419,27.0,Male,Kurunegala,24,10810.97,1967037.57,Month-to-Month,Bank Transfer,14,158.44,No
C04420,63.0,Male,Batticaloa,23,41050.76,700718.26,Two Year,Cash,9,88.8,No
C04421,30.0,Male,Negombo,12,37465.78,2921843.63,Two Year,Credit Card,1,271.45,No
C04422,54.0,Female,Negombo,23,43125.49,1713212.68,Two Year,Online Payment,5,238.5,Yes
C04423,55.0,Male,Colombo,21,11521.22,2721099.54,Two Year,Online Payment,0,240.62,No
C04424,41.0,Female,Galle,64,-500.0,2577983.94,Two Year,Online Payment,13,130.51,No
C04425,19.0,Male,Kandy,72,49096.17,1002710.75,One Year,Online Payment,11,22.26,Yes
C04426,39.0,Female,Galle,34,8744.07,1610190.8,Two Year,Online Payment,8,205.24,No
C04427,34.0,Male,Colombo,2,33901.09,1296948.06,One Year,Online Payment,4,112.95,No
C04428,53.0,Male,Kandy,69,12622.04,2128687.32,One Year,Online Payment,6,261.26,Yes
C04429,31.0,Female,Kandy,31,25507.79,1766185.8,Month-to-Month,Credit Card,10,234.32,No
C04430,27.0,Female,Jaffna,68,40224.97,2355636.33,One Year,Credit Card,9,44.45,No
C04431,52.0,Male,Galle,70,24940.72,40198.02,One Year,Cash,15,180.91,No
C04432,42.0,Female,Galle,19,40468.6,2064940.82,Two Year,Bank Transfer,8,207.97,No
C04433,20.0,Female,Jaffna,72,21890.41,960600.14,Two Year,Credit Card,8,170.87,No
C04434,64.0,Male,,13,49968.29,676545.31,Month-to-Month,Bank Transfer,12,154.7,Yes
C04435,55.0,Female,Colombo,65,22355.58,2404717.89,Month-to-Month,Cash,6,69.13,No
C04436,34.0,Male,Galle,6,8319.59,272217.53,One Year,Credit Card,14,71.54,No
C04437,29.0,Male,Jaffna,71,20691.61,689237.84,Month-to-Month,Cash,3,230.63,No
C04438,69.0,Female,Kurunegala,27,37387.07,615184.35,Two Year,Credit Card,14,6.59,No
C04439,41.0,Female,Kandy,52,42548.95,1262377.21,Two Year,Credit Card,3,233.89,Yes
C04440,46.0,Male,Batticaloa,48,23545.06,970398.67,Two Year,Online Payment,6,158.51,No
C04441,60.0,Male,Kurunegala,68,30129.37,2162802.61,One Year,Bank Transfer,7,280.93,No
C04442,42.0,Male,Jaffna,44,42399.61,2099612.79,One Year,Cash,6,299.2,Yes
C04443,53.0,Male,Batticaloa,17,40863.76,979785.32,Month-to-Month,Online Payment,10,199.38,No
C04444,43.0,Male,Negombo,38,33228.47,1313757.42,Two Year,Credit Card,13,124.26,Yes
C04445,55.0,Male,Colombo,10,40936.33,627685.01,One Year,Credit Card,13,143.05,Yes
C04446,18.0,Female,Batticaloa,54,29219.63,2014150.53,One Year,Cash,9,62.06,Yes
C04447,37.0,Female,Negombo,6,1227.76,1191687.11,Month-to-Month,Bank Transfer,3,30.67,No
C04448,45.0,Female,Batticaloa,6,3022.07,402814.18,Two Year,Cash,3,174.05,No
C04449,,Male,Kandy,52,49010.61,386160.15,Two Year,Credit Card,7,241.84,Yes
C04450,64.0,Female,Kandy,15,8104.61,970350.43,Month-to-Month,Online Payment,11,79.27,No
C04451,34.0,Male,Kandy,68,20821.3,2243238.46,Month-to-Month,Cash,13,126.48,Yes
C04452,57.0,Male,colombo,57,46756.75,81385.49,Month-to-Month,Online Payment,8,166.88,No
C04453,45.0,Female,Jaffna,56,10556.93,777035.21,Month-to-Month,Bank Transfer,6,272.46,Yes
C04454,29.0,Male,Kandy,7,42345.78,491646.05,Two Year,Bank Transfer,14,42.45,No
C04455,44.0,Male,Kurunegala,51,,2869651.07,Two Year,Online Payment,11,71.83,No
C04456,70.0,Male,Kandy,58,49330.15,2117318.4,Month-to-Month,Bank Transfer,13,275.64,No
C04457,59.0,Male,Kurunegala,64,14802.41,703531.89,One Year,Online Payment,12,12.82,Yes
C04458,64.0,Male,Jaffna,26,16450.94,626344.45,One Year,Online Payment,13,197.18,No
C04459,47.0,Male,Kandy,58,45241.02,2574801.48,Two Year,Online Payment,2,192.22,No
C04460,58.0,Female,Negombo,31,12469.87,574728.96,Two Year,Bank Transfer,11,115.59,No
C04461,51.0,Male,Negombo,66,27847.15,2991192.3,Month-to-Month,Online Payment,15,140.98,No
C04462,54.0,Male,Galle,13,35659.9,850497.84,One Year,Bank Transfer,9,256.62,No
C04463,23.0,Male,Negombo,18,14322.33,257576.48,Two Year,Online Payment,15,50.33,Yes
C04464,24.0,Male,Colombo,13,46982.23,2074370.97,One Year,Online Payment,0,70.24,No
C04465,49.0,Female,Colombo,24,33619.18,1830880.16,Month-to-Month,Bank Transfer,14,154.19,No
C04466,49.0,Female,Colombo,57,0.0,2999467.39,Two Year,Online Payment,4,123.51,No
C04467,70.0,Male,Jaffna,29,7651.14,2407246.8,Two Year,Online Payment,5,172.74,Yes
C04468,42.0,Male,Negombo,56,10348.3,1289365.42,One Year,Bank Transfer,10,276.33,Yes
C04469,50.0,Male,Kurunegala,54,13002.91,2031451.29,One Year,Credit Card,8,275.21,No
C04470,24.0,Female,Colombo,5,36803.19,2454459.11,Two Year,Cash,4,69.78,No
C04471,69.0,Female,Galle,35,5357.83,1543610.94,One Year,Bank Transfer,0,91.34,No
C04472,29.0,Female,Jaffna,19,18179.14,822249.99,One Year,Online Payment,10,49.46,Yes
C04473,33.0,Female,Galle,55,45657.78,634266.4,Month-to-Month,Cash,10,278.41,Yes
C04474,33.0,Male,Negombo,69,28276.72,889367.9,One Year,Cash,3,119.96,No
C04475,60.0,Female,Kandy,44,14009.33,2544966.0,Two Year,Online Payment,1,135.46,No
C04476,70.0,Female,Galle,38,47895.76,1144394.96,Month-to-Month,Online Payment,3,240.99,No
C04477,53.0,Male,Kandy,62,12971.48,863559.15,Two Year,Credit Card,13,154.38,No
C04478,30.0,Male,Jaffna,22,45349.88,2418632.25,Month-to-Month,Online Payment,6,36.81,No
C04479,24.0,Female,Galle,40,36562.71,100601.42,Month-to-Month,Cash,8,131.92,No
C04480,53.0,Female,Galle,26,37285.53,1783905.02,One Year,Online Payment,11,189.53,Yes
C04481,64.0,Female,Batticaloa,5,38482.03,2621527.25,One Year,Cash,2,216.04,No
C04482,,Female,Jaffna,54,25821.9,1233200.83,Two Year,Bank Transfer,2,193.96,No
C04483,26.0,Male,Jaffna,49,40914.36,811607.89,One Year,Bank Transfer,10,36.64,No
C04484,49.0,Male,Colombo,3,41973.46,1477668.66,Month-to-Month,Cash,3,92.0,Yes
C04485,28.0,Female,Negombo,38,18663.85,2153844.12,One Year,Bank Transfer,6,220.34,No
C04486,25.0,Female,Galle,14,20616.88,1552233.66,Two Year,Credit Card,5,264.18,No
C04487,50.0,Female,Galle,47,44549.08,27878.79,Month-to-Month,Cash,13,15.11,No
C04488,40.0,Female,Kurunegala,14,26711.73,239582.05,Two Year,Cash,4,13.63,No
C04489,42.0,Female,Jaffna,38,43480.23,2165378.63,One Year,Online Payment,3,193.38,No
C04490,25.0,Male,Jaffna,64,31711.7,1202854.25,Month-to-Month,Credit Card,11,164.87,No
C04491,62.0,Male,Negombo,44,30084.82,2355403.61,Two Year,Online Payment,7,47.45,No
C04492,39.0,Male,Jaffna,70,2518.07,1950222.29,One Year,Credit Card,11,164.94,Yes
C04493,21.0,Female,Kandy,65,14616.83,1746639.92,One Year,Credit Card,3,292.37,No
C04494,57.0,Female,Kandy,25,25600.82,2704618.63,Two Year,Credit Card,2,189.64,No
C04495,20.0,Male,Batticaloa,16,29778.54,68859.61,Month-to-Month,Cash,6,135.29,No
C04496,46.0,Male,Kandy,15,31891.29,469327.91,Two Year,Bank Transfer,1,248.43,No
C04497,58.0,Female,Kandy,3,36094.92,1875005.99,One Year,Bank Transfer,3,64.63,No
C04498,46.0,Male,Negombo,67,33155.44,202155.0,Two Year,Online Payment,7,124.88,Yes
C04499,51.0,Female,Galle,37,,1936686.6,One Year,Online Payment,3,158.8,No
C04500,51.0,Female,Kandy,55,15478.05,2952442.63,Month-to-Month,Bank Transfer,9,151.86,Yes
C04501,45.0,Male,Batticaloa,38,32436.93,2637030.26,Two Year,Bank Transfer,15,276.37,Yes
C04502,30.0,Male,Jaffna,63,3506.82,1774796.19,Month-to-Month,Credit Card,11,88.51,No
C04503,32.0,Male,Kandy,1,24529.31,2682460.14,Two Year,Online Payment,6,17.89,No
C04504,40.0,Female,Batticaloa,71,14133.62,353223.11,One Year,Online Payment,1,275.0,No
C04505,61.0,Female,Negombo,19,19663.47,1366809.02,Month-to-Month,Online Payment,10,65.9,No
C04506,43.0,Male,Kurunegala,52,18378.47,1288884.97,One Year,Online Payment,4,114.33,Yes
C04507,21.0,Female,Kurunegala,30,3961.1,1012660.52,Two Year,Bank Transfer,11,159.74,No
C04508,43.0,Female,Kurunegala,55,23865.64,5603.19,One Year,Bank Transfer,12,292.79,Yes
C04509,57.0,Female,Jaffna,14,49736.84,2673631.91,Two Year,Cash,3,161.05,Yes
C04510,26.0,Male,Batticaloa,13,15647.87,2334231.3,Month-to-Month,Cash,8,134.88,No
C04511,22.0,Female,Kandy,27,37071.15,1960308.26,One Year,Bank Transfer,6,175.51,Yes
C04512,49.0,Male,Galle,9,27841.63,391255.7,One Year,Credit Card,13,291.27,No
C04513,37.0,Male,Jaffna,41,16936.04,1137724.38,Two Year,Bank Transfer,8,245.57,Yes
C04514,67.0,Female,Jaffna,48,5390.75,2773359.36,Two Year,Credit Card,10,51.52,No
C04515,28.0,Male,Kurunegala,12,11577.04,1852704.17,Two Year,Online Payment,12,241.17,No
C04516,32.0,Female,Galle,10,39310.82,1812214.56,Month-to-Month,Cash,12,252.49,No
C04517,49.0,Male,Kurunegala,6,14671.99,2739814.09,One Year,Credit Card,9,207.52,No
C04518,45.0,Male,Jaffna,34,8070.82,1681702.01,Two Year,Online Payment,6,197.51,No
C04519,39.0,Female,Kandy,52,17233.62,1794881.63,Two Year,Bank Transfer,1,132.82,No
C04520,58.0,Male,Kurunegala,41,29618.1,1040418.5,One Year,Cash,11,192.87,No
C04521,34.0,Male,Kurunegala,6,35469.7,1117465.58,Month-to-Month,Bank Transfer,1,221.53,No
C04522,43.0,Male,Kurunegala,2,19980.88,2058392.55,One Year,Online Payment,1,37.72,Yes
C04523,61.0,Female,Jaffna,15,25409.21,964703.47,Two Year,Online Payment,4,77.94,No
C04524,24.0,Female,Kandy,17,23290.92,1679528.22,One Year,Bank Transfer,0,59.03,No
C04525,59.0,Male,Galle,16,1441.16,841194.09,Two Year,Online Payment,12,252.52,Yes
C04526,43.0,Male,Colombo,28,20384.42,502545.09,Two Year,Online Payment,6,204.32,No
C04527,42.0,Male,Galle,72,29778.67,1365935.36,One Year,Credit Card,1,135.78,No
C04528,,Female,Kandy,10,28927.29,656250.81,One Year,Bank Transfer,3,247.99,No
C04529,62.0,Female,Negombo,10,37738.61,2695990.44,Month-to-Month,Bank Transfer,8,215.32,Yes
C04530,36.0,Male,Kurunegala,10,33848.42,914320.83,Two Year,Cash,7,274.16,No
C04531,28.0,Female,Galle,28,14563.53,1794219.28,Two Year,Credit Card,9,23.97,No
C04532,30.0,Female,Negombo,24,13526.54,794008.31,Two Year,Credit Card,1,153.24,No
C04533,70.0,Female,Negombo,19,23742.95,777767.69,Two Year,Online Payment,13,212.32,No
C04534,25.0,Female,Kandy,68,36915.51,1055155.06,Two Year,Cash,15,63.04,No
C04535,57.0,Male,Kandy,56,5597.54,2748044.33,One Year,Cash,3,98.81,Yes
C04536,21.0,Female,Kurunegala,67,47468.0,1177535.73,Two Year,Credit Card,3,126.27,No
C04537,64.0,Female,Colombo,42,27614.5,2464693.08,One Year,Cash,1,238.5,No
C04538,48.0,Male,Batticaloa,12,16014.01,595907.73,Month-to-Month,Credit Card,1,148.58,No
C04539,45.0,Male,Jaffna,18,34976.17,149267.78,Two Year,Cash,4,148.37,Yes
C04540,28.0,Female,Galle,23,3191.56,2346125.37,Month-to-Month,Credit Card,10,129.84,No
C04541,60.0,Female,Kandy,6,24735.45,1627915.32,One Year,Credit Card,3,69.35,No
C04542,18.0,Male,Galle,53,24812.51,1513658.81,One Year,Online Payment,14,277.0,No
C04543,66.0,Male,Batticaloa,42,8936.79,820256.52,Month-to-Month,Online Payment,7,96.02,Yes
C04544,64.0,Male,Batticaloa,66,42032.0,221589.46,Two Year,Cash,3,170.67,No
C04545,69.0,Female,Kurunegala,30,40043.79,1451165.81,One Year,Online Payment,14,45.49,No
C04546,55.0,Female,Negombo,9,8483.89,2602342.94,One Year,Bank Transfer,14,130.84,No
C04547,41.0,Male,Kurunegala,42,18827.54,364465.93,One Year,Bank Transfer,7,271.24,No
C04548,64.0,Female,Jaffna,34,5921.05,2787866.78,One Year,Cash,13,298.64,No
C04549,48.0,Male,Colombo,40,42581.83,827813.6,One Year,Credit Card,4,109.16,No
C04550,58.0,Female,Galle,17,16842.69,1598897.95,One Year,Online Payment,15,47.04,Yes
C04551,63.0,Male,Jaffna,29,22526.5,204192.64,Month-to-Month,Cash,0,95.02,No
C04552,67.0,Male,Colombo,50,16869.73,1278014.55,Two Year,Bank Transfer,13,98.85,No
C04553,43.0,Female,Galle,49,16191.27,382064.17,Two Year,Credit Card,13,193.71,No
C04554,66.0,Female,Jaffna,61,37617.81,148681.49,Two Year,Online Payment,8,149.35,No
C04555,67.0,Female,Kandy,46,37630.75,2899840.29,Two Year,Credit Card,7,230.77,No
C04556,22.0,Female,Galle,46,26371.62,2191633.13,Month-to-Month,Credit Card,0,210.69,Yes
C04557,37.0,Female,Jaffna,17,33223.23,2158577.87,Month-to-Month,Online Payment,11,76.14,No
C04558,69.0,Female,Batticaloa,66,26071.5,276196.32,Two Year,Online Payment,2,235.49,No
C04559,58.0,Male,Colombo,5,2400.87,2788404.82,One Year,Bank Transfer,15,254.39,No
C04560,28.0,Female,Jaffna,54,4234.32,1411058.2,Two Year,Bank Transfer,2,179.92,No
C04561,50.0,Male,Kandy,16,19803.29,2557590.78,One Year,Credit Card,14,278.37,No
C04562,67.0,Male,Kurunegala,7,37737.57,42740.3,One Year,Credit Card,4,235.1,Yes
C04563,55.0,Female,Galle,8,45748.09,898128.41,Month-to-Month,Bank Transfer,6,179.02,Yes
C04564,44.0,Male,Galle,72,2455.71,2988161.13,One Year,Bank Transfer,0,271.94,No
C04565,51.0,Male,Galle,38,19033.47,1286374.94,Month-to-Month,Credit Card,0,180.51,No
C04566,32.0,Female,Kandy,54,11965.34,2666038.15,Two Year,Cash,9,156.84,No
C04567,49.0,Female,Colombo,15,40945.06,987355.05,Month-to-Month,Cash,12,107.52,No
C04568,,Female,Galle,50,42452.44,1578360.75,One Year,Cash,5,264.98,Yes
C04569,63.0,Male,Colombo,56,11114.03,2563386.1,One Year,Online Payment,13,37.7,No
C04570,22.0,Female,Jaffna,9,35830.54,1819432.58,One Year,Bank Transfer,4,142.58,No
C04571,23.0,Female,Batticaloa,8,36856.05,2176951.07,Two Year,Cash,11,161.69,No
C04572,55.0,Female,Batticaloa,19,9675.83,690355.45,Month-to-Month,Cash,11,166.87,No
C04573,39.0,Female,Colombo,51,22251.1,471891.86,Two Year,Bank Transfer,12,195.92,No
C04574,35.0,Male,Colombo,72,31396.55,694767.8,Month-to-Month,Online Payment,2,152.23,No
C04575,31.0,Female,Batticaloa,57,2277.26,1481680.7,Two Year,Cash,12,77.79,Yes
C04576,27.0,Male,Galle,68,20825.0,2403889.47,Two Year,Online Payment,2,257.23,Yes
C04577,63.0,Female,Negombo,31,8592.95,1065211.58,One Year,Online Payment,3,197.6,Yes
C04578,,Male,Negombo,3,27552.93,1696623.27,Two Year,Credit Card,14,257.6,No
C04579,48.0,Male,Kandy,43,42302.96,2415413.32,Two Year,Bank Transfer,12,83.54,No
C04580,47.0,Male,Kurunegala,29,26712.94,720135.52,Month-to-Month,Credit Card,10,191.48,No
C04581,20.0,Female,Batticaloa,10,2763.2,2649512.33,Two Year,Cash,9,214.54,No
C04582,47.0,Male,Batticaloa,12,2453.21,2859481.53,One Year,Credit Card,1,115.64,No
C04583,23.0,Female,Kandy,46,30669.65,121715.56,Two Year,Bank Transfer,12,243.86,No
C04584,46.0,Female,Negombo,30,17071.1,182037.77,Month-to-Month,Online Payment,8,1.75,Yes
C04585,25.0,Female,Jaffna,32,29060.66,277424.36,Month-to-Month,Online Payment,12,178.88,No
C04586,61.0,Female,Galle,47,9018.22,2331421.38,Two Year,Cash,11,184.46,No
C04587,62.0,Female,Galle,63,39066.26,572064.15,Two Year,Bank Transfer,3,160.62,Yes
C04588,60.0,Male,Jaffna,26,43175.27,2178459.48,Month-to-Month,Online Payment,15,189.38,No
C04589,61.0,Female,Jaffna,3,44572.05,1326621.83,One Year,Cash,9,51.0,Yes
C04590,50.0,Male,Negombo,23,15899.65,2509583.75,Two Year,Bank Transfer,2,205.75,No
C04591,34.0,Male,Kandy,50,33376.03,2426623.46,One Year,Bank Transfer,9,101.4,Yes
C04592,65.0,Male,Jaffna,36,14673.08,2879189.37,One Year,Credit Card,10,136.16,No
C04593,28.0,Male,Kandy,13,38375.08,756858.36,Two Year,Online Payment,6,100.6,No
C04594,30.0,Male,Kurunegala,29,6905.73,691571.29,One Year,Bank Transfer,12,142.71,Yes
C04595,67.0,Male,Colombo,38,38375.48,99366.39,Month-to-Month,Online Payment,8,186.85,No
C04596,28.0,Male,Galle,5,22546.7,1234196.21,One Year,Online Payment,11,251.66,Yes
C04597,48.0,Female,Negombo,20,42921.93,1379894.19,Month-to-Month,Bank Transfer,12,145.55,Yes
C04598,45.0,Male,Galle,14,37207.61,2893718.93,Two Year,Online Payment,1,97.64,No
C04599,61.0,Female,Negombo,8,19449.46,2493201.96,One Year,Credit Card,13,146.89,No
C04600,23.0,Male,Colombo,48,45273.42,504541.2,Month-to-Month,Cash,5,206.95,No
C04601,58.0,Male,Galle,13,14883.52,2396475.64,Month-to-Month,Cash,4,104.66,Yes
C04602,33.0,Male,Colombo,24,48382.44,539006.35,Two Year,Bank Transfer,0,124.87,Yes
C04603,21.0,Male,Negombo,65,38592.97,237906.38,One Year,Credit Card,10,169.29,No
C04604,52.0,Female,Jaffna,34,49543.07,2512062.84,Month-to-Month,Cash,6,88.91,No
C04605,65.0,Female,Kurunegala,51,3641.33,2927998.95,Month-to-Month,Credit Card,0,63.52,Yes
C04606,43.0,Female,Galle,3,14427.77,268915.04,Two Year,Bank Transfer,9,42.98,No
C04607,29.0,Male,Colombo,58,37321.95,2442705.0,One Year,Credit Card,8,106.43,No
C04608,28.0,Male,Batticaloa,72,46190.24,2578341.88,One Year,Bank Transfer,15,15.45,Yes
C04609,54.0,Male,Galle,55,2409.77,360672.97,Month-to-Month,Cash,3,175.46,Yes
C04610,42.0,Female,Galle,42,1000.46,853344.15,One Year,Cash,13,53.6,No
C04611,35.0,Male,Galle,21,,2202313.61,One Year,Cash,7,113.84,No
C04612,36.0,Female,Kandy,10,42786.16,2424152.19,One Year,Cash,0,81.5,Yes
C04613,40.0,Female,Colombo,57,38590.5,1065152.5,One Year,Online Payment,4,189.49,No
C04614,55.0,Male,Colombo,25,17673.6,483988.55,One Year,Credit Card,2,255.25,No
C04615,35.0,Male,Galle,56,1098.55,1946791.71,One Year,Credit Card,3,190.36,No
C04616,43.0,Female,,38,28180.58,2107395.97,One Year,Credit Card,11,163.21,Yes
C04617,23.0,Female,Galle,61,12659.82,1513305.52,Month-to-Month,Bank Transfer,3,201.06,No
C04618,21.0,Female,Kandy,47,37534.84,439098.5,Month-to-Month,Cash,7,9.97,No
C04619,61.0,Male,Negombo,54,22871.13,2534237.8,One Year,Cash,9,37.73,No
C04620,68.0,Male,Kandy,46,34251.49,1937571.55,One Year,Online Payment,9,29.38,No
C04621,46.0,Male,Jaffna,68,42763.13,2608146.93,Two Year,Online Payment,12,30.36,No
C04622,51.0,Male,Galle,4,27252.23,2799242.38,Month-to-Month,Cash,15,78.88,No
C04623,34.0,Male,Colombo,66,17461.82,2418065.08,Two Year,Credit Card,2,160.08,No
C04624,60.0,Male,Kurunegala,43,38707.63,2876178.96,Month-to-Month,Credit Card,0,35.29,Yes
C04625,60.0,Female,Batticaloa,62,13994.17,2863001.95,Two Year,Cash,4,280.6,No
C04626,70.0,Female,Galle,4,44684.42,1859936.94,Two Year,Bank Transfer,1,256.42,No
C04627,33.0,Female,Jaffna,65,4499.95,2185881.44,Two Year,Credit Card,12,291.52,No
C04628,19.0,Male,Colombo,62,41937.96,2099728.56,Month-to-Month,Cash,10,13.71,No
C04629,51.0,Female,Kandy,2,5486.23,1865302.9,Month-to-Month,Cash,15,255.57,No
C04630,25.0,Male,Negombo,9,3750.71,62968.75,One Year,Online Payment,12,241.32,Yes
C04631,30.0,Male,Negombo,57,18799.59,1070940.51,Month-to-Month,Online Payment,14,270.73,No
C04632,59.0,Female,Kurunegala,45,47870.92,304734.55,Month-to-Month,Cash,13,158.86,No
C04633,25.0,Male,Galle,18,49190.82,904276.03,Month-to-Month,Bank Transfer,5,236.58,No
C04634,47.0,Female,Kandy,48,10901.45,210351.6,Month-to-Month,Cash,3,16.33,Yes
C04635,49.0,Female,Kurunegala,42,8283.24,2760494.33,One Year,Credit Card,8,23.69,No
C04636,53.0,Male,Batticaloa,41,18294.71,1356733.1,One Year,Bank Transfer,6,36.44,No
C04637,64.0,Female,Batticaloa,58,17517.26,572146.52,Month-to-Month,Bank Transfer,1,274.52,Yes
C04638,47.0,Female,Kurunegala,42,38220.05,1756413.8,Two Year,Online Payment,6,19.29,Yes
C04639,18.0,Female,Jaffna,35,22755.95,593370.55,Two Year,Cash,9,30.94,No
C04640,60.0,Female,Negombo,38,39214.3,2414298.76,Month-to-Month,Online Payment,13,279.19,Yes
C04641,56.0,Male,Kandy,67,37686.94,921227.73,One Year,Credit Card,7,33.11,No
C04642,34.0,Female,Galle,41,29337.21,948127.4,Two Year,Online Payment,2,261.06,No
C04643,37.0,Female,Colombo,50,41842.09,2610503.08,One Year,Credit Card,2,236.99,No
C04644,41.0,Female,Galle,72,10586.74,1679812.64,One Year,Cash,10,13.04,No
C04645,67.0,Male,Galle,45,8928.71,2662469.81,Two Year,Cash,1,7.53,No
C04646,39.0,Female,Kandy,71,37781.86,1241599.65,Month-to-Month,Online Payment,11,160.78,Yes
C04647,46.0,Male,COLOMBO,19,12995.06,1035063.45,One Year,Online Payment,14,299.16,No
C04648,39.0,Female,Kandy,17,1136.92,1521077.98,Two Year,Online Payment,0,263.77,No
C04649,61.0,Female,Colombo,65,45686.05,189167.56,One Year,Credit Card,2,93.7,No
C04650,26.0,Female,Kurunegala,56,31523.92,466831.31,Two Year,Bank Transfer,9,116.51,Yes
C04651,54.0,Male,Kandy,41,22801.95,662467.3,Month-to-Month,Bank Transfer,11,116.98,No
C04652,27.0,Male,Jaffna,42,36561.09,2450948.46,Month-to-Month,Online Payment,10,220.52,Yes
C04653,53.0,Male,Galle,6,17333.25,2202727.28,Month-to-Month,Online Payment,6,103.0,Yes
C04654,54.0,Male,Negombo,69,47729.64,583955.3,One Year,Cash,10,45.19,No
C04655,45.0,Male,Batticaloa,40,4362.39,833858.96,Month-to-Month,Online Payment,8,224.39,No
C04656,45.0,Male,Colombo,41,32406.46,2833064.28,Month-to-Month,Cash,13,137.95,No
C04657,59.0,Female,Batticaloa,9,39087.18,261979.87,Month-to-Month,Credit Card,8,23.96,No
C04658,60.0,Male,Galle,8,23987.17,1644628.02,Month-to-Month,Credit Card,12,237.23,Yes
C04659,38.0,Female,Kandy,44,37993.45,1568410.94,Two Year,Credit Card,5,176.01,No
C04660,41.0,Male,Batticaloa,58,46418.61,2178494.91,Two Year,Credit Card,13,147.32,No
C04661,59.0,Male,Jaffna,67,37455.7,787998.95,One Year,Online Payment,14,202.33,Yes
C04662,57.0,Male,Kandy,13,16158.98,2804644.09,Two Year,Online Payment,5,152.1,No
C04663,19.0,Female,Galle,19,28530.47,1234695.73,Two Year,Cash,10,194.88,Yes
C04664,25.0,Male,Batticaloa,49,45668.57,860730.22,Two Year,Online Payment,4,260.38,No
C04665,65.0,Male,Kurunegala,30,23005.79,1013923.9,Two Year,Cash,14,184.44,No
C04666,44.0,Female,Colombo,66,34403.23,1049423.43,Two Year,Credit Card,1,198.22,No
C04667,39.0,Female,Batticaloa,59,23810.22,600790.6,Month-to-Month,Cash,6,184.54,No
C04668,54.0,Female,Kurunegala,53,6945.86,2784521.49,One Year,Cash,0,159.82,No
C04669,44.0,Female,Kurunegala,52,3871.28,528751.18,Two Year,Online Payment,5,52.42,Yes
C04670,46.0,Male,Batticaloa,31,47661.42,2649083.74,Two Year,Credit Card,13,101.37,No
C04671,20.0,Female,Negombo,15,31014.55,1217763.01,One Year,Bank Transfer,3,208.24,Yes
C04672,61.0,Male,Batticaloa,20,6086.93,811483.07,Two Year,Online Payment,2,128.22,Yes
C04673,30.0,Male,Galle,5,43014.49,599534.31,Two Year,Online Payment,14,122.43,No
C04674,62.0,Female,Kurunegala,7,26611.96,1515505.28,One Year,Bank Transfer,10,228.02,No
C04675,27.0,Male,Colombo,18,38824.67,2009429.34,Month-to-Month,Credit Card,12,2.67,No
C04676,53.0,Female,Galle,56,7211.05,2695171.99,Month-to-Month,Bank Transfer,0,204.02,Yes
C04677,26.0,Male,Jaffna,45,45438.61,1959077.52,One Year,Cash,13,147.28,No
C04678,44.0,Female,Kandy,28,29936.24,1453569.16,Month-to-Month,Bank Transfer,5,113.65,No
C04679,51.0,Female,Batticaloa,50,37174.77,105260.81,Month-to-Month,Credit Card,12,102.82,No
C04680,68.0,Female,Negombo,2,2537.6,2746703.58,Month-to-Month,Credit Card,6,52.69,No
C04681,18.0,Female,Colombo,68,16449.94,2707595.88,Month-to-Month,Bank Transfer,10,100.94,Yes
C04682,49.0,Female,Negombo,24,14104.83,1139257.32,Two Year,Online Payment,0,118.03,No
C04683,42.0,Female,Negombo,48,47530.15,91958.81,One Year,Bank Transfer,10,131.8,No
C04684,46.0,Male,Negombo,45,10081.59,2201441.81,Month-to-Month,Cash,0,202.02,No
C04685,24.0,Male,Batticaloa,58,35645.53,2376084.23,Month-to-Month,Bank Transfer,6,136.62,Yes
C04686,66.0,Male,colombo,36,3094.92,1629685.16,One Year,Bank Transfer,10,239.09,Yes
C04687,20.0,Female,Colombo,2,10686.52,1211610.58,Two Year,Bank Transfer,11,192.28,No
C04688,37.0,Male,Kurunegala,18,17591.27,2554142.85,Month-to-Month,Cash,5,57.69,No
C04689,37.0,Female,Negombo,49,39930.79,581586.67,Month-to-Month,Bank Transfer,6,83.87,Yes
C04690,70.0,Male,Kurunegala,8,39708.85,1321476.78,Two Year,Online Payment,14,24.7,No
C04691,47.0,Male,Kurunegala,58,47677.49,78335.9,One Year,Cash,12,283.77,Yes
C04692,52.0,Female,Kandy,15,45921.61,496211.53,Month-to-Month,Online Payment,7,266.08,Yes
C04693,52.0,Male,Batticaloa,17,4994.22,2822789.55,Month-to-Month,Cash,7,26.35,Yes
C04694,66.0,Male,Batticaloa,23,41663.52,1736359.33,One Year,Credit Card,8,172.65,No
C04695,56.0,Male,Galle,66,23107.51,2417749.03,Two Year,Credit Card,12,288.16,Yes
C04696,44.0,Female,Kurunegala,70,43428.42,1462068.74,One Year,Cash,8,224.4,No
C04697,43.0,Male,Batticaloa,27,5375.03,2505307.16,Month-to-Month,Cash,6,148.05,No
C04698,31.0,Female,Negombo,37,41315.69,1619156.78,Two Year,Cash,8,73.09,No
C04699,34.0,Male,Jaffna,49,8822.48,18590.45,Two Year,Credit Card,5,84.43,Yes
C04700,35.0,Male,Negombo,64,17358.24,2699598.53,Two Year,Cash,8,221.14,No
C04701,62.0,Male,Colombo,34,2413.57,449955.53,One Year,Credit Card,10,234.39,No
C04702,69.0,Male,Batticaloa,18,7062.68,1354411.51,One Year,Credit Card,1,159.08,Yes
C04703,46.0,Female,Batticaloa,64,22840.57,1432639.61,One Year,Cash,10,37.16,No
C04704,37.0,Male,Galle,44,41098.58,146472.64,Month-to-Month,Cash,1,280.23,Yes
C04705,70.0,Female,Kurunegala,17,38909.82,163945.8,One Year,Cash,13,253.58,No
C04706,44.0,Female,Jaffna,59,12529.59,2288842.67,Two Year,Credit Card,5,43.02,No
C04707,35.0,Male,Batticaloa,13,8432.83,904850.12,Month-to-Month,Bank Transfer,2,17.96,No
C04708,21.0,Male,Galle,52,20073.91,1231836.36,Month-to-Month,Cash,1,161.22,No
C04709,18.0,Female,Galle,60,44280.15,1694516.98,Month-to-Month,Bank Transfer,15,85.96,No
C04710,67.0,Female,Jaffna,42,5479.83,1123291.38,Two Year,Bank Transfer,7,85.69,No
C04711,18.0,Male,Negombo,64,27602.79,2326237.09,One Year,Bank Transfer,6,27.08,No
C04712,43.0,Male,Negombo,66,5351.57,2653971.64,Two Year,Online Payment,7,286.06,No
C04713,62.0,Male,Negombo,34,24040.39,183855.06,One Year,Bank Transfer,5,249.22,No
C04714,37.0,Male,Kandy,71,7212.78,1908033.13,Month-to-Month,Bank Transfer,8,35.04,No
C04715,69.0,Male,Kurunegala,64,4936.51,956391.72,Month-to-Month,Credit Card,8,263.1,No
C04716,40.0,Female,Kurunegala,33,10351.62,1751909.46,Two Year,Online Payment,1,205.2,No
C04717,27.0,Male,Negombo,12,13507.54,1454302.42,One Year,Credit Card,15,98.31,No
C04718,28.0,Male,Jaffna ,19,14537.0,1004367.17,Month-to-Month,Credit Card,9,261.5,Yes
C04719,58.0,Female,Kandy,9,32618.13,288972.86,Two Year,Bank Transfer,4,179.81,No
C04720,58.0,Male,Kurunegala,17,3694.11,1680522.53,Two Year,Credit Card,8,254.75,No
C04721,22.0,Male,Negombo,50,4959.64,342813.74,One Year,Cash,2,141.31,No
C04722,18.0,Female,Kandy,39,10246.6,472579.66,One Year,Bank Transfer,4,150.69,No
C04723,34.0,Male,Jaffna,41,43731.09,2946614.89,One Year,Cash,14,88.01,No
C04724,39.0,Female,Negombo,10,31801.64,953532.05,Month-to-Month,Bank Transfer,7,116.92,No
C04725,51.0,Male,Colombo,12,36788.11,1755386.39,Two Year,Bank Transfer,1,170.76,Yes
C04726,62.0,Male,Batticaloa,15,19147.75,820334.67,One Year,Bank Transfer,14,284.17,No
C04727,58.0,Male,Jaffna,28,11447.8,2597200.77,Two Year,Online Payment,5,180.44,No
C04728,46.0,Female,Galle,4,2860.11,853603.87,Month-to-Month,Bank Transfer,10,45.07,No
C04729,21.0,Female,Galle,36,24938.25,1103821.03,Month-to-Month,Cash,3,3.09,No
C04730,22.0,Female,Jaffna,65,29139.77,1827120.8,One Year,Bank Transfer,11,255.45,No
C04731,28.0,Female,Galle,47,44953.14,2610610.19,Month-to-Month,Bank Transfer,14,109.93,No
C04732,68.0,Male,Kurunegala,39,44222.56,2449561.39,Two Year,Credit Card,14,95.17,No
C04733,38.0,Female,Jaffna,38,21809.57,795260.36,Two Year,Bank Transfer,15,240.42,No
C04734,52.0,Female,Colombo,44,21755.32,2489517.1,Month-to-Month,Bank Transfer,13,283.66,Yes
C04735,29.0,Female,Jaffna,51,8895.02,2105079.97,Month-to-Month,Bank Transfer,11,224.67,No
C04736,43.0,Male,Negombo,26,13615.0,2969536.33,Month-to-Month,Bank Transfer,5,52.98,No
C04737,68.0,Male,Negombo,36,46357.52,2806665.77,Two Year,Bank Transfer,2,118.02,Yes
C04738,36.0,Female,Kandy,69,7910.76,1601744.48,Month-to-Month,Bank Transfer,5,228.06,No
C04739,62.0,Female,Galle,1,48466.28,2251036.21,One Year,Online Payment,6,272.17,No
C04740,24.0,Male,Batticaloa,53,25732.19,1712688.21,One Year,Cash,9,299.58,No
C04741,64.0,Female,Galle,6,23373.73,1787011.35,Two Year,Online Payment,2,153.96,Yes
C04742,24.0,Female,Kurunegala,37,9557.28,308994.99,Month-to-Month,Cash,4,246.93,No
C04743,43.0,Female,Jaffna,2,-500.0,11725.9,Month-to-Month,Online Payment,12,14.94,Yes
C04744,57.0,Female,Batticaloa,69,23532.43,149318.19,Month-to-Month,Bank Transfer,11,86.46,No
C04745,22.0,Male,Batticaloa,41,19162.49,2900058.85,One Year,Online Payment,7,112.08,Yes
C04746,38.0,Male,Galle,51,13961.29,383173.34,One Year,Cash,14,292.68,Yes
C04747,31.0,Male,Batticaloa,47,4257.85,137947.16,One Year,Credit Card,1,2.01,No
C04748,21.0,Female,Batticaloa,13,26447.08,932384.41,One Year,Credit Card,6,93.1,No
C04749,40.0,Female,Negombo,69,16332.51,1766598.92,One Year,Bank Transfer,12,279.19,No
C04750,59.0,Male,Colombo,66,35685.39,2845639.63,Two Year,Bank Transfer,0,92.7,Yes
C04751,37.0,Male,Jaffna,59,36452.6,2101163.3,Two Year,Cash,6,68.29,No
C04752,32.0,Male,Galle,68,17273.24,832677.14,Month-to-Month,Credit Card,0,219.3,Yes
C04753,67.0,Female,Negombo,59,33786.91,2817478.76,Month-to-Month,Bank Transfer,3,223.86,Yes
C04754,69.0,Male,Kurunegala,10,13675.09,112943.02,One Year,Online Payment,14,142.18,Yes
C04755,62.0,Female,Kurunegala,13,36631.51,2937266.75,Month-to-Month,Online Payment,3,284.13,Yes
C04756,46.0,Female,Kandy,2,1787.78,180628.9,Two Year,Credit Card,11,61.61,No
C04757,25.0,Male,Batticaloa,15,8428.83,2262780.67,Two Year,Cash,15,274.11,Yes
C04758,58.0,Male,Batticaloa,46,13005.42,140666.13,Month-to-Month,Bank Transfer,4,226.9,No
C04759,65.0,Female,Galle,57,38873.84,2795026.52,One Year,Bank Transfer,1,111.09,No
C04760,36.0,Male,Colombo,10,4252.44,330454.36,Two Year,Bank Transfer,13,242.27,Yes
C04761,65.0,Male,Colombo,22,10214.8,156184.64,Month-to-Month,Credit Card,13,40.83,No
C04762,56.0,Female,Galle,8,18572.58,2668349.14,One Year,Online Payment,11,40.16,No
C04763,63.0,Female,Galle,21,1449.57,291902.68,Month-to-Month,Cash,10,279.05,No
C04764,45.0,Female,Negombo,22,38343.93,2394804.22,One Year,Credit Card,11,29.34,No
C04765,63.0,Female,Kurunegala,45,28445.15,2242368.75,One Year,Credit Card,15,2.22,No
C04766,44.0,Female,Galle,40,45133.29,1798639.73,Two Year,Bank Transfer,14,117.32,No
C04767,21.0,Male,Kurunegala,22,2520.52,1136998.35,Two Year,Online Payment,5,32.05,No
C04768,32.0,Female,Kandy,30,14298.14,2747163.75,Month-to-Month,Cash,5,259.05,Yes
C04769,52.0,Female,Kurunegala,62,36831.33,2613888.36,Month-to-Month,Cash,13,276.89,No
C04770,54.0,Female,Negombo,45,34082.32,1281610.1,One Year,Bank Transfer,7,145.25,No
C04771,18.0,Male,Batticaloa,35,12909.81,699016.24,Two Year,Cash,15,128.22,No
C04772,20.0,Female,Batticaloa,42,30188.7,821352.15,One Year,Online Payment,12,162.17,No
C04773,64.0,Female,Kurunegala,5,39894.13,664869.11,One Year,Bank Transfer,9,68.63,No
C04774,41.0,Female,Batticaloa,27,2635.65,1626049.63,One Year,Bank Transfer,11,90.09,Yes
C04775,44.0,Male,Batticaloa,70,36163.79,2606273.79,One Year,Online Payment,0,31.19,Yes
C04776,57.0,Female,Jaffna,62,13352.76,2321967.84,One Year,Cash,3,134.49,No
C04777,53.0,Female,Kandy,32,47444.71,2387553.83,One Year,Online Payment,11,183.9,Yes
C04778,51.0,Female,Negombo,8,27372.79,1347624.03,Month-to-Month,Cash,1,279.14,No
C04779,46.0,Male,Negombo,18,2635.92,970722.27,Two Year,Cash,10,221.98,No
C04780,41.0,Male,Batticaloa,15,20768.1,2273280.53,Two Year,Cash,7,217.2,Yes
C04781,41.0,Male,Colombo,26,48349.28,2380928.34,One Year,Online Payment,11,93.09,No
C04782,59.0,Male,Negombo,53,36788.28,2087584.35,One Year,Online Payment,3,266.6,No
C04783,21.0,Female,Kandy,44,15723.47,101160.83,One Year,Credit Card,13,284.14,No
C04784,20.0,Female,Galle,32,29188.1,1771105.64,Two Year,Online Payment,7,279.75,No
C04785,51.0,Male,Kandy,28,30355.97,1044402.26,Two Year,Bank Transfer,12,12.6,Yes
C04786,66.0,Male,Batticaloa,39,2144.06,592597.28,One Year,Bank Transfer,1,181.7,No
C04787,40.0,Female,Batticaloa,32,9762.83,2084713.81,Two Year,Bank Transfer,12,193.32,No
C04788,70.0,Female,Jaffna,18,28037.07,809235.78,One Year,Bank Transfer,13,89.22,No
C04789,69.0,Male,Kurunegala,70,20734.88,2738959.27,One Year,Credit Card,3,297.73,No
C04790,40.0,Male,Negombo,11,10311.85,897746.83,One Year,Online Payment,11,88.07,No
C04791,62.0,Male,Kurunegala,32,38860.77,1667765.9,Month-to-Month,Online Payment,8,65.77,No
C04792,22.0,Male,Kurunegala,20,24960.75,2484147.68,Two Year,Cash,4,145.76,Yes
C04793,48.0,Female,Negombo,40,16188.68,1209344.42,Two Year,Online Payment,5,97.62,No
C04794,70.0,Male,Negombo,8,8922.19,2486830.59,Two Year,Cash,9,277.28,No
C04795,58.0,Male,Batticaloa,35,30947.0,2172470.71,One Year,Cash,14,132.58,No
C04796,23.0,Female,Negombo,69,33646.8,2762993.53,Month-to-Month,Bank Transfer,14,123.63,No
C04797,54.0,Female,Colombo,21,33810.26,980874.51,One Year,Credit Card,14,188.13,No
C04798,27.0,Female,Colombo,24,11794.08,319559.05,One Year,Credit Card,11,25.25,No
C04799,57.0,Female,Galle,17,30171.58,1293896.75,One Year,Online Payment,8,227.26,No
C04800,24.0,Female,Negombo,18,45364.92,2358511.34,Month-to-Month,Cash,8,230.75,Yes
C04801,56.0,Male,Jaffna,12,18306.19,1354053.16,One Year,Bank Transfer,6,142.73,No
C04802,55.0,Male,Galle,16,11327.58,789653.85,One Year,Cash,10,286.75,Yes
C04803,38.0,Male,Batticaloa,4,38835.33,87671.52,Month-to-Month,Bank Transfer,1,174.22,No
C04804,37.0,Female,Negombo,34,9667.26,942506.29,One Year,Cash,6,208.88,No
C04805,20.0,Male,Colombo,46,13433.69,2141576.43,One Year,Online Payment,8,277.38,Yes
C04806,68.0,Female,Jaffna,31,5931.58,447103.2,Two Year,Online Payment,1,200.24,No
C04807,39.0,Male,Galle,25,14125.84,1025933.74,Month-to-Month,Cash,6,130.12,No
C04808,64.0,Male,Jaffna,24,21106.42,65593.23,Two Year,Credit Card,11,8.41,Yes
C04809,,Female,Negombo,65,4143.74,2166656.23,One Year,Bank Transfer,6,218.76,Yes
C04810,45.0,Female,Kandy,25,43713.74,2642645.73,Month-to-Month,Credit Card,15,289.49,No
C04811,29.0,Male,Jaffna,28,26170.06,1707742.31,Month-to-Month,Credit Card,2,141.6,No
C04812,55.0,Male,Jaffna,36,29817.08,82486.96,One Year,Cash,5,102.59,No
C04813,68.0,Male,Batticaloa,6,19193.0,656787.81,Two Year,Bank Transfer,7,156.26,No
C04814,53.0,Male,Colombo,66,,1318215.06,One Year,Bank Transfer,15,218.8,No
C04815,64.0,Male,Negombo,67,22157.31,1764805.76,Month-to-Month,Online Payment,9,1.21,Yes
C04816,58.0,Female,Jaffna,72,38304.37,1491347.65,Month-to-Month,Cash,7,266.28,No
C04817,22.0,Female,Negombo,48,41248.71,2748018.81,One Year,Cash,13,266.02,No
C04818,30.0,Female,Colombo,70,33920.61,2816215.77,One Year,Cash,2,162.85,No
C04819,40.0,Female,Batticaloa,67,25075.45,325921.63,One Year,Online Payment,5,37.59,Yes
C04820,67.0,Male,Negombo,48,39331.2,419480.68,One Year,Online Payment,1,201.87,No
C04821,47.0,Male,Kurunegala,65,25219.98,1077374.46,Two Year,Bank Transfer,13,42.22,No
C04822,54.0,Female,Colombo,44,6463.99,1266598.47,Two Year,Online Payment,1,152.76,No
C04823,42.0,Male, Colombo ,63,6700.67,1760269.74,Two Year,Cash,12,29.0,No
C04824,65.0,Female,Galle,46,47480.57,2320613.45,Two Year,Cash,7,177.13,No
C04825,44.0,Male,Batticaloa,19,11464.59,411624.28,Month-to-Month,Credit Card,10,96.1,Yes
C04826,68.0,Male,Batticaloa,64,40980.32,2408905.89,Month-to-Month,Online Payment,9,249.47,No
C04827,31.0,Male,Kurunegala,71,13088.56,1832034.8,Two Year,Cash,4,240.18,Yes
C04828,65.0,Female,Negombo,50,22108.22,2942748.96,One Year,Cash,4,299.54,No
C04829,64.0,Female,Kandy,63,33092.46,1955247.2,Month-to-Month,Bank Transfer,10,77.99,No
C04830,53.0,Female,Kurunegala,41,8784.49,2149694.06,One Year,Online Payment,3,19.48,No
C04831,56.0,Female,Galle,7,37125.08,589650.55,Two Year,Cash,10,133.46,No
C04832,33.0,Male,Batticaloa,9,34805.74,2307741.56,Month-to-Month,Bank Transfer,9,25.94,Yes
C04833,39.0,Male,Colombo,4,27611.06,242402.2,Month-to-Month,Credit Card,3,54.37,No
C04834,38.0,Male,Batticaloa,49,28728.6,1971308.66,Month-to-Month,Credit Card,7,179.59,No
C04835,38.0,Male,Kurunegala,6,6182.82,171440.86,Month-to-Month,Bank Transfer,2,178.05,Yes
C04836,25.0,Female,Kandy,21,22361.51,350101.33,Two Year,Online Payment,10,13.95,Yes
C04837,66.0,Male,Jaffna,15,5242.0,328059.49,Month-to-Month,Cash,15,133.43,No
C04838,33.0,Male,Jaffna,67,16085.3,162189.77,Two Year,Online Payment,2,159.54,No
C04839,48.0,Male,Batticaloa,66,45115.29,966811.06,Month-to-Month,Bank Transfer,7,81.14,No
C04840,59.0,Female,Batticaloa,56,29152.14,2983085.61,Two Year,Cash,2,261.74,No
C04841,27.0,Female,Galle,68,37392.47,1047934.98,Two Year,Cash,11,49.17,No
C04842,49.0,Female,Batticaloa,32,29120.41,2283523.86,One Year,Cash,1,76.92,No
C04843,51.0,Male,Kandy,66,10517.6,401289.46,Two Year,Online Payment,12,47.94,Yes
C04844,26.0,Female,Batticaloa,29,30145.61,1366200.79,One Year,Online Payment,10,35.85,No
C04845,34.0,Male,Negombo,66,38014.02,559421.93,Month-to-Month,Bank Transfer,15,263.81,No
C04846,28.0,Male,Kurunegala,34,7781.85,580331.02,One Year,Credit Card,12,84.08,Yes
C04847,49.0,Male,Kandy,27,41028.43,303571.66,Two Year,Bank Transfer,12,217.03,No
C04848,27.0,Female,Galle,60,28214.22,1298972.24,One Year,Cash,4,128.97,No
C04849,39.0,Female,Negombo,39,1209.48,231227.09,Month-to-Month,Bank Transfer,10,191.13,No
C04850,34.0,Male,Negombo,44,26469.15,2729885.01,One Year,Credit Card,2,278.52,No
C04851,21.0,Male,Kurunegala,36,20387.9,1346461.46,Two Year,Bank Transfer,5,253.54,Yes
C04852,65.0,Female,Jaffna,19,15525.88,2516505.59,Two Year,Credit Card,10,21.63,No
C04853,69.0,Female,Kandy,45,38791.6,2938496.03,Month-to-Month,Credit Card,6,253.72,No
C04854,64.0,Female,Kurunegala,21,45075.49,2034948.64,Month-to-Month,Cash,2,136.1,No
C04855,42.0,Male,Negombo,23,38370.0,2705024.72,One Year,Credit Card,8,105.69,No
C04856,38.0,Male,Galle,27,42491.86,410425.72,Month-to-Month,Online Payment,9,202.04,No
C04857,54.0,Male,Kurunegala,72,45530.27,2490830.97,Two Year,Bank Transfer,0,285.11,Yes
C04858,55.0,Female,Jaffna,19,45718.84,817295.91,One Year,Bank Transfer,13,29.15,Yes
C04859,66.0,Female,Negombo,41,6617.27,1420431.13,One Year,Online Payment,6,230.66,No
C04860,18.0,Female,Kurunegala,26,23362.89,1941515.03,One Year,Online Payment,3,61.85,No
C04861,42.0,Male,Kandy,28,1014.04,2711113.06,One Year,Cash,6,114.66,No
C04862,68.0,Male,Jaffna,64,25816.67,2733426.43,Month-to-Month,Bank Transfer,8,262.27,No
C04863,53.0,Female,Kandy,68,46287.95,280846.62,One Year,Online Payment,8,164.19,Yes
C04864,34.0,Male,Kandy,51,10756.01,1096843.69,One Year,Cash,0,21.17,Yes
C04865,58.0,Female,Kandy,48,-500.0,2380559.74,One Year,Bank Transfer,9,152.91,No
C04866,41.0,Male,Kurunegala,10,32574.57,2110954.88,Two Year,Bank Transfer,12,237.1,No
C04867,19.0,Female,Jaffna,39,8857.35,83925.57,Two Year,Online Payment,11,159.14,Yes
C04868,57.0,Male,Kurunegala,19,12687.84,1352418.77,Month-to-Month,Credit Card,3,50.9,No
C04869,32.0,Male,Kurunegala,64,23639.07,2488613.02,Two Year,Credit Card,6,134.07,No
C04870,49.0,Female,Kurunegala,19,10222.26,2214364.89,Two Year,Online Payment,9,277.38,No
C04871,56.0,Female,Negombo,62,29664.7,1238490.13,Month-to-Month,Credit Card,5,197.8,No
C04872,23.0,Female,Batticaloa,13,24742.54,2206807.56,Month-to-Month,Bank Transfer,14,219.24,No
C04873,18.0,Female,Colombo,25,26440.71,1655876.07,One Year,Cash,8,236.0,Yes
C04874,64.0,Female,Negombo,42,7588.91,2738323.85,One Year,Cash,12,28.12,Yes
C04875,40.0,Male,Jaffna,39,26345.34,1763445.89,Month-to-Month,Online Payment,6,174.88,Yes
C04876,56.0,Female,Colombo,30,3424.43,1205198.87,One Year,Cash,14,113.4,Yes
C04877,34.0,Female,Colombo,5,44195.23,2589447.27,One Year,Online Payment,2,42.61,No
C04878,51.0,Female,Colombo,18,17819.23,154357.18,One Year,Credit Card,6,61.61,Yes
C04879,58.0,Male,Batticaloa,21,42960.53,2702029.38,Month-to-Month,Bank Transfer,9,234.57,No
C04880,46.0,Female,Kurunegala,50,35381.16,2090558.71,Two Year,Credit Card,13,49.29,No
C04881,26.0,Female,Galle,6,38542.46,2822114.55,Two Year,Online Payment,4,94.41,No
C04882,30.0,Female,Jaffna,50,16412.68,755262.08,Month-to-Month,Bank Transfer,13,86.18,No
C04883,23.0,Male,Batticaloa,66,12159.45,2086289.49,Month-to-Month,Bank Transfer,1,15.54,No
C04884,23.0,Male,Batticaloa,1,20930.29,2429342.48,One Year,Bank Transfer,9,139.19,No
C04885,37.0,Female,Galle,57,2187.07,2107797.23,Month-to-Month,Credit Card,2,230.01,No
C04886,69.0,Male,Colombo,30,46019.03,634949.44,Month-to-Month,Bank Transfer,5,7.62,Yes
C04887,,Female,Kurunegala,58,19963.7,830390.76,Month-to-Month,Credit Card,12,34.65,Yes
C04888,20.0,Male,Galle,52,49439.27,1702393.33,Month-to-Month,Credit Card,5,216.34,No
C04889,34.0,Female,,37,38311.02,1343018.06,One Year,Bank Transfer,6,178.48,No
C04890,66.0,Male,Batticaloa,48,4945.24,2206675.98,One Year,Online Payment,5,214.86,No
C04891,29.0,Female,Jaffna,1,33349.23,1139136.69,Month-to-Month,Bank Transfer,15,69.8,No
C04892,65.0,Female,Kandy,19,14271.12,2579144.16,Month-to-Month,Bank Transfer,8,241.33,No
C04893,64.0,Male,Kurunegala,46,12942.21,1298601.61,Two Year,Credit Card,13,144.48,No
C04894,62.0,Female,Galle,67,13571.57,124923.64,Two Year,Bank Transfer,4,183.48,No
C04895,18.0,Female,Kurunegala,2,45887.68,57005.41,Month-to-Month,Online Payment,14,28.55,Yes
C04896,34.0,Female,colombo,56,25499.03,1941994.05,Two Year,Bank Transfer,4,62.3,No
C04897,20.0,Female,Colombo,17,33804.07,1623956.59,Two Year,Online Payment,7,232.23,No
C04898,43.0,Male,Kurunegala,22,14766.44,1630520.21,One Year,Cash,7,67.95,No
C04899,32.0,Female,Colombo,27,26624.77,2371077.0,One Year,Cash,0,28.67,No
C04900,53.0,Male,Batticaloa,55,18154.91,1130282.1,One Year,Cash,2,179.56,No
C04901,49.0,Male,Colombo,32,16735.81,2986363.76,Two Year,Bank Transfer,12,164.83,No
C04902,49.0,Male,Kurunegala,60,13101.47,2836862.65,Month-to-Month,Credit Card,5,182.76,Yes
C04903,21.0,Male,Negombo,28,,43820.49,One Year,Online Payment,5,185.87,No
C04904,35.0,Female,Kurunegala,28,33341.48,2687749.59,Two Year,Cash,0,150.56,No
C04905,66.0,Female,Galle,25,11880.15,2043246.2,Month-to-Month,Online Payment,1,148.64,No
C04906,36.0,Male,Colombo,26,48306.76,1508760.56,One Year,Credit Card,9,277.33,No
C04907,60.0,Female,Jaffna,71,7105.97,1750328.68,Two Year,Online Payment,6,160.63,No
C04908,69.0,Male,Negombo,17,24530.15,2526362.8,One Year,Online Payment,0,185.57,Yes
C04909,52.0,Female,Batticaloa,7,5166.38,2853356.99,Two Year,Cash,9,80.82,No
C04910,57.0,Female,Kandy,56,2110.6,1683199.21,One Year,Online Payment,4,261.46,No
C04911,31.0,Female,Galle,64,46211.19,547967.88,Two Year,Cash,0,8.29,No
C04912,50.0,Male,Galle,20,40708.85,1921063.18,Month-to-Month,Credit Card,5,167.61,No
C04913,31.0,Male,Jaffna,38,35013.61,233275.81,One Year,Cash,14,115.77,No
C04914,51.0,Female,Kandy,58,43394.35,1907240.52,One Year,Online Payment,6,181.57,Yes
C04915,21.0,Male,Kandy,16,40339.57,2426792.35,Two Year,Credit Card,7,108.69,Yes
C04916,41.0,Male,Batticaloa,51,32714.65,1063227.65,Month-to-Month,Bank Transfer,12,215.59,No
C04917,46.0,Female,Batticaloa,27,42519.77,218197.35,Month-to-Month,Bank Transfer,11,7.08,No
C04918,36.0,Male,Negombo,51,20149.23,2078217.25,One Year,Credit Card,2,122.36,Yes
C04919,23.0,Female,Galle,16,28084.84,1021289.61,Two Year,Credit Card,13,249.55,Yes
C04920,50.0,Female,Colombo,60,39039.22,751044.47,One Year,Online Payment,13,75.81,No
C04921,66.0,Female,Batticaloa,40,5155.1,2069099.37,Two Year,Bank Transfer,2,16.77,Yes
C04922,57.0,Male,Jaffna,67,43073.63,2908911.47,Month-to-Month,Credit Card,10,149.46,No
C04923,36.0,Female,Jaffna,2,8684.69,2237240.52,One Year,Bank Transfer,0,292.98,No
C04924,70.0,Female,Jaffna,48,43362.52,1476593.37,Two Year,Bank Transfer,11,20.18,No
C04925,18.0,Male,Kurunegala,52,16255.31,1803529.61,Month-to-Month,Online Payment,15,21.95,No
C04926,22.0,Male,Batticaloa,24,17012.36,431125.33,Two Year,Credit Card,2,178.94,Yes
C04927,44.0,Male,Batticaloa,2,4623.49,2440573.79,One Year,Cash,4,75.77,No
C04928,33.0,Male,Jaffna,65,44409.08,1814863.56,Two Year,Credit Card,5,123.66,Yes
C04929,23.0,Female,Batticaloa,20,9551.01,2897662.04,One Year,Bank Transfer,2,249.32,No
C04930,57.0,Male,Kurunegala,34,31872.45,2938552.69,Month-to-Month,Cash,3,60.46,No
C04931,30.0,Male,Colombo,41,32554.41,1066987.14,Two Year,Cash,4,216.07,No
C04932,65.0,Male,Colombo,41,14776.42,2965695.08,Month-to-Month,Bank Transfer,4,151.84,No
C04933,52.0,Male,Negombo,23,49297.39,2870716.42,Month-to-Month,Cash,8,271.58,No
C04934,36.0,Female,Jaffna ,38,4144.14,1921296.73,One Year,Cash,7,291.92,No
C04935,29.0,Male,Colombo,44,30785.73,1003725.96,One Year,Credit Card,0,146.0,No
C04936,33.0,Female,Negombo,67,24497.65,2261253.96,Month-to-Month,Bank Transfer,1,175.81,No
C04937,60.0,Male,Kandy,62,13028.72,817355.51,One Year,Online Payment,11,224.01,Yes
C04938,27.0,Female,Galle,12,9014.03,1891382.47,Month-to-Month,Cash,14,96.28,No
C04939,42.0,Female,Colombo,30,37117.13,78621.93,One Year,Bank Transfer,4,68.8,No
C04940,37.0,Male,Kurunegala,65,45899.43,1887605.48,One Year,Credit Card,11,289.44,No
C04941,48.0,Female,Kandy,41,6269.77,2855066.81,Two Year,Credit Card,2,130.35,No
C04942,21.0,Male,Negombo,20,10505.03,709253.41,Two Year,Credit Card,6,1.48,No
C04943,61.0,Female,Colombo,6,49327.22,2335647.56,One Year,Cash,13,251.48,No
C04944,40.0,Female,Colombo,4,1736.11,883803.53,Month-to-Month,Online Payment,10,180.3,Yes
C04945,19.0,Female,Batticaloa,10,25904.35,2125010.0,Month-to-Month,Credit Card,5,51.4,No
C04946,39.0,Male,Kandy,51,26289.53,2101417.25,Month-to-Month,Online Payment,15,10.01,No
C04947,68.0,Female,Colombo,38,13894.91,558289.54,One Year,Bank Transfer,1,88.15,Yes
C04948,54.0,Male,Jaffna,1,33488.42,1793398.09,One Year,Credit Card,15,278.44,No
C04949,25.0,Female,Kurunegala,8,47302.1,2578211.01,Month-to-Month,Cash,7,280.11,No
C04950,24.0,Female,Batticaloa,63,23060.48,1150686.54,Two Year,Credit Card,4,93.99,No
C04951,31.0,Female,Batticaloa,33,37721.56,2132279.47,Two Year,Cash,5,250.94,No
C04952,20.0,Female,Colombo,15,32657.44,2024917.96,Month-to-Month,Bank Transfer,7,133.11,No
C04953,67.0,Female,Kurunegala,31,24174.15,776254.44,One Year,Online Payment,12,196.65,No
C04954,33.0,Female,Batticaloa,21,3440.8,2756337.46,One Year,Online Payment,5,101.0,No
C04955,36.0,Male,Galle,3,37345.74,1692718.69,Month-to-Month,Online Payment,9,155.28,No
C04956,68.0,Male,Kandy,66,18799.32,1069101.51,Two Year,Credit Card,2,88.84,No
C04957,35.0,Male,Galle,35,12000.24,497253.34,Month-to-Month,Credit Card,12,19.27,No
C04958,69.0,Female,Negombo,41,47465.16,1423007.77,Month-to-Month,Bank Transfer,6,42.67,No
C04959,33.0,Male,Galle,59,38901.64,2191689.75,Month-to-Month,Online Payment,15,87.91,No
C04960,25.0,Female,Kurunegala,16,48151.17,1872802.61,Two Year,Bank Transfer,13,292.9,No
C04961,50.0,Male,Jaffna,56,13554.63,2182522.42,Month-to-Month,Cash,3,289.74,No
C04962,66.0,Male,Batticaloa,45,41953.87,2376323.45,Two Year,Credit Card,12,248.47,No
C04963,29.0,Female,Kurunegala,59,30778.35,1325809.28,One Year,Online Payment,5,70.52,No
C04964,70.0,Female,Batticaloa,50,49093.68,1562897.72,Two Year,Credit Card,15,133.04,No
C04965,28.0,Male,Jaffna,12,47369.53,2959334.22,Two Year,Online Payment,5,132.5,Yes
C04966,22.0,Male,Batticaloa,12,48675.43,2904313.93,Month-to-Month,Online Payment,10,116.71,No
C04967,44.0,Male,Galle,33,47636.61,1247377.29,One Year,Credit Card,4,14.42,No
C04968,29.0,Male,Negombo,49,1375.38,2057112.67,Month-to-Month,Credit Card,12,160.82,Yes
C04969,34.0,Female,Colombo,21,37313.19,806432.58,Two Year,Bank Transfer,0,22.77,No
C04970,23.0,Male,Jaffna,60,14324.79,462329.15,Two Year,Credit Card,13,240.77,No
C04971,50.0,Female,Galle,52,35546.33,2306361.66,Month-to-Month,Credit Card,7,207.7,Yes
C04972,22.0,Female,Kurunegala,54,49049.95,1311359.01,One Year,Credit Card,15,106.47,No
C04973,45.0,Male,Galle,39,2928.61,535273.15,Two Year,Cash,12,194.49,Yes
C04974,31.0,Female,Galle,49,28782.4,2277749.53,Two Year,Cash,13,70.68,Yes
C04975,22.0,Male,Colombo,64,37012.7,2745935.23,Two Year,Cash,9,80.31,No
C04976,50.0,Female,Kandy,26,13414.58,2800154.13,One Year,Bank Transfer,1,94.93,No
C04977,67.0,Female,Batticaloa,71,12030.97,1791019.46,Month-to-Month,Bank Transfer,3,239.31,No
C04978,65.0,Male,Batticaloa,7,3956.93,1441525.18,One Year,Online Payment,12,64.0,No
C04979,58.0,Female,Kurunegala,72,5602.07,429890.43,One Year,Bank Transfer,11,169.27,No
C04980,36.0,Female,Negombo,62,33180.75,2379405.46,Two Year,Credit Card,2,60.94,No
C04981,39.0,Male,Kurunegala,24,25755.32,2836242.84,One Year,Online Payment,5,86.23,No
C04982,22.0,Female,Kandy,40,2473.54,2668933.94,Two Year,Credit Card,10,71.41,No
C04983,19.0,Female,Batticaloa,47,48513.43,2256591.45,One Year,Online Payment,0,193.86,No
C04984,47.0,Male,Negombo,8,33146.25,18683.74,One Year,Bank Transfer,8,158.49,Yes
C04985,64.0,Male,Kurunegala,54,26257.96,1226213.87,Month-to-Month,Cash,15,216.67,No
C04986,56.0,Female,Negombo,9,14363.49,1235088.94,One Year,Credit Card,4,66.76,Yes
C04987,21.0,Female,Galle,3,33246.85,2683632.86,Month-to-Month,Online Payment,4,3.74,No
C04988,50.0,Female,Jaffna,54,18844.23,201623.9,Two Year,Cash,15,204.47,No
C04989,30.0,Male,Galle,21,35422.21,1596011.64,Two Year,Credit Card,3,35.34,No
C04990,37.0,Female,Colombo,48,34446.02,412722.54,Month-to-Month,Credit Card,15,74.65,No
C04991,24.0,Female,Batticaloa,47,5544.45,1988570.27,Two Year,Cash,3,92.4,No
C04992,32.0,Female,Negombo,68,45553.77,2377805.19,Two Year,Bank Transfer,12,224.29,No
C04993,40.0,Female,Kurunegala,63,24861.74,1927667.84,One Year,Cash,14,188.14,Yes
C04994,31.0,Female,Jaffna,16,20254.3,2384782.5,Month-to-Month,Bank Transfer,15,56.1,No
C04995,40.0,Female,,5,47817.65,1824451.41,Two Year,Online Payment,12,179.77,Yes
C04996,36.0,Male,Batticaloa,11,22472.25,573568.14,Month-to-Month,Bank Transfer,0,212.74,No
C04997,46.0,Male,Negombo,29,36339.82,1151077.24,One Year,Online Payment,8,117.28,No
C04998,37.0,Female,Negombo,70,33101.69,2870822.1,Two Year,Online Payment,8,74.54,Yes
C04999,46.0,Female,Galle,48,9091.86,868083.86,Two Year,Online Payment,12,204.02,Yes
C05000,41.0,Male,Jaffna,15,49566.0,193272.84,Month-to-Month,Online Payment,15,183.66,No
C05001,35.0,Male,Jaffna,34,23716.61,1157565.77,Two Year,Credit Card,3,24.3,No
C05002,27.0,Male,Batticaloa,60,20344.35,1102089.82,Month-to-Month,Online Payment,9,200.34,Yes
C05003,58.0,Female,Negombo,62,46061.06,1413574.9,Two Year,Credit Card,9,147.07,No
C05004,25.0,Female,Jaffna,2,26932.68,1683108.75,One Year,Credit Card,3,226.26,No
C05005,43.0,Female,colombo,19,35548.77,2977307.68,One Year,Online Payment,11,58.02,No
C05006,46.0,Female,Kurunegala,49,42466.06,2269920.66,Month-to-Month,Bank Transfer,15,78.21,No
C05007,27.0,Male,Jaffna ,28,12539.23,112492.84,Two Year,Bank Transfer,6,163.45,No
C05008,34.0,Male,Galle,48,9303.86,2139573.42,Two Year,Cash,3,145.04,Yes
C05009,19.0,Male,Kurunegala,37,4356.83,2473574.09,Month-to-Month,Credit Card,0,116.52,No
C05010,23.0,Male,Kurunegala,49,44959.53,2687414.06,One Year,Credit Card,10,224.06,No
C05011,22.0,Female,Kandy,48,10817.99,1274898.28,One Year,Bank Transfer,14,169.86,No
C05012,45.0,Female,Colombo,29,16079.95,944308.58,One Year,Credit Card,12,213.37,No
C05013,,Male,Kandy,60,15004.54,2518777.75,Month-to-Month,Bank Transfer,8,46.82,No
C05014,22.0,Male,Jaffna,29,15924.81,2333958.15,One Year,Cash,1,218.97,No
C05015,35.0,Male,Negombo,58,33735.0,1610447.14,Month-to-Month,Online Payment,4,139.0,No
C05016,43.0,Male,Colombo,48,47751.56,358058.94,One Year,Online Payment,3,11.1,No
C05017,37.0,Male,Colombo,23,17143.22,1957025.21,One Year,Online Payment,7,71.11,Yes
C05018,58.0,Female,Negombo,27,20974.71,201674.36,Month-to-Month,Cash,5,8.7,No
C05019,66.0,Female,Colombo,7,38786.2,305598.58,Two Year,Credit Card,14,137.61,Yes
C05020,44.0,Male,Negombo,49,22184.56,996765.02,Two Year,Cash,6,98.44,No
C05021,66.0,Male,Colombo,54,46376.1,1116670.61,Two Year,Credit Card,1,296.25,No
C05022,29.0,Male,Kurunegala,68,25657.68,1388612.25,One Year,Credit Card,3,260.68,No
C05023,24.0,Female,Batticaloa,42,18039.01,1020733.16,One Year,Online Payment,13,247.88,No
C05024,20.0,Female,Batticaloa,59,48607.05,106195.53,Two Year,Bank Transfer,3,150.83,Yes
C05025,27.0,Female,Kandy,44,21863.31,476459.97,One Year,Bank Transfer,11,242.32,No
C05026,51.0,Male,Kurunegala,26,12327.57,349760.34,One Year,Online Payment,12,80.79,Yes
C05027,42.0,Female,Colombo,23,9707.34,1296394.88,Two Year,Credit Card,1,168.63,Yes
C05028,52.0,Male,Galle,8,49763.88,640326.14,Month-to-Month,Cash,9,118.48,No
C05029,33.0,Female,Negombo,53,37896.4,884168.15,Two Year,Online Payment,3,52.23,Yes
C05030,19.0,Female,Kurunegala,14,21024.33,1417344.55,Two Year,Online Payment,15,22.71,Yes
C05031,41.0,Female,Colombo,71,41491.8,710507.77,Month-to-Month,Cash,8,167.91,Yes
C05032,27.0,Male,Batticaloa,7,27793.5,741557.67,One Year,Credit Card,15,30.19,No
C05033,55.0,Male,Batticaloa,9,16552.09,2500266.81,Two Year,Online Payment,7,215.68,No
C05034,39.0,Female,Negombo,3,37425.9,1646520.17,Two Year,Online Payment,10,276.52,No
C05035,43.0,Male,Galle,17,37548.84,2570994.56,One Year,Credit Card,13,49.47,No
C05036,60.0,Male,Colombo,44,25508.29,1546005.12,One Year,Cash,0,141.81,No
C05037,56.0,Male,Colombo,46,3212.76,2728246.38,Month-to-Month,Cash,12,221.89,No
C05038,44.0,Male,Galle,58,4774.1,767952.5,One Year,Bank Transfer,7,86.77,No
C05039,46.0,Male,Galle,28,39648.72,1851926.75,Two Year,Bank Transfer,13,276.31,No
C05040,64.0,Male,Galle,14,41350.34,1512179.16,One Year,Cash,10,266.65,No
C05041,55.0,Male,Batticaloa,9,34236.2,2756479.33,One Year,Bank Transfer,8,32.02,No
C05042,37.0,Female,Negombo,26,42114.36,1258346.34,Month-to-Month,Bank Transfer,7,9.19,Yes
C05043,44.0,Male,Kurunegala,2,36254.89,2565197.32,Month-to-Month,Credit Card,13,292.96,Yes
C05044,58.0,Male,Galle,34,44949.8,1693892.63,Two Year,Online Payment,14,286.99,No
C05045,37.0,Female,Negombo,19,8369.52,2127086.14,Two Year,Bank Transfer,9,127.26,No
C05046,61.0,Female,Kandy,39,19999.33,2661244.81,One Year,Bank Transfer,0,16.12,No
C05047,36.0,Female,Colombo,13,23741.43,2990734.71,Two Year,Credit Card,7,186.04,No
C05048,37.0,Female,Colombo,5,15585.53,2194762.98,Two Year,Cash,11,88.73,No
C05049,52.0,Male,Jaffna,50,36542.96,946993.25,One Year,Bank Transfer,4,281.08,No
C05050,64.0,Female,Kandy,23,45709.5,900540.92,One Year,Online Payment,8,238.6,Yes
C05051,19.0,Female,Kurunegala,29,21211.63,930765.96,One Year,Bank Transfer,13,195.23,No
C05052,47.0,Male, Colombo ,72,47135.56,298235.42,Month-to-Month,Online Payment,8,86.07,No
C05053,70.0,Male,Galle,26,26321.68,165528.68,Month-to-Month,Cash,5,210.68,No
C05054,51.0,Male,Kurunegala,57,26603.27,1744624.41,One Year,Bank Transfer,15,87.46,No
C05055,39.0,Female,Batticaloa,1,30410.76,2432712.64,Month-to-Month,Online Payment,2,12.25,Yes
C05056,20.0,Male,Kandy,28,14148.22,113222.95,Month-to-Month,Online Payment,11,153.02,No
C05057,23.0,Female,Galle,62,19784.67,1702069.72,Month-to-Month,Online Payment,15,147.12,Yes
C05058,32.0,Male,Jaffna,47,28108.64,1118424.56,Two Year,Cash,6,229.14,No
C05059,44.0,Male,Negombo,59,47157.16,2677993.18,One Year,Online Payment,2,259.84,No
C05060,27.0,Female,Colombo,31,32491.94,440433.85,One Year,Credit Card,6,106.99,No
C05061,26.0,Male,Kandy,70,17322.71,1692478.86,Two Year,Cash,7,135.39,No
C05062,50.0,Male,Colombo,49,1512.96,2912907.52,Month-to-Month,Online Payment,4,141.65,No
C05063,49.0,Male,Negombo,5,49101.62,1038373.73,One Year,Cash,15,97.94,No
C05064,65.0,Male,Kandy,31,25156.24,2226621.85,Month-to-Month,Cash,4,223.27,Yes
C05065,23.0,Male,Negombo,37,46986.26,2647941.21,Two Year,Credit Card,13,157.11,No
C05066,58.0,Female,Galle,15,27917.92,562700.63,Month-to-Month,Online Payment,3,274.27,No
C05067,53.0,Female,Kurunegala,52,30667.78,2977618.9,Two Year,Cash,2,195.44,No
C05068,19.0,Male,Galle,69,35883.7,2429113.06,Two Year,Cash,11,64.36,Yes
C05069,46.0,Female,Kurunegala,11,16727.81,417004.95,Month-to-Month,Online Payment,7,50.28,No
C05070,21.0,Female,Galle,43,35250.21,936099.68,Month-to-Month,Credit Card,10,112.34,No
C05071,18.0,Female,Negombo,70,26812.8,1876785.26,One Year,Bank Transfer,5,104.73,No
C05072,150.0,Male,Negombo,23,33951.52,2655328.7,Two Year,Online Payment,13,122.73,No
C05073,43.0,Male,Negombo,40,41955.83,588532.39,Month-to-Month,Bank Transfer,5,55.89,Yes
C05074,42.0,Male,Colombo,63,,2194960.72,Month-to-Month,Online Payment,1,293.49,No
C05075,27.0,Female,Negombo,2,31063.99,815590.8,One Year,Online Payment,3,44.57,No
C05076,70.0,Female,Galle,47,3553.46,2417222.27,One Year,Cash,15,196.14,No
C05077,32.0,Male,Jaffna,30,6003.64,2051908.87,One Year,Online Payment,14,4.91,Yes
C05078,39.0,Male,Negombo,16,34055.12,1571112.56,Two Year,Credit Card,4,122.68,Yes
C05079,68.0,Female,Jaffna,59,4475.94,1951348.56,One Year,Credit Card,10,93.45,No
C05080,65.0,Female,Kurunegala,47,30172.53,2629953.51,Two Year,Online Payment,9,115.23,No
C05081,38.0,Male,Galle,30,11780.62,1162345.45,One Year,Cash,4,149.93,No
C05082,39.0,Female,Negombo,9,15900.16,2308904.29,Two Year,Cash,2,180.51,No
C05083,53.0,Female,Colombo,65,7352.19,480921.78,One Year,Bank Transfer,9,175.47,No
C05084,51.0,Female,Colombo,59,13184.71,2105050.77,Two Year,Online Payment,4,189.58,No
C05085,47.0,Female,Kurunegala,64,41243.3,2253218.8,One Year,Bank Transfer,4,253.52,Yes
C05086,42.0,Female,Jaffna,8,32305.04,1331778.1,One Year,Cash,1,266.13,No
C05087,62.0,Female,Batticaloa,52,47538.23,2381898.21,Month-to-Month,Credit Card,4,221.44,No
C05088,45.0,Female,Colombo,18,3388.5,1673524.58,Two Year,Cash,2,24.6,No
C05089,18.0,Male,Colombo,58,39828.19,2809141.82,Month-to-Month,Credit Card,14,288.43,No
C05090,66.0,Male,Colombo,49,35254.78,341836.98,Two Year,Bank Transfer,2,284.27,No
C05091,62.0,Female,Galle,32,13783.72,396810.17,Month-to-Month,Cash,4,213.8,No
C05092,21.0,Female,Colombo,48,36729.17,2528070.19,One Year,Credit Card,8,155.71,Yes
C05093,24.0,Female,Kandy,45,36110.88,2527872.02,Month-to-Month,Bank Transfer,13,75.93,No
C05094,66.0,Male,Negombo,54,23507.91,1416318.13,One Year,Cash,1,227.15,No
C05095,26.0,Male,Kurunegala,46,34743.34,2892066.82,Two Year,Online Payment,8,263.48,No
C05096,53.0,Female,Colombo,31,22784.46,2039771.01,One Year,Cash,2,199.89,Yes
C05097,36.0,Male,Batticaloa,37,17441.73,2948645.47,Month-to-Month,Bank Transfer,12,189.09,Yes
C05098,18.0,Female,Batticaloa,16,23858.06,1599524.21,Two Year,Cash,11,58.71,No
C05099,27.0,Female,Colombo,46,44861.34,608831.97,Month-to-Month,Bank Transfer,6,107.98,Yes
C05100,53.0,Female,Colombo,46,19844.61,1335957.42,One Year,Credit Card,11,217.22,No
C05101,26.0,Female,Kandy,61,20780.72,2941558.09,One Year,Cash,13,6.05,No
C05102,62.0,Female,Colombo,46,30811.76,1114389.79,Month-to-Month,Bank Transfer,0,192.74,No
C05103,63.0,Female,Colombo,51,37896.97,2871264.22,Two Year,Bank Transfer,15,230.23,Yes
C05104,59.0,Female,Negombo,62,36996.42,2392078.94,Month-to-Month,Online Payment,0,101.08,Yes
C05105,49.0,Male,Batticaloa,35,1970.14,1329108.45,One Year,Credit Card,7,23.77,No
C05106,49.0,Female,Kandy,42,34683.35,1627903.74,Two Year,Online Payment,8,245.92,No
C05107,23.0,Male,Batticaloa,45,23077.15,1824280.04,Month-to-Month,Online Payment,2,43.41,No
C05108,65.0,Female,Kandy,68,26680.41,1998969.42,One Year,Cash,5,111.87,No
C05109,55.0,Female,Batticaloa,47,28521.5,234714.15,Two Year,Bank Transfer,14,212.47,No
C05110,34.0,Male,Colombo,30,36854.26,2801096.22,Month-to-Month,Bank Transfer,13,245.28,Yes
C05111,27.0,Male,Batticaloa,24,41735.32,1793014.14,Two Year,Bank Transfer,2,258.85,No
C05112,67.0,Female,Batticaloa,66,32666.79,2793791.91,One Year,Cash,5,159.59,No
C05113,44.0,Male,Kandy,43,28631.45,1897535.92,Month-to-Month,Cash,6,143.29,No
C05114,67.0,Female,Kurunegala,34,19314.69,1295891.39,Month-to-Month,Credit Card,4,254.65,No
C05115,52.0,Female,Jaffna,23,7756.03,1702949.39,One Year,Online Payment,2,169.36,Yes
C05116,69.0,Male,Kandy,61,47970.31,2489362.31,One Year,Credit Card,7,174.02,No
C05117,38.0,Male,Kandy,37,23630.27,981746.87,One Year,Credit Card,15,130.76,Yes
C05118,42.0,Male,Kandy,13,28744.4,2869597.87,Month-to-Month,Cash,12,112.47,No
C05119,45.0,Male,Galle,71,37802.58,1400535.82,One Year,Bank Transfer,4,144.68,Yes
C05120,64.0,Female,Kurunegala,7,4352.11,2868929.82,Month-to-Month,Cash,0,110.09,No
C05121,32.0,Male,Galle,42,42895.54,2642866.06,Month-to-Month,Cash,11,103.72,No
C05122,21.0,Male,Galle,38,40054.26,2304147.56,Two Year,Cash,14,298.11,No
C05123,46.0,Male,Kandy,52,38947.0,1404976.21,One Year,Credit Card,8,101.53,Yes
C05124,,Male,Jaffna,44,2077.15,1762900.71,One Year,Bank Transfer,2,77.66,No
C05125,44.0,Male,Kandy,64,26799.42,2514898.09,Two Year,Cash,1,106.82,No
C05126,43.0,Female,Colombo,13,3659.15,1634447.13,Month-to-Month,Credit Card,2,177.64,No
C05127,36.0,Female,Jaffna,28,27992.76,2215877.78,Month-to-Month,Cash,6,273.39,No
C05128,45.0,Male,Galle,1,36203.97,2373023.86,Month-to-Month,Online Payment,11,236.57,No
C05129,34.0,Male,Batticaloa,43,6970.66,1541720.26,One Year,Bank Transfer,10,252.83,No
C05130,60.0,Female,Batticaloa,42,35049.27,1611061.32,Month-to-Month,Credit Card,11,257.84,No
C05131,58.0,Male,Kurunegala,50,23027.11,597514.98,Two Year,Online Payment,9,276.24,No
C05132,59.0,Female,Negombo,60,40766.09,737993.84,Month-to-Month,Cash,7,71.29,Yes
C05133,67.0,Female,Kurunegala,1,27145.86,2715304.83,One Year,Online Payment,1,138.05,No
C05134,37.0,Male,Jaffna,51,17469.96,2521787.19,One Year,Online Payment,13,116.17,No
C05135,62.0,Female,Galle,16,17267.59,35317.06,Month-to-Month,Credit Card,12,115.18,Yes
C05136,57.0,Male,Jaffna,39,44976.84,2608815.82,Month-to-Month,Bank Transfer,6,196.03,No
C05137,56.0,Male,Jaffna,15,23190.71,80578.48,One Year,Bank Transfer,10,121.14,No
C05138,66.0,Female,Batticaloa,33,20881.94,1377549.81,Month-to-Month,Credit Card,4,185.28,No
C05139,70.0,Female,Kandy,53,2953.81,206961.01,Two Year,Cash,8,115.3,Yes
C05140,40.0,Male,Colombo,17,18851.91,2906625.3,One Year,Online Payment,6,94.03,Yes
C05141,64.0,Female,Negombo,6,42631.73,2917096.17,Month-to-Month,Bank Transfer,0,106.57,No
C05142,49.0,Male,Galle,31,38288.4,1834558.47,Month-to-Month,Bank Transfer,0,241.32,No
C05143,69.0,Female,Jaffna,69,11824.75,1179653.71,Month-to-Month,Online Payment,5,180.71,No
C05144,64.0,Female,Negombo,40,21239.77,1538418.29,Two Year,Cash,8,292.23,No
C05145,50.0,Male,Jaffna,30,10632.4,2288086.46,One Year,Online Payment,0,249.96,No
C05146,63.0,Male,Batticaloa,69,47756.62,673462.91,Two Year,Credit Card,15,146.25,No
C05147,22.0,Male,Colombo,7,30307.78,1327958.86,Month-to-Month,Credit Card,2,73.47,No
C05148,60.0,Female,Batticaloa,13,37963.38,2213119.73,Two Year,Cash,15,202.5,No
C05149,65.0,Male,Negombo,4,35976.62,1189200.47,Month-to-Month,Bank Transfer,12,218.27,No
C05150,51.0,Male,Galle,50,43810.78,100829.58,Month-to-Month,Bank Transfer,4,139.79,Yes
C05151,57.0,Female,Jaffna,3,47517.06,1524646.29,One Year,Cash,3,69.75,No
C05152,28.0,Female,Colombo,12,2589.86,2213546.43,One Year,Cash,0,167.61,No
C05153,67.0,Male,Batticaloa,65,48789.76,2930565.15,Month-to-Month,Credit Card,9,76.89,No
C05154,20.0,Male,Negombo,27,43656.58,115953.23,Month-to-Month,Credit Card,3,282.06,No
C05155,50.0,Male,Batticaloa,50,19764.42,1622062.2,Month-to-Month,Cash,3,189.04,No
C05156,28.0,Male,Jaffna,17,42016.39,1352566.29,One Year,Bank Transfer,10,88.29,No
C05157,33.0,Female,Jaffna,72,37091.34,731134.12,One Year,Online Payment,11,65.5,No
C05158,35.0,Female,Galle,32,39862.6,1915099.35,Month-to-Month,Online Payment,9,215.3,No
C05159,47.0,Male,Colombo,51,11813.86,495049.37,One Year,Online Payment,12,212.63,No
C05160,65.0,Male,Kandy,17,32779.62,855174.98,Month-to-Month,Credit Card,3,179.54,No
C05161,27.0,Male,Batticaloa,34,2270.37,2346363.38,Two Year,Cash,15,184.68,Yes
C05162,35.0,Female,Jaffna,35,42563.23,1383933.16,One Year,Bank Transfer,2,181.56,No
C05163,55.0,Male,Negombo,24,47601.11,2981043.59,Month-to-Month,Credit Card,6,108.67,No
C05164,36.0,Male,Batticaloa,54,33444.05,1162449.93,Two Year,Cash,0,281.29,No
C05165,53.0,Female,Galle,18,26120.81,1392466.89,Month-to-Month,Cash,15,144.3,Yes
C05166,30.0,Female,Galle,50,36560.82,904272.0,Two Year,Online Payment,1,7.08,Yes
C05167,63.0,Male,Jaffna,46,16991.7,712699.35,One Year,Online Payment,0,105.16,No
C05168,20.0,Male,Jaffna,48,31693.0,2767232.83,One Year,Bank Transfer,13,39.95,No
C05169,27.0,Female,Jaffna,33,36229.67,2247735.79,Month-to-Month,Bank Transfer,3,109.65,No
C05170,55.0,Male,Kurunegala,27,7991.36,1003540.58,One Year,Online Payment,4,182.87,Yes
C05171,18.0,Male,Kandy,1,7863.33,2101967.19,One Year,Online Payment,10,7.78,No
C05172,44.0,Female,COLOMBO,59,36090.77,2897522.33,Two Year,Cash,14,261.19,No
C05173,63.0,Female,Batticaloa,10,22157.34,226773.66,One Year,Bank Transfer,9,183.48,No
C05174,25.0,Female,Batticaloa,25,44570.87,797190.69,Two Year,Cash,4,89.32,No
C05175,68.0,Male,Kurunegala,57,16285.01,605732.75,Two Year,Bank Transfer,1,94.05,No
C05176,63.0,Female,Kurunegala,66,3079.11,2610000.58,Two Year,Bank Transfer,10,140.23,Yes
C05177,59.0,Female,Colombo,15,32843.93,541675.04,One Year,Credit Card,15,75.18,Yes
C05178,34.0,Male,Negombo,28,34527.72,927687.61,Month-to-Month,Online Payment,2,2.3,No
C05179,26.0,Male,,13,28125.99,1633863.02,Month-to-Month,Credit Card,3,8.94,No
C05180,23.0,Female,Batticaloa,14,34483.3,1865177.59,One Year,Bank Transfer,9,107.96,Yes
C05181,60.0,Female,Kurunegala,66,26663.96,2425510.37,Two Year,Cash,5,38.14,Yes
C05182,42.0,Male,Batticaloa,34,34939.01,1224933.12,One Year,Bank Transfer,5,7.69,No
C05183,56.0,Male,Batticaloa,25,3152.93,1605062.94,Month-to-Month,Credit Card,11,257.92,Yes
C05184,66.0,Female,Kurunegala,54,19051.47,2896558.91,Two Year,Online Payment,1,82.97,No
C05185,45.0,Female,Kandy,12,11330.03,895598.4,One Year,Cash,1,151.43,No
C05186,50.0,Male,Kurunegala,9,5866.98,748042.16,Two Year,Bank Transfer,8,54.64,No
C05187,54.0,Female,Kurunegala,31,12470.54,2133244.58,Two Year,Bank Transfer,11,14.97,No
C05188,26.0,Male,Negombo,53,10374.22,2314553.13,Month-to-Month,Online Payment,1,223.72,No
C05189,35.0,Female,Kurunegala,43,,1247262.82,Two Year,Bank Transfer,1,38.36,No
C05190,38.0,Male,Galle,38,15040.75,642871.86,One Year,Bank Transfer,15,8.69,Yes
C05191,19.0,Male,Kurunegala,42,12316.99,2337873.35,Two Year,Online Payment,15,176.58,No
C05192,60.0,Female,Batticaloa,72,41908.85,2013126.22,Two Year,Credit Card,2,5.03,No
C05193,55.0,Female,Jaffna,48,21536.69,2629302.26,One Year,Credit Card,14,131.45,No
C05194,57.0,Male,Batticaloa,67,21651.81,2533757.76,Month-to-Month,Credit Card,8,87.36,No
C05195,53.0,Female,Negombo,66,22735.93,619559.58,Month-to-Month,Credit Card,13,96.51,Yes
C05196,67.0,Female,Galle,16,21410.19,2497855.84,One Year,Cash,15,2.17,No
C05197,60.0,Female,Kurunegala,16,17001.71,529645.35,Two Year,Cash,5,289.34,No
C05198,54.0,Male,,31,15030.63,2591793.19,One Year,Online Payment,10,155.57,No
C05199,32.0,Female,Colombo,58,44216.02,2312111.2,One Year,Online Payment,14,172.18,No
C05200,45.0,Female,Kurunegala,28,8923.66,1711733.92,One Year,Online Payment,14,200.17,No
C05201,35.0,Male,Jaffna,4,9872.06,1928453.92,Month-to-Month,Cash,11,239.46,No
C05202,51.0,Female,Colombo,10,29014.24,316717.42,Two Year,Bank Transfer,5,182.76,No
C05203,39.0,Female,Kandy,51,17839.27,124456.12,One Year,Cash,11,228.9,No
C05204,28.0,Male,Negombo,18,21654.94,995286.99,Month-to-Month,Credit Card,9,135.17,No
C05205,30.0,Male,Negombo,47,,2465110.41,Month-to-Month,Credit Card,4,112.01,No
C05206,21.0,Female,Kandy,32,,1400027.79,Two Year,Bank Transfer,14,247.12,No
C05207,39.0,Female,Batticaloa,30,39737.13,674065.12,One Year,Online Payment,6,259.73,No
C05208,24.0,Male,Kandy,36,12511.48,2504473.96,Two Year,Cash,10,42.2,No
C05209,60.0,Male,Kurunegala,9,49018.59,689738.64,One Year,Bank Transfer,14,163.26,No
C05210,41.0,Female,Jaffna,36,18795.65,2447403.7,Month-to-Month,Bank Transfer,3,205.41,No
C05211,21.0,Female,Galle,29,9284.29,1361673.7,Month-to-Month,Cash,14,26.0,No
C05212,45.0,Female,Kurunegala,16,25475.34,1393167.19,Two Year,Bank Transfer,9,278.95,No
C05213,32.0,Male,Kurunegala,21,36539.0,821795.23,One Year,Online Payment,9,156.51,No
C05214,18.0,Female,Kurunegala,64,5080.27,2701021.19,Two Year,Cash,2,193.99,No
C05215,20.0,Male,Colombo,66,32080.06,270911.9,One Year,Cash,6,54.29,No
C05216,31.0,Male,Colombo,59,43045.82,437496.87,Two Year,Bank Transfer,15,80.07,Yes
C05217,55.0,Male,Negombo,28,13827.29,1909474.88,Month-to-Month,Online Payment,15,37.18,No
C05218,67.0,Female,Kurunegala,55,34963.04,2551095.22,Two Year,Online Payment,13,79.94,No
C05219,18.0,Female,Batticaloa,31,20595.52,290876.49,One Year,Credit Card,9,148.23,No
C05220,55.0,Female,Negombo,33,21292.62,2202587.99,Two Year,Cash,0,250.26,No
C05221,55.0,Male,Jaffna,60,14759.89,2228822.04,One Year,Credit Card,5,160.58,No
C05222,38.0,Female,Kandy,41,31595.3,1746660.58,Two Year,Online Payment,12,74.09,Yes
C05223,65.0,Male,Colombo,46,18688.96,1462750.5,One Year,Online Payment,10,14.34,Yes
C05224,46.0,Male,Kurunegala,49,41714.25,966657.84,One Year,Credit Card,10,186.97,Yes
C05225,22.0,Male,Jaffna,65,48182.37,1057628.07,One Year,Cash,10,126.63,Yes
C05226,66.0,Male,Negombo,42,46819.3,2024928.25,Two Year,Credit Card,1,295.32,Yes
C05227,27.0,Male,Negombo,23,8993.29,200535.44,Two Year,Online Payment,1,234.15,No
C05228,45.0,Male,Colombo,27,1695.32,1756880.29,Month-to-Month,Online Payment,10,242.7,No
C05229,38.0,Female,Negombo,32,22484.95,839802.92,One Year,Bank Transfer,7,4.66,No
C05230,67.0,Male,Batticaloa,3,36715.3,1402484.71,Month-to-Month,Bank Transfer,2,233.56,No
C05231,24.0,Female,Negombo,60,48895.31,1679143.96,Month-to-Month,Credit Card,8,59.19,No
C05232,20.0,Male,Galle,17,39387.69,2657549.73,One Year,Bank Transfer,15,176.15,No
C05233,62.0,Female,Kandy,32,29446.92,1739329.29,Month-to-Month,Online Payment,3,134.78,No
C05234,64.0,Female,Negombo,7,2291.29,685342.92,Two Year,Cash,13,171.91,Yes
C05235,37.0,Female,Galle,71,41451.49,242981.06,Month-to-Month,Cash,5,40.9,Yes
C05236,36.0,Female,Jaffna,69,9680.11,1882830.26,Two Year,Credit Card,0,137.61,Yes
C05237,52.0,Male,Negombo,58,3724.72,1637419.95,One Year,Bank Transfer,10,12.05,No
C05238,21.0,Male,Batticaloa,40,42667.58,2017034.7,One Year,Credit Card,14,13.26,No
C05239,22.0,Male,Jaffna,48,28746.29,1380892.75,One Year,Bank Transfer,9,197.66,No
C05240,18.0,Male,Kurunegala,51,7299.03,2476251.91,Month-to-Month,Cash,9,285.56,Yes
C05241,21.0,Female,Negombo,57,19940.59,2760938.15,One Year,Bank Transfer,2,233.44,No
C05242,29.0,Female,Colombo,71,5191.54,124813.24,One Year,Bank Transfer,3,141.28,Yes
C05243,44.0,Female,Galle,37,32262.53,2233539.18,Two Year,Credit Card,4,17.71,Yes
C05244,59.0,Male,Galle,55,14838.94,110305.83,Month-to-Month,Cash,12,14.46,No
C05245,40.0,Female,Colombo,41,43438.61,1338064.58,Month-to-Month,Bank Transfer,0,48.21,Yes
C05246,42.0,Male,Kandy,20,18532.01,1387501.63,One Year,Cash,13,292.77,No
C05247,38.0,Female,Kurunegala,33,25237.06,2090174.1,Month-to-Month,Bank Transfer,3,120.2,No
C05248,69.0,Female,Batticaloa,40,4112.65,1060447.88,One Year,Cash,4,253.18,No
C05249,41.0,Female,Galle,34,14504.04,2463599.51,Two Year,Bank Transfer,3,211.84,Yes
C05250,42.0,Female,Jaffna,62,34161.6,1031877.85,Month-to-Month,Online Payment,9,182.02,No
C05251,62.0,Female,Batticaloa,19,37076.88,1030841.08,Month-to-Month,Cash,9,284.4,No
C05252,63.0,Male,Galle,43,12898.27,672168.2,Two Year,Online Payment,6,69.89,No
C05253,49.0,Female,Kurunegala,69,25687.18,2053187.65,Month-to-Month,Online Payment,7,137.01,No
C05254,49.0,Male,Kandy,63,41059.02,234378.75,One Year,Online Payment,11,259.55,Yes
C05255,22.0,Male,Kurunegala,10,19615.6,1092349.98,Month-to-Month,Bank Transfer,7,165.98,No
C05256,53.0,Male,Jaffna,13,7554.79,804337.78,Month-to-Month,Cash,2,74.69,Yes
C05257,63.0,Male,Kurunegala,5,22161.65,691860.23,Two Year,Bank Transfer,12,63.47,No
C05258,59.0,Male,Batticaloa,58,30430.8,187645.03,Two Year,Bank Transfer,4,226.11,No
C05259,66.0,Male,Jaffna,59,1362.53,575197.43,One Year,Cash,9,4.82,No
C05260,59.0,Male,Colombo,59,18079.81,1341502.01,Month-to-Month,Credit Card,14,274.34,No
C05261,56.0,Male,Negombo,15,30764.36,1513705.66,Month-to-Month,Bank Transfer,7,6.51,No
C05262,33.0,Female,Colombo,1,47643.69,812166.5,Two Year,Online Payment,6,189.67,No
C05263,50.0,Female,Batticaloa,38,21018.89,1952479.31,One Year,Bank Transfer,13,181.82,No
C05264,66.0,Male,Negombo,53,8985.64,1010701.05,Month-to-Month,Credit Card,8,173.94,No
C05265,38.0,Male,Colombo,52,27176.74,1104901.29,One Year,Online Payment,12,142.83,No
C05266,26.0,Male,Negombo,1,15001.87,2348959.88,Month-to-Month,Bank Transfer,9,255.88,No
C05267,23.0,Female,Galle,11,11524.19,1658140.33,Two Year,Cash,6,198.14,No
C05268,68.0,Female,Kurunegala,58,29929.76,2859758.68,Two Year,Online Payment,1,234.78,No
C05269,62.0,Male,Jaffna,40,45878.29,1081107.1,Two Year,Credit Card,3,35.54,Yes
C05270,52.0,Male,Negombo,60,41925.99,2484382.29,Two Year,Bank Transfer,11,15.92,No
C05271,56.0,Female,Galle,44,9932.33,2216320.92,Two Year,Cash,13,9.53,No
C05272,39.0,Female,Kurunegala,6,38528.09,2671115.84,Two Year,Online Payment,11,45.01,No
C05273,58.0,Male,Kurunegala,28,12263.56,2870590.16,One Year,Online Payment,7,200.44,No
C05274,22.0,Male,Kandy,31,15244.36,27991.17,Two Year,Cash,8,148.71,Yes
C05275,59.0,Male,Colombo,8,46082.52,269451.75,One Year,Credit Card,6,225.92,No
C05276,40.0,Male,Kandy,5,45641.46,2024644.77,Two Year,Online Payment,4,58.33,No
C05277,34.0,Female,Batticaloa,54,9262.91,1173648.58,Month-to-Month,Credit Card,0,110.72,No
C05278,29.0,Female,Galle,17,4145.4,2458279.68,Month-to-Month,Credit Card,14,266.66,No
C05279,40.0,Male,Kandy,38,15362.79,40879.59,Month-to-Month,Cash,8,280.78,Yes
C05280,33.0,Male,Kandy,9,29506.98,2421897.32,One Year,Online Payment,11,276.6,No
C05281,20.0,Male,Kurunegala,14,43967.69,410049.78,Two Year,Bank Transfer,5,245.67,No
C05282,47.0,Female,Galle,26,6823.03,874295.89,One Year,Cash,1,206.78,Yes
C05283,39.0,Male,Kurunegala,62,21332.97,2907389.21,Two Year,Cash,10,274.19,Yes
C05284,26.0,Male,Jaffna,25,14315.74,159536.35,Month-to-Month,Credit Card,9,214.54,Yes
C05285,46.0,Male,Negombo,36,1731.52,1050376.63,One Year,Bank Transfer,9,286.23,No
C05286,64.0,Female,Batticaloa,33,39633.87,258163.68,Two Year,Cash,1,8.41,No
C05287,54.0,Male,Batticaloa,3,40850.93,2561545.2,One Year,Credit Card,9,276.57,Yes
C05288,40.0,Female,Colombo,11,11840.22,2110533.29,One Year,Online Payment,0,167.17,No
C05289,30.0,Male,Kurunegala,58,,2402010.48,Month-to-Month,Credit Card,11,34.43,Yes
C05290,49.0,Male,Negombo,64,8083.48,1584202.14,Month-to-Month,Bank Transfer,3,65.26,No
C05291,63.0,Male,Colombo,18,23733.41,1076371.46,Month-to-Month,Bank Transfer,9,255.8,No
C05292,,Female,Batticaloa,47,13078.28,11809.49,Month-to-Month,Credit Card,10,152.33,No
C05293,64.0,Male,Negombo,44,26056.43,837392.3,Month-to-Month,Online Payment,12,294.86,Yes
C05294,65.0,Male,Kandy,59,19857.74,1546087.87,Two Year,Bank Transfer,1,36.14,No
C05295,40.0,Female,Jaffna,50,11333.62,1994764.3,Two Year,Bank Transfer,9,124.34,Yes
C05296,62.0,Female,Kandy,69,37808.4,690667.58,Month-to-Month,Online Payment,10,100.23,No
C05297,34.0,Female,Jaffna,29,8367.83,421008.03,Month-to-Month,Cash,8,155.32,Yes
C05298,57.0,Male,Kurunegala,67,40146.21,608836.51,Month-to-Month,Bank Transfer,1,190.4,No
C05299,38.0,Female,Galle,2,28510.87,1065457.77,One Year,Credit Card,10,198.83,No
C05300,19.0,Male,Colombo,25,41769.82,449392.98,Month-to-Month,Online Payment,8,1.39,No
C05301,54.0,Female,Colombo,19,1233.19,474667.92,Two Year,Bank Transfer,0,27.6,No
C05302,23.0,Female,Galle,40,37710.24,136036.34,Two Year,Cash,13,11.48,No
C05303,61.0,Female,COLOMBO,2,3524.26,2570891.96,One Year,Bank Transfer,6,259.52,No
C05304,35.0,Male,Galle,65,47554.84,663177.08,Two Year,Cash,14,94.67,No
C05305,47.0,Male,Kurunegala,62,35434.23,2466597.8,Month-to-Month,Bank Transfer,5,110.75,No
C05306,39.0,Male,Batticaloa,54,16688.44,1317736.61,One Year,Bank Transfer,5,135.66,No
C05307,50.0,Male,Galle,45,16672.67,1899151.26,One Year,Credit Card,1,254.94,No
C05308,47.0,Male,Jaffna,49,43213.13,231727.9,Two Year,Online Payment,14,5.24,No
C05309,34.0,Male,Batticaloa,69,45239.17,1752823.59,Month-to-Month,Online Payment,0,36.47,No
C05310,60.0,Male,Galle,38,44687.09,873536.23,Month-to-Month,Credit Card,9,205.86,No
C05311,49.0,Male,Colombo,4,40628.27,290153.81,Month-to-Month,Online Payment,7,289.2,Yes
C05312,59.0,Male,Kandy,17,41132.57,2725156.33,One Year,Online Payment,7,193.19,No
C05313,68.0,Female,Jaffna,53,29065.63,1812865.99,Two Year,Online Payment,1,79.08,Yes
C05314,31.0,Female,Kurunegala,53,2383.32,728914.34,Two Year,Bank Transfer,3,156.44,No
C05315,27.0,Male,Jaffna,31,5251.89,1261845.79,Two Year,Bank Transfer,12,292.52,Yes
C05316,64.0,Male,Negombo,22,32828.11,1073915.9,Month-to-Month,Cash,12,158.89,Yes
C05317,68.0,Male,Kandy,11,20657.09,2103236.1,One Year,Cash,3,112.68,Yes
C05318,53.0,Male,Jaffna,34,28798.17,1824262.36,One Year,Online Payment,14,115.64,No
C05319,51.0,Female,Galle,15,12322.8,64247.62,Two Year,Online Payment,1,290.14,Yes
C05320,26.0,Female,Jaffna,10,32821.44,597491.83,Two Year,Online Payment,10,215.96,No
C05321,59.0,Male,Jaffna,53,12898.65,1436993.28,One Year,Credit Card,8,206.46,Yes
C05322,45.0,Female,Jaffna,48,23579.83,1339229.95,Two Year,Bank Transfer,11,70.38,No
C05323,28.0,Female,Negombo,31,24457.28,1552441.27,One Year,Online Payment,13,168.29,Yes
C05324,31.0,Male,Jaffna,37,9705.74,2145858.45,One Year,Online Payment,3,107.67,Yes
C05325,56.0,Male,Jaffna,28,,2047616.95,Two Year,Bank Transfer,3,72.82,No
C05326,64.0,Male,Negombo,31,26765.23,1121576.2,One Year,Cash,14,268.77,No
C05327,36.0,Male,Batticaloa,70,43472.41,2633356.98,One Year,Online Payment,14,115.56,No
C05328,32.0,Female,Kandy,14,13864.25,193483.05,Two Year,Online Payment,3,85.55,No
C05329,45.0,Male,Kurunegala,16,9444.46,1755607.14,Two Year,Online Payment,4,279.58,Yes
C05330,41.0,Female,Batticaloa,25,1882.82,2849308.05,Two Year,Online Payment,9,60.01,Yes
C05331,25.0,Male,Colombo,39,5599.37,1649498.91,One Year,Bank Transfer,11,223.91,No
C05332,60.0,Female,Negombo,66,8226.06,1368043.37,Two Year,Bank Transfer,11,196.17,No
C05333,26.0,Male,Negombo,38,4863.92,406083.18,Two Year,Bank Transfer,7,276.22,No
C05334,64.0,Male,Jaffna,41,44947.09,2431516.34,One Year,Cash,3,249.78,No
C05335,50.0,Female,Jaffna,40,45660.48,1124515.7,One Year,Online Payment,2,211.88,No
C05336,50.0,Female,Kurunegala,64,-1000.0,2105231.5,Two Year,Cash,10,95.06,Yes
C05337,36.0,Female,Colombo,16,48033.18,596652.91,Two Year,Cash,0,149.18,No
C05338,20.0,Male,Jaffna,59,25099.92,130380.29,One Year,Bank Transfer,1,283.4,No
C05339,27.0,Female,Galle,11,26971.21,919875.02,One Year,Online Payment,3,7.94,No
C05340,57.0,Female,Jaffna,1,7410.69,847834.52,Month-to-Month,Online Payment,8,238.51,No
C05341,64.0,Female,Jaffna,13,7715.55,2621058.38,One Year,Cash,14,76.29,No
C05342,59.0,Female,Galle,30,38865.07,2594697.97,One Year,Credit Card,13,56.32,Yes
C05343,18.0,Female,Colombo,69,42930.73,1604013.2,Month-to-Month,Credit Card,0,70.44,Yes
C05344,46.0,Female,Galle,18,39451.01,61901.84,Two Year,Online Payment,5,18.87,No
C05345,67.0,Female,Negombo,13,41894.22,688832.37,Month-to-Month,Online Payment,5,297.6,No
C05346,51.0,Female,Galle,32,14551.95,1918842.72,One Year,Cash,9,261.09,No
C05347,68.0,Female,Kandy,71,23837.22,308718.16,Month-to-Month,Cash,2,156.8,Yes
C05348,30.0,Male,Negombo,72,23500.77,2103363.68,Month-to-Month,Bank Transfer,15,214.82,No
C05349,18.0,Male,Jaffna,50,49768.89,40826.98,Month-to-Month,Cash,9,167.42,No
C05350,51.0,Female,Kurunegala,71,47509.72,2049197.64,Month-to-Month,Cash,8,243.66,No
C05351,46.0,Male,Negombo,31,30325.82,2534395.03,Month-to-Month,Credit Card,13,253.58,No
C05352,65.0,Male,Colombo,51,7760.68,1410307.07,Month-to-Month,Credit Card,9,70.6,No
C05353,64.0,Female,Colombo,27,13671.21,2488097.57,Two Year,Credit Card,2,138.46,Yes
C05354,30.0,Female,Galle,60,18824.32,2345675.56,Month-to-Month,Credit Card,0,190.82,No
C05355,65.0,Female,Negombo,33,43787.37,2015900.35,Month-to-Month,Cash,1,293.55,Yes
C05356,66.0,Female,Jaffna,53,9360.99,1338222.1,Month-to-Month,Online Payment,14,205.12,Yes
C05357,70.0,Female,Colombo,72,11767.6,819352.61,Month-to-Month,Credit Card,14,269.39,Yes
C05358,46.0,Female,Batticaloa,33,18119.85,2583287.57,One Year,Bank Transfer,3,253.99,No
C05359,56.0,Male,Jaffna,41,46418.6,1947528.19,Month-to-Month,Bank Transfer,3,175.04,No
C05360,41.0,Female,Batticaloa,19,25686.79,2395060.42,Month-to-Month,Cash,15,268.2,No
C05361,43.0,Male,Kandy,41,32694.97,1658140.95,Month-to-Month,Bank Transfer,1,113.85,No
C05362,34.0,Female,Batticaloa,42,19973.94,519739.97,Two Year,Credit Card,9,114.41,No
C05363,24.0,Female,Colombo,23,10237.58,2938416.63,Month-to-Month,Online Payment,5,234.51,Yes
C05364,30.0,Male,Galle,33,11917.23,552302.56,One Year,Online Payment,14,41.23,No
C05365,22.0,Female,Kandy,20,40330.89,2734168.3,Two Year,Credit Card,5,92.44,No
C05366,43.0,Female,Negombo,25,44780.62,628375.24,One Year,Bank Transfer,2,182.96,No
C05367,66.0,Male,Jaffna,52,25160.71,1124379.58,Two Year,Cash,0,126.6,Yes
C05368,20.0,Female,Colombo,12,18492.73,1323049.92,Two Year,Online Payment,9,282.28,Yes
C05369,24.0,Male,Kandy,32,40583.92,2764521.09,Month-to-Month,Credit Card,8,287.59,No
C05370,66.0,Female,Kandy,33,,2665154.72,Month-to-Month,Credit Card,3,151.27,Yes
C05371,56.0,Female,Colombo,68,3002.82,2470546.83,Two Year,Bank Transfer,8,162.18,No
C05372,70.0,Male,Negombo,15,18186.3,1133142.07,Month-to-Month,Cash,4,217.66,Yes
C05373,18.0,Female,Negombo,51,34426.48,18457.27,Month-to-Month,Cash,6,137.72,Yes
C05374,200.0,Male,Galle,6,29110.31,2046342.04,Two Year,Bank Transfer,2,57.84,No
C05375,34.0,Male,Kurunegala,69,48925.3,1235806.73,Two Year,Credit Card,14,224.34,No
C05376,60.0,Male,Batticaloa,69,43439.65,2272389.29,One Year,Bank Transfer,2,221.6,No
C05377,42.0,Female,Negombo,35,3927.18,2385581.88,Two Year,Bank Transfer,7,74.25,No
C05378,20.0,Female,Galle,34,36562.68,1321971.59,One Year,Bank Transfer,0,250.04,No
C05379,32.0,Male,Batticaloa,63,17480.0,2245567.18,One Year,Credit Card,7,184.48,No
C05380,46.0,Female,Kandy,68,34422.05,2520612.16,Month-to-Month,Online Payment,7,71.65,No
C05381,70.0,Female,Colombo,18,31244.0,2785786.01,Month-to-Month,Credit Card,2,195.96,No
C05382,60.0,Female,Negombo,26,25649.46,1749453.72,Two Year,Online Payment,0,70.85,Yes
C05383,49.0,Male,Galle,61,42794.53,2336543.91,Two Year,Online Payment,8,80.3,Yes
C05384,43.0,Female,Kandy,48,35725.8,1486221.79,One Year,Bank Transfer,3,254.55,No
C05385,33.0,Male,Negombo,72,44588.2,129780.69,One Year,Cash,6,278.92,No
C05386,42.0,Female,Jaffna,31,14798.58,469888.18,Month-to-Month,Bank Transfer,15,77.81,No
C05387,45.0,Female,Kurunegala,34,18058.25,389032.41,Two Year,Credit Card,8,278.49,Yes
C05388,26.0,Male,Kandy,7,31475.62,519437.94,Two Year,Cash,2,72.4,No
C05389,18.0,Female,Negombo,7,48356.76,35587.19,Two Year,Cash,15,36.06,No
C05390,46.0,Male,Kandy,47,19207.52,2576826.94,Two Year,Credit Card,4,18.41,No
C05391,39.0,Female,Colombo,8,2582.39,1682647.21,Month-to-Month,Credit Card,9,73.39,No
C05392,33.0,Male,Colombo,1,22848.51,1152534.26,Month-to-Month,Bank Transfer,10,116.19,No
C05393,58.0,Female,Kurunegala,3,27652.55,1232287.72,One Year,Credit Card,12,278.34,No
C05394,68.0,Female,Colombo,53,40248.38,1392736.53,Month-to-Month,Online Payment,2,73.41,No
C05395,61.0,Female,Batticaloa,38,36701.42,226281.08,One Year,Online Payment,4,110.27,No
C05396,68.0,Male,Jaffna,51,48268.47,827622.91,Month-to-Month,Cash,10,220.51,Yes
C05397,58.0,Male,Colombo,15,39351.46,2555621.18,Month-to-Month,Bank Transfer,1,91.32,No
C05398,24.0,Male,Jaffna,67,15632.79,2232307.33,Two Year,Bank Transfer,15,205.63,No
C05399,31.0,Female,Colombo,64,32427.64,1692399.59,One Year,Cash,3,130.19,No
C05400,46.0,Male,Batticaloa,68,33939.82,1444708.43,One Year,Credit Card,11,59.74,No
C05401,36.0,Male,Kandy,5,49903.01,780624.69,One Year,Bank Transfer,1,220.48,Yes
C05402,36.0,Male,Negombo,10,7798.16,1416408.63,Month-to-Month,Cash,2,9.08,No
C05403,19.0,Male,Negombo,8,10374.95,1795576.55,Two Year,Cash,14,88.41,No
C05404,58.0,Male,Colombo,12,8620.17,2139350.66,Month-to-Month,Online Payment,4,107.5,No
C05405,62.0,Male,Negombo,64,29863.95,504087.36,Two Year,Cash,8,138.01,Yes
C05406,32.0,Male,Colombo,59,7629.75,2440265.25,Month-to-Month,Credit Card,2,204.28,Yes
C05407,20.0,Male,Colombo,67,33144.38,1040704.77,One Year,Credit Card,9,138.36,No
C05408,28.0,Male,Kurunegala,50,40384.93,1512257.96,Month-to-Month,Credit Card,5,178.7,No
C05409,70.0,Male,Galle,23,22206.85,1825673.43,One Year,Credit Card,3,179.14,No
C05410,63.0,Female,Galle,40,28473.57,1466844.99,Two Year,Cash,3,112.61,No
C05411,47.0,Female,Kurunegala,18,45723.38,1718010.93,One Year,Bank Transfer,15,280.26,No
C05412,57.0,Male,Galle,21,28908.73,339012.78,One Year,Cash,10,286.8,No
C05413,35.0,Female,Jaffna,1,11221.67,1299305.59,One Year,Bank Transfer,12,174.97,No
C05414,68.0,Female,Galle,38,17816.5,845000.08,One Year,Bank Transfer,14,22.44,No
C05415,65.0,Male,Colombo,41,26962.44,262648.33,Two Year,Bank Transfer,14,147.85,No
C05416,19.0,Male,Batticaloa,42,8589.99,578989.43,Month-to-Month,Online Payment,9,56.14,No
C05417,49.0,Male,Batticaloa,9,31013.47,1809321.48,Month-to-Month,Credit Card,9,145.48,No
C05418,25.0,Female,Kandy,23,49963.06,594075.78,Month-to-Month,Online Payment,12,57.36,No
C05419,39.0,Male,Galle,11,32974.21,547286.71,Month-to-Month,Cash,4,211.45,No
C05420,23.0,Female,Batticaloa,71,19248.15,1660727.14,One Year,Online Payment,14,25.05,No
C05421,29.0,Male,Galle,31,17255.58,2714584.01,Two Year,Bank Transfer,10,286.04,Yes
C05422,64.0,Female,Kandy,26,46648.56,2367135.09,Two Year,Cash,6,59.42,No
C05423,57.0,Female,Batticaloa,30,43704.2,2715741.89,Month-to-Month,Credit Card,10,198.54,Yes
C05424,53.0,Male,Colombo,34,24145.57,1751025.71,Month-to-Month,Bank Transfer,13,275.17,Yes
C05425,32.0,Male,Jaffna,46,18317.31,1232739.03,Two Year,Credit Card,3,75.12,No
C05426,45.0,Female,Kurunegala,69,35812.75,2190275.89,Two Year,Online Payment,7,280.35,No
C05427,69.0,Female,Kurunegala,5,16410.62,787785.26,One Year,Credit Card,11,117.21,No
C05428,66.0,Male,Kurunegala,61,6850.76,238771.6,Two Year,Cash,12,288.2,No
C05429,62.0,Male,Galle,38,16197.46,1037121.3,Two Year,Bank Transfer,8,291.44,No
C05430,35.0,Female,Batticaloa,28,22280.5,901213.91,One Year,Credit Card,8,57.24,No
C05431,19.0,Male,Batticaloa,26,13515.16,2028239.09,One Year,Online Payment,8,249.5,No
C05432,30.0,Female,Kandy,61,11623.87,1656331.22,One Year,Cash,1,58.83,No
C05433,62.0,Male,Colombo,23,1300.87,419097.64,Two Year,Bank Transfer,2,68.71,Yes
C05434,32.0,Male,Negombo,46,31911.3,2725970.02,Two Year,Online Payment,4,26.15,No
C05435,37.0,Male,Batticaloa,30,31108.0,1782050.13,Two Year,Bank Transfer,11,47.8,No
C05436,46.0,Female,Jaffna,67,10213.24,1375764.26,One Year,Credit Card,0,190.03,No
C05437,59.0,Male,Kandy,33,47238.85,2811898.81,Two Year,Online Payment,3,135.33,Yes
C05438,46.0,Female,Batticaloa,3,21068.97,296419.04,Two Year,Online Payment,10,237.49,No
C05439,20.0,Male,Batticaloa,69,2248.49,2369830.85,One Year,Credit Card,13,100.27,No
C05440,36.0,Female,Kandy,42,11768.82,1097173.19,Month-to-Month,Online Payment,13,290.62,No
C05441,20.0,Female,Kandy,62,34911.31,2087692.3,Month-to-Month,Online Payment,4,15.91,No
C05442,31.0,Male,Galle,58,10879.38,2792522.66,Two Year,Online Payment,8,19.82,No
C05443,57.0,Female,Batticaloa,57,3641.71,1555550.68,One Year,Credit Card,7,210.71,No
C05444,21.0,Female,Negombo,1,31267.6,72803.28,One Year,Credit Card,0,266.37,No
C05445,69.0,Female,Jaffna,60,26399.38,91400.45,Two Year,Bank Transfer,13,238.85,No
C05446,28.0,Female,Colombo,69,38302.03,995029.65,Two Year,Credit Card,12,147.46,No
C05447,48.0,Male,Colombo,59,38858.94,2346066.37,Month-to-Month,Online Payment,11,81.62,No
C05448,60.0,Male,Negombo,46,48036.83,868342.72,One Year,Credit Card,2,5.02,No
C05449,49.0,Male,Kandy,34,3793.86,1006733.46,Two Year,Online Payment,13,153.33,Yes
C05450,44.0,Female,Kandy,25,2910.48,2354459.84,One Year,Online Payment,13,143.22,No
C05451,47.0,Female,Kandy,42,49372.66,352986.58,Two Year,Online Payment,2,103.93,No
C05452,60.0,Male,Batticaloa,29,32597.55,2541204.82,Month-to-Month,Credit Card,10,173.84,No
C05453,19.0,Male,Kandy,25,36053.16,801048.58,Two Year,Online Payment,5,218.92,Yes
C05454,66.0,Female,Kandy,54,5727.62,158413.1,Month-to-Month,Bank Transfer,3,210.57,No
C05455,26.0,Male,Batticaloa,67,4420.82,356441.41,Month-to-Month,Cash,3,79.71,No
C05456,45.0,Male,Batticaloa,15,8852.43,2857901.89,Two Year,Cash,0,176.01,No
C05457,48.0,Female,Negombo,4,21932.58,1356715.25,Two Year,Bank Transfer,11,45.48,No
C05458,51.0,Male,Galle,38,6398.63,773032.13,Month-to-Month,Cash,9,37.36,Yes
C05459,32.0,Female,Batticaloa,20,22870.35,1566206.5,One Year,Bank Transfer,12,235.97,No
C05460,65.0,Male,Jaffna,23,28515.26,2048628.23,One Year,Credit Card,11,208.43,No
C05461,42.0,Female,Kandy,37,1016.32,959801.23,Month-to-Month,Cash,10,230.61,Yes
C05462,53.0,Female,Galle,62,6598.04,2177187.25,Month-to-Month,Bank Transfer,3,46.59,No
C05463,25.0,Female,Colombo,8,19384.56,760494.89,Two Year,Bank Transfer,0,274.47,No
C05464,26.0,Female,Negombo,37,3613.16,341450.01,Two Year,Online Payment,14,40.8,Yes
C05465,54.0,Female,Galle,45,7542.92,1651376.12,Month-to-Month,Credit Card,4,261.14,No
C05466,65.0,Male,Batticaloa,33,12358.02,457600.43,Month-to-Month,Bank Transfer,12,106.36,No
C05467,62.0,Male,Kandy,7,22050.47,2821752.21,One Year,Cash,2,32.52,No
C05468,56.0,Male,Kandy,22,36027.02,6344.84,One Year,Online Payment,12,86.74,Yes
C05469,49.0,Female,Kandy,5,7501.74,2268309.82,One Year,Online Payment,9,55.25,No
C05470,69.0,Male,Galle,15,37159.97,842022.25,Month-to-Month,Online Payment,4,147.71,No
C05471,34.0,Female,Kandy,21,42897.98,2539030.15,Month-to-Month,Credit Card,13,284.97,Yes
C05472,52.0,Female,Batticaloa,17,32922.46,185151.9,One Year,Bank Transfer,2,99.03,No
C05473,54.0,Male,Galle,56,3142.56,2859236.79,One Year,Credit Card,4,184.02,No
C05474,36.0,Female,Kandy,50,22592.03,308677.68,Two Year,Bank Transfer,3,267.62,No
C05475,61.0,Male,Colombo,7,33343.23,2364708.85,Two Year,Online Payment,8,189.39,No
C05476,46.0,Female,Colombo,50,48947.14,1554439.93,Month-to-Month,Cash,13,109.3,No
C05477,24.0,Female,Jaffna,60,47638.61,1294032.4,Two Year,Cash,5,297.26,No
C05478,45.0,Male,Kandy,7,20389.45,844066.58,Month-to-Month,Credit Card,11,57.04,No
C05479,26.0,Female,Kandy,40,31180.62,2524901.76,Month-to-Month,Online Payment,14,157.45,No
C05480,45.0,Male,Galle,45,44649.94,603255.44,Month-to-Month,Bank Transfer,13,239.21,No
C05481,,Female,Galle,59,41721.27,2165117.62,One Year,Credit Card,9,1.19,Yes
C05482,46.0,Male,Kurunegala,55,24491.67,1340145.99,Two Year,Online Payment,1,210.91,No
C05483,34.0,Female,Kandy,64,13800.83,2995492.55,Two Year,Credit Card,0,80.68,No
C05484,33.0,Male,Jaffna,65,7717.9,1836140.07,Two Year,Cash,0,51.75,No
C05485,40.0,Male,Kandy,54,24911.03,317047.86,Two Year,Online Payment,0,82.98,No
C05486,48.0,Female,Batticaloa,40,36419.45,1261465.96,One Year,Credit Card,8,290.08,Yes
C05487,20.0,Male,Galle,53,48518.72,203565.45,Two Year,Bank Transfer,4,267.69,No
C05488,38.0,Female,Kandy,44,43228.93,860538.62,Two Year,Cash,15,64.91,Yes
C05489,43.0,Female,Galle,63,11007.81,1033233.8,One Year,Bank Transfer,13,35.99,No
C05490,53.0,Male,Kandy,2,36269.13,2560263.94,Two Year,Credit Card,3,109.88,Yes
C05491,59.0,Male,Negombo,21,15165.96,2514772.49,Two Year,Online Payment,9,178.11,No
C05492,54.0,Male,Galle,50,34490.16,39613.87,One Year,Cash,4,260.28,No
C05493,70.0,Male,Jaffna,52,33624.47,1599174.45,One Year,Bank Transfer,8,289.86,No
C05494,39.0,Male,Negombo,9,,674513.55,One Year,Bank Transfer,2,225.59,No
C05495,59.0,Female,Batticaloa,20,12485.04,963678.83,One Year,Online Payment,2,180.1,Yes
C05496,29.0,Male,Kandy,18,6092.95,69845.6,Month-to-Month,Credit Card,11,43.56,No
C05497,59.0,Female,Kurunegala,30,3476.44,2250488.87,One Year,Bank Transfer,1,23.13,Yes
C05498,30.0,Male,Batticaloa,65,43064.1,2852016.38,Two Year,Credit Card,7,179.21,No
C05499,28.0,Male,Galle,24,3442.62,661704.79,Two Year,Credit Card,6,162.18,Yes
C05500,33.0,Male,Negombo,47,5348.32,1028609.74,Two Year,Credit Card,1,253.98,No
C04748,21.0,Female,Batticaloa,13,26447.08,932384.41,One Year,Credit Card,6,93.1,No
C01200,50.0,Male,Colombo,40,19388.01,1221478.45,Month-to-Month,Bank Transfer,12,284.96,No
C05223,65.0,Male,Colombo,46,18688.96,1462750.5,One Year,Online Payment,10,14.34,Yes
C04548,64.0,Female,Jaffna,34,5921.05,2787866.78,One Year,Cash,13,298.64,No
C01863,57.0,Male,Galle,4,11304.47,2887845.58,Month-to-Month,Credit Card,5,298.68,Yes
C03215,47.0,Female,Negombo,53,2802.66,1864303.55,One Year,Cash,5,227.65,No
C00231,66.0,Female,Jaffna,26,26735.69,1314581.24,Two Year,Bank Transfer,12,259.37,No
C00034,44.0,Male,Galle,48,37737.4,1446133.08,Month-to-Month,Credit Card,9,190.53,No
C03472,20.0,Female,Colombo,68,23083.14,413010.01,Two Year,Bank Transfer,13,94.55,No
C03723,46.0,Male,Negombo,31,33103.91,1365529.66,One Year,Cash,4,266.38,No
C00945,40.0,Female,Negombo,39,14299.34,2738290.01,One Year,Cash,0,221.94,No
C01303,25.0,Female,Galle,20,45223.6,1108232.95,Month-to-Month,Bank Transfer,7,61.91,No
C00372,64.0,Female,Colombo,47,43161.1,1795537.42,Two Year,Credit Card,1,93.69,Yes
C00933,22.0,Male,Kandy,2,2574.41,2249219.9,Two Year,Bank Transfer,11,71.1,No
C03910,60.0,Male,Negombo,6,19009.07,243816.71,One Year,Online Payment,9,202.77,No
C01515,42.0,Male,Kandy,57,15522.01,1814932.81,Two Year,Bank Transfer,11,102.91,No
C03455,25.0,Female,Jaffna,57,35007.4,1110917.15,Month-to-Month,Cash,6,244.08,No
C05014,22.0,Male,Jaffna,29,15924.81,2333958.15,One Year,Cash,1,218.97,No
C00009,36.0,Female,Jaffna,29,40652.67,758700.18,Two Year,Bank Transfer,12,252.02,No
C02104,49.0,Male,Jaffna,60,14131.76,508047.38,Two Year,Online Payment,0,177.13,No
C01631,66.0,Male,Kurunegala,17,39862.42,1127028.44,Two Year,Online Payment,2,291.8,No
C02147,37.0,Female,Batticaloa,45,46965.89,1309645.89,Month-to-Month,Cash,3,166.02,No
C03253,34.0,Male,Kurunegala,72,13939.29,2471691.68,Two Year,Online Payment,8,290.02,No
C00590,63.0,Male,Kandy,6,11250.12,1292074.91,Two Year,Online Payment,10,280.7,No
C03308,42.0,Female,Kandy,3,17320.66,2650140.81,Two Year,Bank Transfer,4,84.39,No
C00578,29.0,Female,Jaffna,16,22706.59,2735494.88,Month-to-Month,Online Payment,4,147.41,No
C05290,49.0,Male,Negombo,64,8083.48,1584202.14,Month-to-Month,Bank Transfer,3,65.26,No
C04687,20.0,Female,Colombo,2,10686.52,1211610.58,Two Year,Bank Transfer,11,192.28,No
C00849,34.0,Male,Galle,31,29516.06,285926.01,Month-to-Month,Credit Card,5,272.88,No
C04693,52.0,Male,Batticaloa,17,4994.22,2822789.55,Month-to-Month,Cash,7,26.35,Yes
